Datetime,Open,High,Low,Close,Volume,Dividends,Stock Splits,Capital Gains
2024-12-05 01:00:00+00:00,98.30000305175781,98.3499984741211,98.1500015258789,98.19999694824219,0,0.0,0.0,0.0
2024-12-05 01:05:00+00:00,98.19999694824219,98.25,98.0999984741211,98.1500015258789,180000,0.0,0.0,0.0
2024-12-05 01:10:00+00:00,98.1500015258789,98.1500015258789,97.8499984741211,97.8499984741211,194275,0.0,0.0,0.0
2024-12-05 01:15:00+00:00,97.8499984741211,97.8499984741211,97.6500015258789,97.6500015258789,124800,0.0,0.0,0.0
2024-12-05 01:20:00+00:00,97.69999694824219,97.80000305175781,97.55000305175781,97.80000305175781,119155,0.0,0.0,0.0
2024-12-05 01:25:00+00:00,97.75,97.9000015258789,97.69999694824219,97.69999694824219,82011,0.0,0.0,0.0
2024-12-05 01:30:00+00:00,97.6500015258789,97.75,97.6500015258789,97.75,36879,0.0,0.0,0.0
2024-12-05 01:35:00+00:00,97.75,97.80000305175781,97.75,97.80000305175781,33349,0.0,0.0,0.0
2024-12-05 01:40:00+00:00,97.75,97.80000305175781,97.69999694824219,97.69999694824219,48510,0.0,0.0,0.0
2024-12-05 01:45:00+00:00,97.69999694824219,97.75,97.69999694824219,97.69999694824219,36033,0.0,0.0,0.0
2024-12-05 01:50:00+00:00,97.69999694824219,97.69999694824219,97.5,97.55000305175781,85475,0.0,0.0,0.0
2024-12-05 01:55:00+00:00,97.55000305175781,97.69999694824219,97.55000305175781,97.69999694824219,32899,0.0,0.0,0.0
2024-12-05 02:00:00+00:00,97.55000305175781,97.8499984741211,97.55000305175781,97.80000305175781,150830,0.0,0.0,0.0
2024-12-05 02:05:00+00:00,97.80000305175781,98.0999984741211,97.80000305175781,97.9000015258789,161880,0.0,0.0,0.0
2024-12-05 02:10:00+00:00,98.0999984741211,98.0999984741211,97.94999694824219,97.94999694824219,13890,0.0,0.0,0.0
2024-12-05 02:15:00+00:00,97.94999694824219,98.0,97.9000015258789,98.0,48072,0.0,0.0,0.0
2024-12-05 02:20:00+00:00,98.0,98.0,97.80000305175781,97.8499984741211,17800,0.0,0.0,0.0
2024-12-05 02:25:00+00:00,97.8499984741211,97.94999694824219,97.8499984741211,97.9000015258789,56875,0.0,0.0,0.0
2024-12-05 02:30:00+00:00,98.0,98.05000305175781,98.0,98.0,32304,0.0,0.0,0.0
2024-12-05 02:35:00+00:00,98.0,98.19999694824219,98.0,98.1500015258789,288686,0.0,0.0,0.0
2024-12-05 02:40:00+00:00,98.1500015258789,98.25,98.0999984741211,98.0999984741211,32667,0.0,0.0,0.0
2024-12-05 02:45:00+00:00,98.19999694824219,98.19999694824219,98.1500015258789,98.19999694824219,23783,0.0,0.0,0.0
2024-12-05 02:50:00+00:00,98.0999984741211,98.1500015258789,98.05000305175781,98.0999984741211,19650,0.0,0.0,0.0
2024-12-05 02:55:00+00:00,98.0999984741211,98.0999984741211,98.0,98.0,19706,0.0,0.0,0.0
2024-12-05 03:00:00+00:00,98.0,98.05000305175781,97.94999694824219,98.0,58200,0.0,0.0,0.0
2024-12-05 03:05:00+00:00,97.94999694824219,98.0,97.94999694824219,98.0,6460,0.0,0.0,0.0
2024-12-05 03:10:00+00:00,98.0,98.0,97.94999694824219,97.94999694824219,69453,0.0,0.0,0.0
2024-12-05 03:15:00+00:00,97.94999694824219,97.94999694824219,97.94999694824219,97.94999694824219,1506,0.0,0.0,0.0
2024-12-05 03:20:00+00:00,97.94999694824219,97.94999694824219,97.9000015258789,97.9000015258789,23762,0.0,0.0,0.0
2024-12-05 03:25:00+00:00,97.9000015258789,98.0,97.9000015258789,97.94999694824219,81356,0.0,0.0,0.0
2024-12-05 03:30:00+00:00,97.94999694824219,98.0999984741211,97.94999694824219,98.05000305175781,64150,0.0,0.0,0.0
2024-12-05 03:35:00+00:00,98.0,98.0999984741211,98.0,98.05000305175781,23292,0.0,0.0,0.0
2024-12-05 03:40:00+00:00,98.05000305175781,98.0999984741211,98.05000305175781,98.0999984741211,47260,0.0,0.0,0.0
2024-12-05 03:45:00+00:00,98.05000305175781,98.05000305175781,98.0,98.0,6077,0.0,0.0,0.0
2024-12-05 03:50:00+00:00,98.0,98.05000305175781,98.0,98.05000305175781,16848,0.0,0.0,0.0
2024-12-05 03:55:00+00:00,98.05000305175781,98.05000305175781,98.05000305175781,98.05000305175781,3795,0.0,0.0,0.0
2024-12-05 04:00:00+00:00,98.0999984741211,98.19999694824219,98.0999984741211,98.1500015258789,93394,0.0,0.0,0.0
2024-12-05 04:05:00+00:00,98.0999984741211,98.0999984741211,98.05000305175781,98.05000305175781,3432,0.0,0.0,0.0
2024-12-05 04:10:00+00:00,98.0,98.0,97.94999694824219,98.0,39872,0.0,0.0,0.0
2024-12-05 04:15:00+00:00,98.0,98.0,97.94999694824219,97.94999694824219,3763,0.0,0.0,0.0
2024-12-05 04:20:00+00:00,97.94999694824219,98.0999984741211,97.94999694824219,98.0999984741211,70435,0.0,0.0,0.0
2024-12-05 04:25:00+00:00,98.0999984741211,98.25,98.0999984741211,98.25,121606,0.0,0.0,0.0
2024-12-05 04:30:00+00:00,98.25,98.30000305175781,98.19999694824219,98.25,81147,0.0,0.0,0.0
2024-12-05 04:35:00+00:00,98.25,98.25,98.0999984741211,98.0999984741211,7000,0.0,0.0,0.0
2024-12-05 04:40:00+00:00,98.0999984741211,98.0999984741211,98.05000305175781,98.0999984741211,13976,0.0,0.0,0.0
2024-12-05 04:45:00+00:00,98.0999984741211,98.0999984741211,98.0,98.0,15206,0.0,0.0,0.0
2024-12-05 04:50:00+00:00,98.0,98.1500015258789,98.0,98.05000305175781,29747,0.0,0.0,0.0
2024-12-05 04:55:00+00:00,98.05000305175781,98.05000305175781,97.9000015258789,97.94999694824219,29312,0.0,0.0,0.0
2024-12-05 05:00:00+00:00,97.9000015258789,97.94999694824219,97.9000015258789,97.94999694824219,21812,0.0,0.0,0.0
2024-12-05 05:05:00+00:00,97.94999694824219,98.05000305175781,97.94999694824219,98.0,129827,0.0,0.0,0.0
2024-12-05 05:10:00+00:00,98.0,98.05000305175781,98.0,98.05000305175781,146853,0.0,0.0,0.0
2024-12-05 05:15:00+00:00,98.05000305175781,98.1500015258789,98.0,98.0,80770,0.0,0.0,0.0
2024-12-05 05:20:00+00:00,98.0,98.0,97.9000015258789,97.94999694824219,87166,0.0,0.0,0.0
2024-12-06 01:00:00+00:00,98.1500015258789,98.30000305175781,98.0999984741211,98.0999984741211,0,0.0,0.0,0.0
2024-12-06 01:05:00+00:00,98.1500015258789,98.1500015258789,97.75,97.75,238472,0.0,0.0,0.0
2024-12-06 01:10:00+00:00,97.80000305175781,98.30000305175781,97.80000305175781,98.30000305175781,234115,0.0,0.0,0.0
2024-12-06 01:15:00+00:00,98.30000305175781,98.44999694824219,98.25,98.30000305175781,150633,0.0,0.0,0.0
2024-12-06 01:20:00+00:00,98.25,98.25,98.05000305175781,98.1500015258789,40938,0.0,0.0,0.0
2024-12-06 01:25:00+00:00,98.1500015258789,98.19999694824219,98.05000305175781,98.05000305175781,42912,0.0,0.0,0.0
2024-12-06 01:30:00+00:00,98.05000305175781,98.30000305175781,98.05000305175781,98.19999694824219,60242,0.0,0.0,0.0
2024-12-06 01:35:00+00:00,98.19999694824219,98.5,98.1500015258789,98.44999694824219,165604,0.0,0.0,0.0
2024-12-06 01:40:00+00:00,98.4000015258789,98.4000015258789,98.0999984741211,98.0999984741211,28520,0.0,0.0,0.0
2024-12-06 01:45:00+00:00,98.0999984741211,98.0999984741211,97.5999984741211,97.5999984741211,174697,0.0,0.0,0.0
2024-12-06 01:50:00+00:00,97.6500015258789,97.80000305175781,97.6500015258789,97.69999694824219,87103,0.0,0.0,0.0
2024-12-06 01:55:00+00:00,97.6500015258789,97.75,97.5,97.75,91568,0.0,0.0,0.0
2024-12-06 02:00:00+00:00,97.75,97.75,97.5,97.5,201178,0.0,0.0,0.0
2024-12-06 02:05:00+00:00,97.5,97.9000015258789,97.5,97.9000015258789,81932,0.0,0.0,0.0
2024-12-06 02:10:00+00:00,97.8499984741211,98.0,97.8499984741211,97.9000015258789,52124,0.0,0.0,0.0
2024-12-06 02:15:00+00:00,97.9000015258789,98.05000305175781,97.9000015258789,98.05000305175781,46198,0.0,0.0,0.0
2024-12-06 02:20:00+00:00,98.05000305175781,98.05000305175781,97.80000305175781,97.80000305175781,7204,0.0,0.0,0.0
2024-12-06 02:25:00+00:00,97.69999694824219,98.0,97.69999694824219,98.0,44450,0.0,0.0,0.0
2024-12-06 02:30:00+00:00,97.94999694824219,97.94999694824219,97.80000305175781,97.94999694824219,19436,0.0,0.0,0.0
2024-12-06 02:35:00+00:00,97.9000015258789,97.9000015258789,97.75,97.75,42400,0.0,0.0,0.0
2024-12-06 02:40:00+00:00,97.6500015258789,97.80000305175781,97.6500015258789,97.80000305175781,24600,0.0,0.0,0.0
2024-12-06 02:45:00+00:00,97.80000305175781,97.8499984741211,97.69999694824219,97.69999694824219,21214,0.0,0.0,0.0
2024-12-06 02:50:00+00:00,97.69999694824219,97.69999694824219,97.6500015258789,97.6500015258789,31921,0.0,0.0,0.0
2024-12-06 02:55:00+00:00,97.6500015258789,97.6500015258789,97.55000305175781,97.5999984741211,52308,0.0,0.0,0.0
2024-12-06 03:00:00+00:00,97.5999984741211,97.5999984741211,97.5,97.55000305175781,94753,0.0,0.0,0.0
2024-12-06 03:05:00+00:00,97.55000305175781,97.6500015258789,97.55000305175781,97.6500015258789,7775,0.0,0.0,0.0
2024-12-06 03:10:00+00:00,97.6500015258789,97.69999694824219,97.5999984741211,97.69999694824219,14383,0.0,0.0,0.0
2024-12-06 03:15:00+00:00,97.5999984741211,97.5999984741211,97.5999984741211,97.5999984741211,27123,0.0,0.0,0.0
2024-12-06 03:20:00+00:00,97.55000305175781,97.55000305175781,97.5,97.55000305175781,18220,0.0,0.0,0.0
2024-12-06 03:25:00+00:00,97.55000305175781,97.6500015258789,97.5,97.55000305175781,329767,0.0,0.0,0.0
2024-12-06 03:30:00+00:00,97.5999984741211,97.69999694824219,97.5999984741211,97.69999694824219,52217,0.0,0.0,0.0
2024-12-06 03:35:00+00:00,97.75,97.80000305175781,97.75,97.80000305175781,46965,0.0,0.0,0.0
2024-12-06 03:40:00+00:00,97.69999694824219,97.80000305175781,97.69999694824219,97.75,9590,0.0,0.0,0.0
2024-12-06 03:45:00+00:00,97.69999694824219,97.69999694824219,97.55000305175781,97.55000305175781,15028,0.0,0.0,0.0
2024-12-06 03:50:00+00:00,97.5999984741211,97.5999984741211,97.5,97.5,17872,0.0,0.0,0.0
2024-12-06 03:55:00+00:00,97.5,97.5,97.1500015258789,97.25,472617,0.0,0.0,0.0
2024-12-06 04:00:00+00:00,97.19999694824219,97.25,97.1500015258789,97.25,71752,0.0,0.0,0.0
2024-12-06 04:05:00+00:00,97.25,97.30000305175781,97.25,97.25,31833,0.0,0.0,0.0
2024-12-06 04:10:00+00:00,97.3499984741211,97.3499984741211,97.19999694824219,97.19999694824219,39767,0.0,0.0,0.0
2024-12-06 04:15:00+00:00,97.19999694824219,97.19999694824219,97.0,97.05000305175781,59249,0.0,0.0,0.0
2024-12-06 04:20:00+00:00,97.05000305175781,97.0999984741211,96.94999694824219,96.94999694824219,114917,0.0,0.0,0.0
2024-12-06 04:25:00+00:00,96.94999694824219,96.94999694824219,96.80000305175781,96.8499984741211,152652,0.0,0.0,0.0
2024-12-06 04:30:00+00:00,96.80000305175781,96.8499984741211,96.69999694824219,96.8499984741211,75812,0.0,0.0,0.0
2024-12-06 04:35:00+00:00,96.8499984741211,96.94999694824219,96.80000305175781,96.94999694824219,63076,0.0,0.0,0.0
2024-12-06 04:40:00+00:00,96.94999694824219,96.94999694824219,96.8499984741211,96.8499984741211,16378,0.0,0.0,0.0
2024-12-06 04:45:00+00:00,96.9000015258789,97.19999694824219,96.80000305175781,97.19999694824219,90016,0.0,0.0,0.0
2024-12-06 04:50:00+00:00,97.19999694824219,97.25,97.19999694824219,97.19999694824219,73796,0.0,0.0,0.0
2024-12-06 04:55:00+00:00,97.19999694824219,97.4000015258789,97.19999694824219,97.3499984741211,47813,0.0,0.0,0.0
2024-12-06 05:00:00+00:00,97.4000015258789,97.55000305175781,97.3499984741211,97.5,50476,0.0,0.0,0.0
2024-12-06 05:05:00+00:00,97.55000305175781,97.6500015258789,97.55000305175781,97.55000305175781,31931,0.0,0.0,0.0
2024-12-06 05:10:00+00:00,97.55000305175781,97.5999984741211,97.55000305175781,97.55000305175781,60280,0.0,0.0,0.0
2024-12-06 05:15:00+00:00,97.55000305175781,97.5999984741211,97.30000305175781,97.30000305175781,102982,0.0,0.0,0.0
2024-12-06 05:20:00+00:00,97.3499984741211,97.5,97.3499984741211,97.44999694824219,203614,0.0,0.0,0.0
2024-12-09 01:00:00+00:00,97.9000015258789,97.9000015258789,97.55000305175781,97.6500015258789,0,0.0,0.0,0.0
2024-12-09 01:05:00+00:00,97.55000305175781,97.69999694824219,97.5,97.69999694824219,45868,0.0,0.0,0.0
2024-12-09 01:10:00+00:00,97.69999694824219,97.9000015258789,97.5999984741211,97.9000015258789,62410,0.0,0.0,0.0
2024-12-09 01:15:00+00:00,97.8499984741211,98.0,97.6500015258789,97.6500015258789,112468,0.0,0.0,0.0
2024-12-09 01:20:00+00:00,97.75,97.80000305175781,97.6500015258789,97.6500015258789,147776,0.0,0.0,0.0
2024-12-09 01:25:00+00:00,97.75,97.75,97.6500015258789,97.69999694824219,16961,0.0,0.0,0.0
2024-12-09 01:30:00+00:00,97.5999984741211,97.69999694824219,97.55000305175781,97.55000305175781,23369,0.0,0.0,0.0
2024-12-09 01:35:00+00:00,97.5999984741211,97.80000305175781,97.5999984741211,97.80000305175781,72708,0.0,0.0,0.0
2024-12-09 01:40:00+00:00,97.6500015258789,97.6500015258789,97.4000015258789,97.44999694824219,69425,0.0,0.0,0.0
2024-12-09 01:45:00+00:00,97.4000015258789,97.4000015258789,97.3499984741211,97.3499984741211,34650,0.0,0.0,0.0
2024-12-09 01:50:00+00:00,97.30000305175781,97.5,97.30000305175781,97.5,23176,0.0,0.0,0.0
2024-12-09 01:55:00+00:00,97.5,97.5,97.4000015258789,97.5,20431,0.0,0.0,0.0
2024-12-09 02:00:00+00:00,97.5,97.6500015258789,97.5,97.6500015258789,17081,0.0,0.0,0.0
2024-12-09 02:05:00+00:00,97.6500015258789,97.69999694824219,97.6500015258789,97.69999694824219,25516,0.0,0.0,0.0
2024-12-09 02:10:00+00:00,97.69999694824219,97.75,97.69999694824219,97.75,20290,0.0,0.0,0.0
2024-12-09 02:15:00+00:00,97.69999694824219,97.80000305175781,97.69999694824219,97.75,36643,0.0,0.0,0.0
2024-12-09 02:20:00+00:00,97.75,97.94999694824219,97.75,97.8499984741211,40063,0.0,0.0,0.0
2024-12-09 02:25:00+00:00,97.8499984741211,97.9000015258789,97.80000305175781,97.8499984741211,7248,0.0,0.0,0.0
2024-12-09 02:30:00+00:00,97.80000305175781,97.80000305175781,97.75,97.80000305175781,35297,0.0,0.0,0.0
2024-12-09 02:35:00+00:00,97.75,97.9000015258789,97.69999694824219,97.9000015258789,178718,0.0,0.0,0.0
2024-12-09 02:40:00+00:00,97.9000015258789,97.9000015258789,97.75,97.75,42055,0.0,0.0,0.0
2024-12-09 02:45:00+00:00,97.75,97.80000305175781,97.69999694824219,97.69999694824219,49845,0.0,0.0,0.0
2024-12-09 02:50:00+00:00,97.69999694824219,97.69999694824219,97.5999984741211,97.5999984741211,3189,0.0,0.0,0.0
2024-12-09 02:55:00+00:00,97.5999984741211,97.5999984741211,97.5999984741211,97.5999984741211,5510,0.0,0.0,0.0
2024-12-09 03:00:00+00:00,97.55000305175781,97.6500015258789,97.55000305175781,97.6500015258789,9568,0.0,0.0,0.0
2024-12-09 03:05:00+00:00,97.5999984741211,97.6500015258789,97.5,97.6500015258789,23001,0.0,0.0,0.0
2024-12-09 03:10:00+00:00,97.6500015258789,97.6500015258789,97.44999694824219,97.5,11062,0.0,0.0,0.0
2024-12-09 03:15:00+00:00,97.4000015258789,97.5,97.19999694824219,97.5,95959,0.0,0.0,0.0
2024-12-09 03:20:00+00:00,97.55000305175781,97.55000305175781,97.4000015258789,97.4000015258789,23000,0.0,0.0,0.0
2024-12-09 03:25:00+00:00,97.4000015258789,97.4000015258789,97.4000015258789,97.4000015258789,5200,0.0,0.0,0.0
2024-12-09 03:30:00+00:00,97.5,97.55000305175781,97.5,97.55000305175781,5416,0.0,0.0,0.0
2024-12-09 03:35:00+00:00,97.5999984741211,97.5999984741211,97.5,97.5,7052,0.0,0.0,0.0
2024-12-09 03:40:00+00:00,97.44999694824219,97.44999694824219,97.44999694824219,97.44999694824219,1100,0.0,0.0,0.0
2024-12-09 03:45:00+00:00,97.4000015258789,97.4000015258789,97.25,97.25,37644,0.0,0.0,0.0
2024-12-09 03:50:00+00:00,97.30000305175781,97.3499984741211,97.30000305175781,97.3499984741211,5707,0.0,0.0,0.0
2024-12-09 03:55:00+00:00,97.30000305175781,97.3499984741211,97.25,97.3499984741211,69000,0.0,0.0,0.0
2024-12-09 04:00:00+00:00,97.44999694824219,97.44999694824219,97.4000015258789,97.4000015258789,3075,0.0,0.0,0.0
2024-12-09 04:05:00+00:00,97.4000015258789,97.4000015258789,97.30000305175781,97.30000305175781,2658,0.0,0.0,0.0
2024-12-09 04:10:00+00:00,97.3499984741211,97.4000015258789,97.3499984741211,97.4000015258789,10129,0.0,0.0,0.0
2024-12-09 04:15:00+00:00,97.44999694824219,97.55000305175781,97.44999694824219,97.55000305175781,69450,0.0,0.0,0.0
2024-12-09 04:20:00+00:00,97.55000305175781,97.55000305175781,97.5,97.5,9123,0.0,0.0,0.0
2024-12-09 04:25:00+00:00,97.5,97.55000305175781,97.4000015258789,97.4000015258789,46594,0.0,0.0,0.0
2024-12-09 04:30:00+00:00,97.4000015258789,97.44999694824219,97.4000015258789,97.44999694824219,5430,0.0,0.0,0.0
2024-12-09 04:35:00+00:00,97.4000015258789,97.44999694824219,97.3499984741211,97.3499984741211,29590,0.0,0.0,0.0
2024-12-09 04:40:00+00:00,97.3499984741211,97.3499984741211,97.19999694824219,97.19999694824219,51223,0.0,0.0,0.0
2024-12-09 04:45:00+00:00,97.1500015258789,97.25,97.1500015258789,97.1500015258789,20492,0.0,0.0,0.0
2024-12-09 04:50:00+00:00,97.19999694824219,97.25,97.19999694824219,97.25,31990,0.0,0.0,0.0
2024-12-09 04:55:00+00:00,97.19999694824219,97.25,97.19999694824219,97.25,28280,0.0,0.0,0.0
2024-12-09 05:00:00+00:00,97.25,97.44999694824219,97.25,97.44999694824219,51716,0.0,0.0,0.0
2024-12-09 05:05:00+00:00,97.44999694824219,97.5,97.44999694824219,97.5,80928,0.0,0.0,0.0
2024-12-09 05:10:00+00:00,97.5,97.55000305175781,97.5,97.5,19211,0.0,0.0,0.0
2024-12-09 05:15:00+00:00,97.5,97.5,97.4000015258789,97.44999694824219,23859,0.0,0.0,0.0
2024-12-09 05:20:00+00:00,97.44999694824219,97.44999694824219,97.30000305175781,97.30000305175781,35213,0.0,0.0,0.0
2024-12-10 01:00:00+00:00,97.75,98.05000305175781,97.75,98.05000305175781,0,0.0,0.0,0.0
2024-12-10 01:05:00+00:00,98.0999984741211,98.4000015258789,98.0999984741211,98.30000305175781,489117,0.0,0.0,0.0
2024-12-10 01:10:00+00:00,98.30000305175781,98.30000305175781,98.0999984741211,98.0999984741211,159025,0.0,0.0,0.0
2024-12-10 01:15:00+00:00,98.1500015258789,98.1500015258789,97.9000015258789,98.0,70833,0.0,0.0,0.0
2024-12-10 01:20:00+00:00,98.0,98.0,97.9000015258789,97.94999694824219,27807,0.0,0.0,0.0
2024-12-10 01:25:00+00:00,97.9000015258789,97.9000015258789,97.75,97.75,42812,0.0,0.0,0.0
2024-12-10 01:30:00+00:00,97.69999694824219,97.69999694824219,97.4000015258789,97.4000015258789,113112,0.0,0.0,0.0
2024-12-10 01:35:00+00:00,97.4000015258789,97.44999694824219,96.9000015258789,96.9000015258789,179115,0.0,0.0,0.0
2024-12-10 01:40:00+00:00,97.0,97.0,96.5999984741211,96.9000015258789,144808,0.0,0.0,0.0
2024-12-10 01:45:00+00:00,96.8499984741211,97.0,96.6500015258789,96.6500015258789,100969,0.0,0.0,0.0
2024-12-10 01:50:00+00:00,96.69999694824219,96.8499984741211,96.5999984741211,96.6500015258789,95531,0.0,0.0,0.0
2024-12-10 01:55:00+00:00,96.69999694824219,96.75,96.5999984741211,96.75,16769,0.0,0.0,0.0
2024-12-10 02:00:00+00:00,96.75,96.75,96.5,96.5,138322,0.0,0.0,0.0
2024-12-10 02:05:00+00:00,96.5,96.80000305175781,96.44999694824219,96.80000305175781,64016,0.0,0.0,0.0
2024-12-10 02:10:00+00:00,96.80000305175781,96.9000015258789,96.80000305175781,96.80000305175781,48741,0.0,0.0,0.0
2024-12-10 02:15:00+00:00,96.80000305175781,96.94999694824219,96.80000305175781,96.94999694824219,16230,0.0,0.0,0.0
2024-12-10 02:20:00+00:00,96.9000015258789,96.94999694824219,96.75,96.75,34685,0.0,0.0,0.0
2024-12-10 02:25:00+00:00,96.69999694824219,96.75,96.55000305175781,96.55000305175781,57673,0.0,0.0,0.0
2024-12-10 02:30:00+00:00,96.5999984741211,96.80000305175781,96.5999984741211,96.75,12332,0.0,0.0,0.0
2024-12-10 02:35:00+00:00,96.6500015258789,96.75,96.6500015258789,96.6500015258789,13518,0.0,0.0,0.0
2024-12-10 02:40:00+00:00,96.5999984741211,96.80000305175781,96.5999984741211,96.80000305175781,27738,0.0,0.0,0.0
2024-12-10 02:45:00+00:00,96.75,96.75,96.5999984741211,96.5999984741211,22318,0.0,0.0,0.0
2024-12-10 02:50:00+00:00,96.5999984741211,96.6500015258789,96.5999984741211,96.5999984741211,27689,0.0,0.0,0.0
2024-12-10 02:55:00+00:00,96.5999984741211,96.5999984741211,96.5999984741211,96.5999984741211,6649,0.0,0.0,0.0
2024-12-10 03:00:00+00:00,96.5999984741211,96.69999694824219,96.5999984741211,96.6500015258789,80320,0.0,0.0,0.0
2024-12-10 03:05:00+00:00,96.6500015258789,96.69999694824219,96.6500015258789,96.69999694824219,7477,0.0,0.0,0.0
2024-12-10 03:10:00+00:00,96.6500015258789,96.69999694824219,96.55000305175781,96.69999694824219,17260,0.0,0.0,0.0
2024-12-10 03:15:00+00:00,96.5999984741211,96.5999984741211,96.4000015258789,96.4000015258789,67481,0.0,0.0,0.0
2024-12-10 03:20:00+00:00,96.4000015258789,96.69999694824219,96.4000015258789,96.6500015258789,54112,0.0,0.0,0.0
2024-12-10 03:25:00+00:00,96.55000305175781,96.55000305175781,96.44999694824219,96.44999694824219,17377,0.0,0.0,0.0
2024-12-10 03:30:00+00:00,96.4000015258789,96.4000015258789,96.1500015258789,96.1500015258789,133590,0.0,0.0,0.0
2024-12-10 03:35:00+00:00,96.19999694824219,96.25,96.0999984741211,96.0999984741211,39832,0.0,0.0,0.0
2024-12-10 03:40:00+00:00,96.1500015258789,96.30000305175781,96.0999984741211,96.30000305175781,49436,0.0,0.0,0.0
2024-12-10 03:45:00+00:00,96.3499984741211,96.3499984741211,96.25,96.3499984741211,19775,0.0,0.0,0.0
2024-12-10 03:50:00+00:00,96.5,96.5999984741211,96.5,96.55000305175781,33718,0.0,0.0,0.0
2024-12-10 03:55:00+00:00,96.44999694824219,96.55000305175781,96.44999694824219,96.55000305175781,6235,0.0,0.0,0.0
2024-12-10 04:00:00+00:00,96.5,96.5,96.44999694824219,96.44999694824219,5351,0.0,0.0,0.0
2024-12-10 04:05:00+00:00,96.4000015258789,96.44999694824219,96.4000015258789,96.44999694824219,15305,0.0,0.0,0.0
2024-12-10 04:10:00+00:00,96.44999694824219,96.5,96.44999694824219,96.5,2663,0.0,0.0,0.0
2024-12-10 04:15:00+00:00,96.5,96.5,96.44999694824219,96.44999694824219,15420,0.0,0.0,0.0
2024-12-10 04:20:00+00:00,96.5,96.6500015258789,96.5,96.6500015258789,20882,0.0,0.0,0.0
2024-12-10 04:25:00+00:00,96.6500015258789,96.69999694824219,96.5,96.5999984741211,22061,0.0,0.0,0.0
2024-12-10 04:30:00+00:00,96.44999694824219,96.44999694824219,96.4000015258789,96.4000015258789,8284,0.0,0.0,0.0
2024-12-10 04:35:00+00:00,96.4000015258789,96.4000015258789,96.4000015258789,96.4000015258789,9335,0.0,0.0,0.0
2024-12-10 04:40:00+00:00,96.3499984741211,96.4000015258789,96.3499984741211,96.3499984741211,14863,0.0,0.0,0.0
2024-12-10 04:45:00+00:00,96.30000305175781,96.30000305175781,96.25,96.30000305175781,39400,0.0,0.0,0.0
2024-12-10 04:50:00+00:00,96.25,96.30000305175781,96.25,96.30000305175781,9625,0.0,0.0,0.0
2024-12-10 04:55:00+00:00,96.30000305175781,96.30000305175781,96.25,96.30000305175781,114407,0.0,0.0,0.0
2024-12-10 05:00:00+00:00,96.30000305175781,96.3499984741211,96.30000305175781,96.3499984741211,104958,0.0,0.0,0.0
2024-12-10 05:05:00+00:00,96.3499984741211,96.5,96.3499984741211,96.4000015258789,21991,0.0,0.0,0.0
2024-12-10 05:10:00+00:00,96.4000015258789,96.44999694824219,96.3499984741211,96.3499984741211,71799,0.0,0.0,0.0
2024-12-10 05:15:00+00:00,96.4000015258789,96.5,96.3499984741211,96.3499984741211,84145,0.0,0.0,0.0
2024-12-10 05:20:00+00:00,96.30000305175781,96.4000015258789,96.1500015258789,96.1500015258789,120180,0.0,0.0,0.0
2024-12-11 01:00:00+00:00,95.05000305175781,95.25,95.0,95.0999984741211,0,0.0,0.0,0.0
2024-12-11 01:05:00+00:00,95.0999984741211,95.19999694824219,94.8499984741211,95.0,375000,0.0,0.0,0.0
2024-12-11 01:10:00+00:00,94.94999694824219,95.3499984741211,94.94999694824219,95.3499984741211,253829,0.0,0.0,0.0
2024-12-11 01:15:00+00:00,95.3499984741211,95.3499984741211,95.0999984741211,95.0999984741211,74282,0.0,0.0,0.0
2024-12-11 01:20:00+00:00,95.05000305175781,95.0999984741211,94.9000015258789,94.9000015258789,138039,0.0,0.0,0.0
2024-12-11 01:25:00+00:00,94.9000015258789,95.0,94.9000015258789,94.94999694824219,124498,0.0,0.0,0.0
2024-12-11 01:30:00+00:00,95.0,95.25,95.0,95.25,95504,0.0,0.0,0.0
2024-12-11 01:35:00+00:00,95.30000305175781,95.5,95.25,95.5,122638,0.0,0.0,0.0
2024-12-11 01:40:00+00:00,95.5,95.75,95.5,95.75,200011,0.0,0.0,0.0
2024-12-11 01:45:00+00:00,95.80000305175781,95.9000015258789,95.6500015258789,95.9000015258789,114944,0.0,0.0,0.0
2024-12-11 01:50:00+00:00,95.9000015258789,96.1500015258789,95.8499984741211,96.1500015258789,152670,0.0,0.0,0.0
2024-12-11 01:55:00+00:00,96.0999984741211,96.0999984741211,95.9000015258789,96.0,52749,0.0,0.0,0.0
2024-12-11 02:00:00+00:00,96.0,96.0,95.69999694824219,95.75,32469,0.0,0.0,0.0
2024-12-11 02:05:00+00:00,95.75,95.9000015258789,95.69999694824219,95.80000305175781,53921,0.0,0.0,0.0
2024-12-11 02:10:00+00:00,95.9000015258789,95.94999694824219,95.9000015258789,95.94999694824219,9929,0.0,0.0,0.0
2024-12-11 02:15:00+00:00,95.94999694824219,95.94999694824219,95.5999984741211,95.5999984741211,38899,0.0,0.0,0.0
2024-12-11 02:20:00+00:00,95.55000305175781,95.55000305175781,95.30000305175781,95.30000305175781,75709,0.0,0.0,0.0
2024-12-11 02:25:00+00:00,95.30000305175781,95.4000015258789,95.25,95.4000015258789,25627,0.0,0.0,0.0
2024-12-11 02:30:00+00:00,95.4000015258789,95.4000015258789,95.30000305175781,95.3499984741211,51596,0.0,0.0,0.0
2024-12-11 02:35:00+00:00,95.3499984741211,95.3499984741211,95.30000305175781,95.30000305175781,14254,0.0,0.0,0.0
2024-12-11 02:40:00+00:00,95.3499984741211,95.4000015258789,95.3499984741211,95.4000015258789,7103,0.0,0.0,0.0
2024-12-11 02:45:00+00:00,95.3499984741211,95.4000015258789,95.3499984741211,95.4000015258789,10580,0.0,0.0,0.0
2024-12-11 02:50:00+00:00,95.5,95.5999984741211,95.44999694824219,95.5999984741211,5220,0.0,0.0,0.0
2024-12-11 02:55:00+00:00,95.6500015258789,95.6500015258789,95.55000305175781,95.55000305175781,9475,0.0,0.0,0.0
2024-12-11 03:00:00+00:00,95.55000305175781,95.55000305175781,95.5,95.5,7572,0.0,0.0,0.0
2024-12-11 03:05:00+00:00,95.55000305175781,95.5999984741211,95.4000015258789,95.4000015258789,36851,0.0,0.0,0.0
2024-12-11 03:10:00+00:00,95.4000015258789,95.4000015258789,95.3499984741211,95.3499984741211,7378,0.0,0.0,0.0
2024-12-11 03:15:00+00:00,95.3499984741211,95.3499984741211,95.30000305175781,95.30000305175781,9508,0.0,0.0,0.0
2024-12-11 03:20:00+00:00,95.5,95.5,95.5,95.5,3313,0.0,0.0,0.0
2024-12-11 03:25:00+00:00,95.44999694824219,95.44999694824219,95.3499984741211,95.3499984741211,17982,0.0,0.0,0.0
2024-12-11 03:30:00+00:00,95.3499984741211,95.3499984741211,95.30000305175781,95.3499984741211,6200,0.0,0.0,0.0
2024-12-11 03:35:00+00:00,95.4000015258789,95.4000015258789,95.3499984741211,95.3499984741211,5020,0.0,0.0,0.0
2024-12-11 03:40:00+00:00,95.30000305175781,95.30000305175781,95.30000305175781,95.30000305175781,29255,0.0,0.0,0.0
2024-12-11 03:45:00+00:00,95.3499984741211,95.4000015258789,95.3499984741211,95.4000015258789,15002,0.0,0.0,0.0
2024-12-11 03:50:00+00:00,95.5,95.5999984741211,95.5,95.5999984741211,9332,0.0,0.0,0.0
2024-12-11 03:55:00+00:00,95.5,95.5,95.3499984741211,95.3499984741211,61426,0.0,0.0,0.0
2024-12-11 04:00:00+00:00,95.3499984741211,95.3499984741211,95.1500015258789,95.30000305175781,71317,0.0,0.0,0.0
2024-12-11 04:05:00+00:00,95.19999694824219,95.19999694824219,95.1500015258789,95.19999694824219,11325,0.0,0.0,0.0
2024-12-11 04:10:00+00:00,95.1500015258789,95.1500015258789,95.0999984741211,95.1500015258789,40589,0.0,0.0,0.0
2024-12-11 04:15:00+00:00,95.1500015258789,95.1500015258789,95.05000305175781,95.05000305175781,46762,0.0,0.0,0.0
2024-12-11 04:20:00+00:00,95.05000305175781,95.05000305175781,94.8499984741211,94.8499984741211,240218,0.0,0.0,0.0
2024-12-11 04:25:00+00:00,94.8499984741211,94.8499984741211,94.6500015258789,94.69999694824219,193472,0.0,0.0,0.0
2024-12-11 04:30:00+00:00,94.69999694824219,94.75,94.69999694824219,94.69999694824219,124488,0.0,0.0,0.0
2024-12-11 04:35:00+00:00,94.69999694824219,94.75,94.6500015258789,94.6500015258789,80432,0.0,0.0,0.0
2024-12-11 04:40:00+00:00,94.6500015258789,94.6500015258789,94.5,94.5,168313,0.0,0.0,0.0
2024-12-11 04:45:00+00:00,94.44999694824219,94.55000305175781,94.44999694824219,94.5,55696,0.0,0.0,0.0
2024-12-11 04:50:00+00:00,94.5,94.69999694824219,94.5,94.6500015258789,35289,0.0,0.0,0.0
2024-12-11 04:55:00+00:00,94.5999984741211,94.80000305175781,94.5999984741211,94.69999694824219,45912,0.0,0.0,0.0
2024-12-11 05:00:00+00:00,94.75,94.9000015258789,94.5999984741211,94.9000015258789,46108,0.0,0.0,0.0
2024-12-11 05:05:00+00:00,94.9000015258789,94.94999694824219,94.9000015258789,94.9000015258789,15288,0.0,0.0,0.0
2024-12-11 05:10:00+00:00,94.9000015258789,94.94999694824219,94.80000305175781,94.80000305175781,28786,0.0,0.0,0.0
2024-12-11 05:15:00+00:00,94.80000305175781,94.80000305175781,94.6500015258789,94.6500015258789,53263,0.0,0.0,0.0
2024-12-11 05:20:00+00:00,94.6500015258789,94.69999694824219,94.5999984741211,94.69999694824219,68906,0.0,0.0,0.0
2024-12-12 01:00:00+00:00,96.5999984741211,97.0,96.5999984741211,96.80000305175781,0,0.0,0.0,0.0
2024-12-12 01:05:00+00:00,96.69999694824219,96.9000015258789,96.6500015258789,96.8499984741211,158000,0.0,0.0,0.0
2024-12-12 01:10:00+00:00,96.9000015258789,97.05000305175781,96.8499984741211,96.9000015258789,179074,0.0,0.0,0.0
2024-12-12 01:15:00+00:00,96.9000015258789,97.0999984741211,96.9000015258789,96.94999694824219,149298,0.0,0.0,0.0
2024-12-12 01:20:00+00:00,97.0,97.3499984741211,97.0,97.30000305175781,240146,0.0,0.0,0.0
2024-12-12 01:25:00+00:00,97.30000305175781,97.4000015258789,97.19999694824219,97.25,121737,0.0,0.0,0.0
2024-12-12 01:30:00+00:00,97.25,97.30000305175781,96.94999694824219,97.05000305175781,72914,0.0,0.0,0.0
2024-12-12 01:35:00+00:00,97.05000305175781,97.0999984741211,97.0,97.0,28888,0.0,0.0,0.0
2024-12-12 01:40:00+00:00,97.0,97.3499984741211,97.0,97.3499984741211,116543,0.0,0.0,0.0
2024-12-12 01:45:00+00:00,97.3499984741211,97.3499984741211,97.05000305175781,97.05000305175781,61130,0.0,0.0,0.0
2024-12-12 01:50:00+00:00,97.0,97.0,96.44999694824219,96.6500015258789,407019,0.0,0.0,0.0
2024-12-12 01:55:00+00:00,96.55000305175781,96.6500015258789,96.55000305175781,96.5999984741211,42851,0.0,0.0,0.0
2024-12-12 02:00:00+00:00,96.5999984741211,96.75,96.5999984741211,96.6500015258789,86120,0.0,0.0,0.0
2024-12-12 02:05:00+00:00,96.69999694824219,96.69999694824219,96.5,96.69999694824219,18437,0.0,0.0,0.0
2024-12-12 02:10:00+00:00,96.69999694824219,96.80000305175781,96.69999694824219,96.75,22296,0.0,0.0,0.0
2024-12-12 02:15:00+00:00,96.69999694824219,96.69999694824219,96.5999984741211,96.5999984741211,36043,0.0,0.0,0.0
2024-12-12 02:20:00+00:00,96.5999984741211,96.5999984741211,96.55000305175781,96.5999984741211,4758,0.0,0.0,0.0
2024-12-12 02:25:00+00:00,96.5999984741211,96.75,96.5999984741211,96.75,40869,0.0,0.0,0.0
2024-12-12 02:30:00+00:00,96.75,96.80000305175781,96.69999694824219,96.80000305175781,15549,0.0,0.0,0.0
2024-12-12 02:35:00+00:00,96.80000305175781,96.8499984741211,96.80000305175781,96.8499984741211,12510,0.0,0.0,0.0
2024-12-12 02:40:00+00:00,96.80000305175781,96.80000305175781,96.80000305175781,96.80000305175781,31597,0.0,0.0,0.0
2024-12-12 02:45:00+00:00,96.75,96.75,96.5,96.55000305175781,13206,0.0,0.0,0.0
2024-12-12 02:50:00+00:00,96.5,96.5,96.30000305175781,96.4000015258789,99274,0.0,0.0,0.0
2024-12-12 02:55:00+00:00,96.44999694824219,96.69999694824219,96.3499984741211,96.69999694824219,57942,0.0,0.0,0.0
2024-12-12 03:00:00+00:00,96.75,97.0,96.75,97.0,59492,0.0,0.0,0.0
2024-12-12 03:05:00+00:00,96.9000015258789,96.9000015258789,96.9000015258789,96.9000015258789,7910,0.0,0.0,0.0
2024-12-12 03:10:00+00:00,96.94999694824219,96.94999694824219,96.8499984741211,96.8499984741211,5170,0.0,0.0,0.0
2024-12-12 03:15:00+00:00,96.8499984741211,96.9000015258789,96.80000305175781,96.80000305175781,20820,0.0,0.0,0.0
2024-12-12 03:20:00+00:00,96.9000015258789,96.9000015258789,96.80000305175781,96.80000305175781,4010,0.0,0.0,0.0
2024-12-12 03:25:00+00:00,96.69999694824219,96.69999694824219,96.5,96.55000305175781,22063,0.0,0.0,0.0
2024-12-12 03:30:00+00:00,96.55000305175781,96.55000305175781,96.55000305175781,96.55000305175781,4253,0.0,0.0,0.0
2024-12-12 03:35:00+00:00,96.5999984741211,96.5999984741211,96.4000015258789,96.44999694824219,17816,0.0,0.0,0.0
2024-12-12 03:40:00+00:00,96.4000015258789,96.5,96.3499984741211,96.5,31297,0.0,0.0,0.0
2024-12-12 03:45:00+00:00,96.5,96.5,96.4000015258789,96.5,13063,0.0,0.0,0.0
2024-12-12 03:50:00+00:00,96.44999694824219,96.44999694824219,96.4000015258789,96.4000015258789,17377,0.0,0.0,0.0
2024-12-12 03:55:00+00:00,96.4000015258789,96.5,96.4000015258789,96.5,8520,0.0,0.0,0.0
2024-12-12 04:00:00+00:00,96.55000305175781,96.5999984741211,96.5,96.5,10555,0.0,0.0,0.0
2024-12-12 04:05:00+00:00,96.5,96.5,96.5,96.5,1020,0.0,0.0,0.0
2024-12-12 04:10:00+00:00,96.5,96.69999694824219,96.5,96.5999984741211,18537,0.0,0.0,0.0
2024-12-12 04:15:00+00:00,96.6500015258789,96.6500015258789,96.5999984741211,96.5999984741211,7562,0.0,0.0,0.0
2024-12-12 04:20:00+00:00,96.55000305175781,96.6500015258789,96.55000305175781,96.55000305175781,32003,0.0,0.0,0.0
2024-12-12 04:25:00+00:00,96.5999984741211,96.69999694824219,96.5999984741211,96.6500015258789,8250,0.0,0.0,0.0
2024-12-12 04:30:00+00:00,96.5999984741211,96.5999984741211,96.55000305175781,96.55000305175781,3929,0.0,0.0,0.0
2024-12-12 04:35:00+00:00,96.5,96.5999984741211,96.5,96.5999984741211,24565,0.0,0.0,0.0
2024-12-12 04:40:00+00:00,96.5999984741211,96.6500015258789,96.55000305175781,96.6500015258789,32356,0.0,0.0,0.0
2024-12-12 04:45:00+00:00,96.6500015258789,96.6500015258789,96.6500015258789,96.6500015258789,1335,0.0,0.0,0.0
2024-12-12 04:50:00+00:00,96.55000305175781,96.55000305175781,96.5,96.5,8814,0.0,0.0,0.0
2024-12-12 04:55:00+00:00,96.5,96.5,96.44999694824219,96.44999694824219,12222,0.0,0.0,0.0
2024-12-12 05:00:00+00:00,96.44999694824219,96.55000305175781,96.44999694824219,96.44999694824219,51350,0.0,0.0,0.0
2024-12-12 05:05:00+00:00,96.5,96.5,96.4000015258789,96.44999694824219,16000,0.0,0.0,0.0
2024-12-12 05:10:00+00:00,96.44999694824219,96.55000305175781,96.44999694824219,96.55000305175781,20464,0.0,0.0,0.0
2024-12-12 05:15:00+00:00,96.5,96.5,96.3499984741211,96.3499984741211,40538,0.0,0.0,0.0
2024-12-12 05:20:00+00:00,96.3499984741211,96.44999694824219,96.3499984741211,96.44999694824219,55165,0.0,0.0,0.0
2024-12-13 01:00:00+00:00,95.8499984741211,95.8499984741211,95.55000305175781,95.55000305175781,0,0.0,0.0,0.0
2024-12-13 01:05:00+00:00,95.5,95.6500015258789,95.19999694824219,95.55000305175781,183000,0.0,0.0,0.0
2024-12-13 01:10:00+00:00,95.69999694824219,95.75,95.5999984741211,95.75,67907,0.0,0.0,0.0
2024-12-13 01:15:00+00:00,95.69999694824219,95.80000305175781,95.6500015258789,95.69999694824219,48654,0.0,0.0,0.0
2024-12-13 01:20:00+00:00,95.69999694824219,95.69999694824219,95.5,95.5,25853,0.0,0.0,0.0
2024-12-13 01:25:00+00:00,95.55000305175781,95.5999984741211,95.44999694824219,95.44999694824219,32756,0.0,0.0,0.0
2024-12-13 01:30:00+00:00,95.44999694824219,95.6500015258789,95.44999694824219,95.6500015258789,25363,0.0,0.0,0.0
2024-12-13 01:35:00+00:00,95.69999694824219,95.69999694824219,95.5,95.5,9540,0.0,0.0,0.0
2024-12-13 01:40:00+00:00,95.55000305175781,95.69999694824219,95.5,95.69999694824219,14618,0.0,0.0,0.0
2024-12-13 01:45:00+00:00,95.69999694824219,95.75,95.5999984741211,95.5999984741211,13813,0.0,0.0,0.0
2024-12-13 01:50:00+00:00,95.55000305175781,95.5999984741211,95.5,95.5,21718,0.0,0.0,0.0
2024-12-13 01:55:00+00:00,95.5,95.55000305175781,95.44999694824219,95.5,21145,0.0,0.0,0.0
2024-12-13 02:00:00+00:00,95.5,95.5,95.25,95.25,90035,0.0,0.0,0.0
2024-12-13 02:05:00+00:00,95.19999694824219,95.30000305175781,95.0999984741211,95.0999984741211,79143,0.0,0.0,0.0
2024-12-13 02:10:00+00:00,95.0999984741211,95.19999694824219,94.94999694824219,95.19999694824219,140080,0.0,0.0,0.0
2024-12-13 02:15:00+00:00,95.1500015258789,95.25,95.1500015258789,95.1500015258789,31161,0.0,0.0,0.0
2024-12-13 02:20:00+00:00,95.1500015258789,96.0,95.1500015258789,96.0,157469,0.0,0.0,0.0
2024-12-13 02:25:00+00:00,95.9000015258789,96.25,95.80000305175781,96.19999694824219,129035,0.0,0.0,0.0
2024-12-13 02:30:00+00:00,96.1500015258789,96.30000305175781,96.0999984741211,96.19999694824219,164570,0.0,0.0,0.0
2024-12-13 02:35:00+00:00,96.1500015258789,96.4000015258789,96.05000305175781,96.05000305175781,83355,0.0,0.0,0.0
2024-12-13 02:40:00+00:00,96.0999984741211,96.19999694824219,95.9000015258789,95.9000015258789,24473,0.0,0.0,0.0
2024-12-13 02:45:00+00:00,96.0,96.0999984741211,96.0,96.0999984741211,2317,0.0,0.0,0.0
2024-12-13 02:50:00+00:00,96.05000305175781,96.25,96.0,96.25,22841,0.0,0.0,0.0
2024-12-13 02:55:00+00:00,96.30000305175781,96.44999694824219,96.25,96.25,47779,0.0,0.0,0.0
2024-12-13 03:00:00+00:00,96.25,96.25,96.0999984741211,96.0999984741211,15242,0.0,0.0,0.0
2024-12-13 03:05:00+00:00,96.0999984741211,96.19999694824219,96.0,96.0,48552,0.0,0.0,0.0
2024-12-13 03:10:00+00:00,96.0,96.0,95.9000015258789,95.9000015258789,37364,0.0,0.0,0.0
2024-12-13 03:15:00+00:00,95.9000015258789,95.9000015258789,95.8499984741211,95.9000015258789,8504,0.0,0.0,0.0
2024-12-13 03:20:00+00:00,95.94999694824219,96.0,95.94999694824219,95.94999694824219,11202,0.0,0.0,0.0
2024-12-13 03:25:00+00:00,95.94999694824219,95.94999694824219,95.9000015258789,95.9000015258789,2200,0.0,0.0,0.0
2024-12-13 03:30:00+00:00,95.9000015258789,96.0,95.9000015258789,96.0,11940,0.0,0.0,0.0
2024-12-13 03:35:00+00:00,96.0999984741211,96.30000305175781,96.0999984741211,96.30000305175781,17503,0.0,0.0,0.0
2024-12-13 03:40:00+00:00,96.25,96.25,96.1500015258789,96.19999694824219,9110,0.0,0.0,0.0
2024-12-13 03:45:00+00:00,96.19999694824219,96.19999694824219,96.19999694824219,96.19999694824219,2210,0.0,0.0,0.0
2024-12-13 03:50:00+00:00,96.19999694824219,96.25,96.19999694824219,96.19999694824219,33506,0.0,0.0,0.0
2024-12-13 03:55:00+00:00,96.1500015258789,96.1500015258789,96.05000305175781,96.05000305175781,8476,0.0,0.0,0.0
2024-12-13 04:00:00+00:00,96.1500015258789,96.1500015258789,96.1500015258789,96.1500015258789,6112,0.0,0.0,0.0
2024-12-13 04:05:00+00:00,96.1500015258789,96.1500015258789,96.0999984741211,96.1500015258789,11055,0.0,0.0,0.0
2024-12-13 04:10:00+00:00,96.1500015258789,96.1500015258789,96.05000305175781,96.05000305175781,6564,0.0,0.0,0.0
2024-12-13 04:15:00+00:00,96.05000305175781,96.05000305175781,96.05000305175781,96.05000305175781,11062,0.0,0.0,0.0
2024-12-13 04:20:00+00:00,96.0,96.05000305175781,96.0,96.05000305175781,8532,0.0,0.0,0.0
2024-12-13 04:25:00+00:00,96.05000305175781,96.05000305175781,95.94999694824219,95.94999694824219,28908,0.0,0.0,0.0
2024-12-13 04:30:00+00:00,95.8499984741211,95.9000015258789,95.8499984741211,95.9000015258789,9311,0.0,0.0,0.0
2024-12-13 04:35:00+00:00,95.94999694824219,96.0,95.75,95.75,80876,0.0,0.0,0.0
2024-12-13 04:40:00+00:00,95.69999694824219,95.80000305175781,95.69999694824219,95.75,15252,0.0,0.0,0.0
2024-12-13 04:45:00+00:00,95.80000305175781,95.9000015258789,95.80000305175781,95.9000015258789,21769,0.0,0.0,0.0
2024-12-13 04:50:00+00:00,95.94999694824219,95.94999694824219,95.94999694824219,95.94999694824219,8705,0.0,0.0,0.0
2024-12-13 04:55:00+00:00,95.94999694824219,95.94999694824219,95.9000015258789,95.9000015258789,24457,0.0,0.0,0.0
2024-12-13 05:00:00+00:00,95.94999694824219,95.94999694824219,95.9000015258789,95.9000015258789,8125,0.0,0.0,0.0
2024-12-13 05:05:00+00:00,95.9000015258789,95.94999694824219,95.9000015258789,95.94999694824219,16982,0.0,0.0,0.0
2024-12-13 05:10:00+00:00,95.94999694824219,95.94999694824219,95.9000015258789,95.9000015258789,5256,0.0,0.0,0.0
2024-12-13 05:15:00+00:00,95.94999694824219,95.94999694824219,95.8499984741211,95.8499984741211,47892,0.0,0.0,0.0
2024-12-13 05:20:00+00:00,95.8499984741211,95.94999694824219,95.8499984741211,95.9000015258789,32787,0.0,0.0,0.0
2024-12-16 01:00:00+00:00,97.75,97.9000015258789,97.69999694824219,97.80000305175781,0,0.0,0.0,0.0
2024-12-16 01:05:00+00:00,97.80000305175781,97.8499984741211,97.44999694824219,97.44999694824219,121784,0.0,0.0,0.0
2024-12-16 01:10:00+00:00,97.44999694824219,97.75,97.3499984741211,97.44999694824219,175678,0.0,0.0,0.0
2024-12-16 01:15:00+00:00,97.4000015258789,97.44999694824219,97.1500015258789,97.30000305175781,93945,0.0,0.0,0.0
2024-12-16 01:20:00+00:00,97.25,97.25,97.05000305175781,97.1500015258789,110404,0.0,0.0,0.0
2024-12-16 01:25:00+00:00,97.1500015258789,97.25,97.1500015258789,97.1500015258789,64309,0.0,0.0,0.0
2024-12-16 01:30:00+00:00,97.0999984741211,97.19999694824219,97.0999984741211,97.0999984741211,18749,0.0,0.0,0.0
2024-12-16 01:35:00+00:00,97.0999984741211,97.0999984741211,96.9000015258789,96.9000015258789,58168,0.0,0.0,0.0
2024-12-16 01:40:00+00:00,96.94999694824219,97.0999984741211,96.8499984741211,97.05000305175781,94914,0.0,0.0,0.0
2024-12-16 01:45:00+00:00,97.0,97.1500015258789,97.0,97.1500015258789,37939,0.0,0.0,0.0
2024-12-16 01:50:00+00:00,97.19999694824219,97.3499984741211,97.19999694824219,97.3499984741211,71901,0.0,0.0,0.0
2024-12-16 01:55:00+00:00,97.3499984741211,97.6500015258789,97.3499984741211,97.5999984741211,152046,0.0,0.0,0.0
2024-12-16 02:00:00+00:00,97.5999984741211,97.5999984741211,97.3499984741211,97.44999694824219,53010,0.0,0.0,0.0
2024-12-16 02:05:00+00:00,97.4000015258789,97.44999694824219,97.4000015258789,97.44999694824219,16836,0.0,0.0,0.0
2024-12-16 02:10:00+00:00,97.44999694824219,97.44999694824219,97.4000015258789,97.4000015258789,6050,0.0,0.0,0.0
2024-12-16 02:15:00+00:00,97.44999694824219,97.44999694824219,97.19999694824219,97.19999694824219,26195,0.0,0.0,0.0
2024-12-16 02:20:00+00:00,97.19999694824219,97.19999694824219,96.9000015258789,96.94999694824219,31844,0.0,0.0,0.0
2024-12-16 02:25:00+00:00,96.9000015258789,96.9000015258789,96.80000305175781,96.80000305175781,33493,0.0,0.0,0.0
2024-12-16 02:30:00+00:00,96.75,96.9000015258789,96.69999694824219,96.9000015258789,49867,0.0,0.0,0.0
2024-12-16 02:35:00+00:00,96.9000015258789,96.9000015258789,96.69999694824219,96.75,58190,0.0,0.0,0.0
2024-12-16 02:40:00+00:00,96.75,96.94999694824219,96.75,96.9000015258789,39662,0.0,0.0,0.0
2024-12-16 02:45:00+00:00,96.9000015258789,96.94999694824219,96.9000015258789,96.9000015258789,11177,0.0,0.0,0.0
2024-12-16 02:50:00+00:00,96.8499984741211,96.9000015258789,96.75,96.9000015258789,16548,0.0,0.0,0.0
2024-12-16 02:55:00+00:00,96.80000305175781,96.80000305175781,96.5999984741211,96.5999984741211,45195,0.0,0.0,0.0
2024-12-16 03:00:00+00:00,96.5999984741211,96.6500015258789,96.5999984741211,96.5999984741211,11592,0.0,0.0,0.0
2024-12-16 03:05:00+00:00,96.55000305175781,96.6500015258789,96.55000305175781,96.55000305175781,30639,0.0,0.0,0.0
2024-12-16 03:10:00+00:00,96.55000305175781,96.6500015258789,96.5,96.6500015258789,42050,0.0,0.0,0.0
2024-12-16 03:15:00+00:00,96.55000305175781,96.55000305175781,96.4000015258789,96.4000015258789,31840,0.0,0.0,0.0
2024-12-16 03:20:00+00:00,96.4000015258789,96.44999694824219,96.3499984741211,96.4000015258789,53134,0.0,0.0,0.0
2024-12-16 03:25:00+00:00,96.4000015258789,96.44999694824219,96.30000305175781,96.30000305175781,24000,0.0,0.0,0.0
2024-12-16 03:30:00+00:00,96.30000305175781,96.30000305175781,96.19999694824219,96.19999694824219,26471,0.0,0.0,0.0
2024-12-16 03:35:00+00:00,96.19999694824219,96.25,95.9000015258789,95.94999694824219,124882,0.0,0.0,0.0
2024-12-16 03:40:00+00:00,95.94999694824219,96.1500015258789,95.94999694824219,96.05000305175781,47194,0.0,0.0,0.0
2024-12-16 03:45:00+00:00,96.0,96.05000305175781,95.80000305175781,95.80000305175781,58127,0.0,0.0,0.0
2024-12-16 03:50:00+00:00,95.80000305175781,95.80000305175781,95.6500015258789,95.6500015258789,47518,0.0,0.0,0.0
2024-12-16 03:55:00+00:00,95.5999984741211,95.69999694824219,95.55000305175781,95.69999694824219,38442,0.0,0.0,0.0
2024-12-16 04:00:00+00:00,95.69999694824219,95.8499984741211,95.69999694824219,95.8499984741211,16365,0.0,0.0,0.0
2024-12-16 04:05:00+00:00,95.8499984741211,95.8499984741211,95.75,95.75,27239,0.0,0.0,0.0
2024-12-16 04:10:00+00:00,95.69999694824219,95.69999694824219,95.6500015258789,95.6500015258789,11657,0.0,0.0,0.0
2024-12-16 04:15:00+00:00,95.6500015258789,95.6500015258789,95.4000015258789,95.4000015258789,78202,0.0,0.0,0.0
2024-12-16 04:20:00+00:00,95.44999694824219,95.69999694824219,95.44999694824219,95.69999694824219,13041,0.0,0.0,0.0
2024-12-16 04:25:00+00:00,95.6500015258789,95.69999694824219,95.55000305175781,95.6500015258789,28042,0.0,0.0,0.0
2024-12-16 04:30:00+00:00,95.69999694824219,95.8499984741211,95.6500015258789,95.8499984741211,91602,0.0,0.0,0.0
2024-12-16 04:35:00+00:00,95.9000015258789,95.94999694824219,95.80000305175781,95.80000305175781,39231,0.0,0.0,0.0
2024-12-16 04:40:00+00:00,95.80000305175781,95.80000305175781,95.75,95.75,9965,0.0,0.0,0.0
2024-12-16 04:45:00+00:00,95.80000305175781,95.80000305175781,95.75,95.75,5706,0.0,0.0,0.0
2024-12-16 04:50:00+00:00,95.75,95.75,95.5999984741211,95.6500015258789,20633,0.0,0.0,0.0
2024-12-16 04:55:00+00:00,95.6500015258789,95.6500015258789,95.5999984741211,95.5999984741211,64732,0.0,0.0,0.0
2024-12-16 05:00:00+00:00,95.5999984741211,95.5999984741211,95.55000305175781,95.55000305175781,44240,0.0,0.0,0.0
2024-12-16 05:05:00+00:00,95.55000305175781,95.6500015258789,95.55000305175781,95.6500015258789,73709,0.0,0.0,0.0
2024-12-16 05:10:00+00:00,95.6500015258789,95.6500015258789,95.5,95.5,22790,0.0,0.0,0.0
2024-12-16 05:15:00+00:00,95.5,95.5,95.44999694824219,95.5,142298,0.0,0.0,0.0
2024-12-16 05:20:00+00:00,95.55000305175781,95.5999984741211,95.4000015258789,95.44999694824219,118912,0.0,0.0,0.0
2024-12-17 01:00:00+00:00,96.55000305175781,96.69999694824219,96.44999694824219,96.55000305175781,0,0.0,0.0,0.0
2024-12-17 01:05:00+00:00,96.55000305175781,96.8499984741211,96.5,96.80000305175781,204000,0.0,0.0,0.0
2024-12-17 01:10:00+00:00,96.75,96.94999694824219,96.69999694824219,96.9000015258789,112906,0.0,0.0,0.0
2024-12-17 01:15:00+00:00,96.9000015258789,97.0999984741211,96.9000015258789,96.94999694824219,214678,0.0,0.0,0.0
2024-12-17 01:20:00+00:00,96.9000015258789,97.30000305175781,96.9000015258789,97.19999694824219,236545,0.0,0.0,0.0
2024-12-17 01:25:00+00:00,97.1500015258789,97.19999694824219,97.0999984741211,97.19999694824219,155079,0.0,0.0,0.0
2024-12-17 01:30:00+00:00,97.19999694824219,97.30000305175781,97.19999694824219,97.25,69020,0.0,0.0,0.0
2024-12-17 01:35:00+00:00,97.19999694824219,97.25,97.1500015258789,97.1500015258789,126562,0.0,0.0,0.0
2024-12-17 01:40:00+00:00,97.1500015258789,97.19999694824219,97.0,97.19999694824219,103495,0.0,0.0,0.0
2024-12-17 01:45:00+00:00,97.19999694824219,97.3499984741211,97.19999694824219,97.30000305175781,133534,0.0,0.0,0.0
2024-12-17 01:50:00+00:00,97.30000305175781,97.3499984741211,97.25,97.25,67929,0.0,0.0,0.0
2024-12-17 01:55:00+00:00,97.19999694824219,97.19999694824219,96.9000015258789,97.0,63948,0.0,0.0,0.0
2024-12-17 02:00:00+00:00,97.0,97.0,96.9000015258789,96.9000015258789,21656,0.0,0.0,0.0
2024-12-17 02:05:00+00:00,96.9000015258789,96.9000015258789,96.8499984741211,96.9000015258789,22381,0.0,0.0,0.0
2024-12-17 02:10:00+00:00,96.94999694824219,97.05000305175781,96.94999694824219,97.05000305175781,136968,0.0,0.0,0.0
2024-12-17 02:15:00+00:00,97.05000305175781,97.1500015258789,96.94999694824219,97.0,31569,0.0,0.0,0.0
2024-12-17 02:20:00+00:00,96.94999694824219,97.05000305175781,96.9000015258789,96.9000015258789,70731,0.0,0.0,0.0
2024-12-17 02:25:00+00:00,96.8499984741211,96.8499984741211,96.5999984741211,96.6500015258789,57988,0.0,0.0,0.0
2024-12-17 02:30:00+00:00,96.5999984741211,96.5999984741211,96.55000305175781,96.5999984741211,170433,0.0,0.0,0.0
2024-12-17 02:35:00+00:00,96.69999694824219,96.75,96.5999984741211,96.5999984741211,18300,0.0,0.0,0.0
2024-12-17 02:40:00+00:00,96.55000305175781,96.5999984741211,96.44999694824219,96.5999984741211,44028,0.0,0.0,0.0
2024-12-17 02:45:00+00:00,96.5999984741211,96.80000305175781,96.5999984741211,96.5999984741211,16159,0.0,0.0,0.0
2024-12-17 02:50:00+00:00,96.5999984741211,96.5999984741211,96.5,96.5999984741211,18381,0.0,0.0,0.0
2024-12-17 02:55:00+00:00,96.5999984741211,96.5999984741211,96.44999694824219,96.44999694824219,21543,0.0,0.0,0.0
2024-12-17 03:00:00+00:00,96.4000015258789,96.4000015258789,96.25,96.30000305175781,37205,0.0,0.0,0.0
2024-12-17 03:05:00+00:00,96.3499984741211,96.44999694824219,96.3499984741211,96.44999694824219,34740,0.0,0.0,0.0
2024-12-17 03:10:00+00:00,96.3499984741211,96.44999694824219,96.3499984741211,96.44999694824219,3256,0.0,0.0,0.0
2024-12-17 03:15:00+00:00,96.44999694824219,96.5,96.44999694824219,96.5,4120,0.0,0.0,0.0
2024-12-17 03:20:00+00:00,96.4000015258789,96.5,96.4000015258789,96.5,27560,0.0,0.0,0.0
2024-12-17 03:25:00+00:00,96.5,96.5999984741211,96.5,96.5999984741211,2427,0.0,0.0,0.0
2024-12-17 03:30:00+00:00,96.5999984741211,96.5999984741211,96.55000305175781,96.55000305175781,3886,0.0,0.0,0.0
2024-12-17 03:35:00+00:00,96.5999984741211,96.5999984741211,96.5999984741211,96.5999984741211,11597,0.0,0.0,0.0
2024-12-17 03:40:00+00:00,96.5999984741211,96.5999984741211,96.5999984741211,96.5999984741211,7490,0.0,0.0,0.0
2024-12-17 03:45:00+00:00,96.55000305175781,96.6500015258789,96.55000305175781,96.5999984741211,32690,0.0,0.0,0.0
2024-12-17 03:50:00+00:00,96.5999984741211,96.5999984741211,96.5,96.5,28744,0.0,0.0,0.0
2024-12-17 03:55:00+00:00,96.44999694824219,96.44999694824219,96.3499984741211,96.3499984741211,18336,0.0,0.0,0.0
2024-12-17 04:00:00+00:00,96.3499984741211,96.3499984741211,96.25,96.30000305175781,19375,0.0,0.0,0.0
2024-12-17 04:05:00+00:00,96.30000305175781,96.5999984741211,96.30000305175781,96.5999984741211,14565,0.0,0.0,0.0
2024-12-17 04:10:00+00:00,96.5,96.5,96.44999694824219,96.44999694824219,4110,0.0,0.0,0.0
2024-12-17 04:15:00+00:00,96.30000305175781,96.30000305175781,96.25,96.30000305175781,39138,0.0,0.0,0.0
2024-12-17 04:20:00+00:00,96.25,96.30000305175781,96.25,96.30000305175781,27250,0.0,0.0,0.0
2024-12-17 04:25:00+00:00,96.4000015258789,96.4000015258789,96.3499984741211,96.3499984741211,30909,0.0,0.0,0.0
2024-12-17 04:30:00+00:00,96.3499984741211,96.3499984741211,96.3499984741211,96.3499984741211,5460,0.0,0.0,0.0
2024-12-17 04:35:00+00:00,96.4000015258789,96.4000015258789,96.4000015258789,96.4000015258789,27531,0.0,0.0,0.0
2024-12-17 04:40:00+00:00,96.4000015258789,96.4000015258789,96.4000015258789,96.4000015258789,4361,0.0,0.0,0.0
2024-12-17 04:45:00+00:00,96.3499984741211,96.3499984741211,96.3499984741211,96.3499984741211,2024,0.0,0.0,0.0
2024-12-17 04:50:00+00:00,96.3499984741211,96.44999694824219,96.3499984741211,96.4000015258789,12732,0.0,0.0,0.0
2024-12-17 04:55:00+00:00,96.4000015258789,96.44999694824219,96.3499984741211,96.3499984741211,23987,0.0,0.0,0.0
2024-12-17 05:00:00+00:00,96.3499984741211,96.44999694824219,96.3499984741211,96.4000015258789,3978,0.0,0.0,0.0
2024-12-17 05:05:00+00:00,96.30000305175781,96.4000015258789,96.30000305175781,96.30000305175781,26060,0.0,0.0,0.0
2024-12-17 05:10:00+00:00,96.4000015258789,96.5,96.4000015258789,96.5,53449,0.0,0.0,0.0
2024-12-17 05:15:00+00:00,96.5,96.5,96.44999694824219,96.44999694824219,26980,0.0,0.0,0.0
2024-12-17 05:20:00+00:00,96.4000015258789,96.44999694824219,96.30000305175781,96.30000305175781,132630,0.0,0.0,0.0
2024-12-18 01:00:00+00:00,95.5999984741211,95.5999984741211,95.3499984741211,95.55000305175781,154000,0.0,0.0,0.0
2024-12-18 01:05:00+00:00,95.55000305175781,95.55000305175781,95.1500015258789,95.1500015258789,201000,0.0,0.0,0.0
2024-12-18 01:10:00+00:00,95.1500015258789,95.30000305175781,95.0999984741211,95.19999694824219,63141,0.0,0.0,0.0
2024-12-18 01:15:00+00:00,95.25,95.4000015258789,95.19999694824219,95.19999694824219,62186,0.0,0.0,0.0
2024-12-18 01:20:00+00:00,95.19999694824219,95.25,95.1500015258789,95.1500015258789,85033,0.0,0.0,0.0
2024-12-18 01:25:00+00:00,95.19999694824219,95.30000305175781,95.0999984741211,95.30000305175781,53062,0.0,0.0,0.0
2024-12-18 01:30:00+00:00,95.3499984741211,95.3499984741211,95.1500015258789,95.1500015258789,78770,0.0,0.0,0.0
2024-12-18 01:35:00+00:00,95.19999694824219,95.30000305175781,95.19999694824219,95.30000305175781,17540,0.0,0.0,0.0
2024-12-18 01:40:00+00:00,95.3499984741211,95.75,95.30000305175781,95.75,73585,0.0,0.0,0.0
2024-12-18 01:45:00+00:00,95.75,96.0,95.5999984741211,95.9000015258789,42361,0.0,0.0,0.0
2024-12-18 01:50:00+00:00,95.75,95.8499984741211,95.69999694824219,95.69999694824219,23805,0.0,0.0,0.0
2024-12-18 01:55:00+00:00,95.80000305175781,95.94999694824219,95.80000305175781,95.94999694824219,18430,0.0,0.0,0.0
2024-12-18 02:00:00+00:00,96.0,96.0999984741211,96.0,96.05000305175781,37395,0.0,0.0,0.0
2024-12-18 02:05:00+00:00,96.05000305175781,96.0999984741211,96.0,96.0,46286,0.0,0.0,0.0
2024-12-18 02:10:00+00:00,96.0,96.19999694824219,95.94999694824219,96.19999694824219,47630,0.0,0.0,0.0
2024-12-18 02:15:00+00:00,96.19999694824219,96.19999694824219,96.0999984741211,96.0999984741211,24250,0.0,0.0,0.0
2024-12-18 02:20:00+00:00,96.0999984741211,96.1500015258789,96.05000305175781,96.05000305175781,52394,0.0,0.0,0.0
2024-12-18 02:25:00+00:00,96.05000305175781,96.0999984741211,96.05000305175781,96.05000305175781,13046,0.0,0.0,0.0
2024-12-18 02:30:00+00:00,96.0999984741211,96.1500015258789,96.0999984741211,96.0999984741211,19541,0.0,0.0,0.0
2024-12-18 02:35:00+00:00,96.0999984741211,96.1500015258789,96.0,96.0,61377,0.0,0.0,0.0
2024-12-18 02:45:00+00:00,95.94999694824219,95.94999694824219,95.8499984741211,95.8499984741211,7058,0.0,0.0,0.0
2024-12-18 02:50:00+00:00,95.8499984741211,95.94999694824219,95.80000305175781,95.80000305175781,11965,0.0,0.0,0.0
2024-12-18 02:55:00+00:00,95.80000305175781,95.80000305175781,95.80000305175781,95.80000305175781,8666,0.0,0.0,0.0
2024-12-18 03:00:00+00:00,95.9000015258789,95.9000015258789,95.9000015258789,95.9000015258789,6000,0.0,0.0,0.0
2024-12-18 03:05:00+00:00,95.9000015258789,95.9000015258789,95.9000015258789,95.9000015258789,8566,0.0,0.0,0.0
2024-12-18 03:15:00+00:00,95.8499984741211,95.8499984741211,95.8499984741211,95.8499984741211,3460,0.0,0.0,0.0
2024-12-18 03:20:00+00:00,95.80000305175781,95.80000305175781,95.80000305175781,95.80000305175781,1147,0.0,0.0,0.0
2024-12-18 03:25:00+00:00,95.80000305175781,95.80000305175781,95.5999984741211,95.5999984741211,33029,0.0,0.0,0.0
2024-12-18 03:30:00+00:00,95.6500015258789,95.6500015258789,95.4000015258789,95.4000015258789,46277,0.0,0.0,0.0
2024-12-18 03:35:00+00:00,95.5,95.5,95.5,95.5,18050,0.0,0.0,0.0
2024-12-18 03:40:00+00:00,95.5999984741211,95.5999984741211,95.5999984741211,95.5999984741211,12055,0.0,0.0,0.0
2024-12-18 03:45:00+00:00,95.55000305175781,95.55000305175781,95.5,95.55000305175781,4113,0.0,0.0,0.0
2024-12-18 03:50:00+00:00,95.6500015258789,95.6500015258789,95.55000305175781,95.55000305175781,5183,0.0,0.0,0.0
2024-12-18 03:55:00+00:00,95.55000305175781,95.55000305175781,95.55000305175781,95.55000305175781,5000,0.0,0.0,0.0
2024-12-18 04:00:00+00:00,95.5999984741211,95.6500015258789,95.5999984741211,95.6500015258789,7000,0.0,0.0,0.0
2024-12-18 04:05:00+00:00,95.75,95.75,95.75,95.75,9220,0.0,0.0,0.0
2024-12-18 04:10:00+00:00,95.75,95.75,95.75,95.75,4101,0.0,0.0,0.0
2024-12-18 04:15:00+00:00,95.80000305175781,95.94999694824219,95.80000305175781,95.94999694824219,25900,0.0,0.0,0.0
2024-12-18 04:20:00+00:00,95.94999694824219,96.5,95.94999694824219,96.5,91205,0.0,0.0,0.0
2024-12-18 04:25:00+00:00,96.5,96.80000305175781,96.5,96.75,68829,0.0,0.0,0.0
2024-12-18 04:30:00+00:00,96.80000305175781,96.94999694824219,96.69999694824219,96.8499984741211,78700,0.0,0.0,0.0
2024-12-18 04:35:00+00:00,96.8499984741211,96.94999694824219,96.75,96.9000015258789,110070,0.0,0.0,0.0
2024-12-18 04:40:00+00:00,96.9000015258789,97.25,96.9000015258789,97.25,148182,0.0,0.0,0.0
2024-12-18 04:45:00+00:00,97.25,97.25,97.0,97.0,48894,0.0,0.0,0.0
2024-12-18 04:50:00+00:00,97.05000305175781,97.0999984741211,97.05000305175781,97.0999984741211,46667,0.0,0.0,0.0
2024-12-18 04:55:00+00:00,97.0,97.0,96.8499984741211,96.8499984741211,44847,0.0,0.0,0.0
2024-12-18 05:00:00+00:00,96.8499984741211,96.8499984741211,96.44999694824219,96.5,43118,0.0,0.0,0.0
2024-12-18 05:05:00+00:00,96.5,96.5,96.4000015258789,96.4000015258789,16392,0.0,0.0,0.0
2024-12-18 05:10:00+00:00,96.4000015258789,96.5,96.3499984741211,96.3499984741211,48883,0.0,0.0,0.0
2024-12-18 05:15:00+00:00,96.4000015258789,96.4000015258789,96.3499984741211,96.4000015258789,36658,0.0,0.0,0.0
2024-12-18 05:20:00+00:00,96.4000015258789,96.44999694824219,96.3499984741211,96.4000015258789,69817,0.0,0.0,0.0
2024-12-19 01:00:00+00:00,93.9000015258789,94.1500015258789,93.5999984741211,94.1500015258789,0,0.0,0.0,0.0
2024-12-19 01:05:00+00:00,94.0999984741211,94.5,94.05000305175781,94.30000305175781,403000,0.0,0.0,0.0
2024-12-19 01:10:00+00:00,94.30000305175781,94.3499984741211,94.0999984741211,94.1500015258789,220505,0.0,0.0,0.0
2024-12-19 01:15:00+00:00,94.1500015258789,94.5,94.05000305175781,94.3499984741211,183774,0.0,0.0,0.0
2024-12-19 01:20:00+00:00,94.3499984741211,94.3499984741211,94.0999984741211,94.30000305175781,114173,0.0,0.0,0.0
2024-12-19 01:25:00+00:00,94.4000015258789,94.4000015258789,93.80000305175781,93.8499984741211,484448,0.0,0.0,0.0
2024-12-19 01:30:00+00:00,93.8499984741211,93.8499984741211,93.4000015258789,93.5,730951,0.0,0.0,0.0
2024-12-19 01:35:00+00:00,93.5,94.05000305175781,93.5,94.0,59747,0.0,0.0,0.0
2024-12-19 01:40:00+00:00,94.05000305175781,94.19999694824219,94.0,94.1500015258789,145270,0.0,0.0,0.0
2024-12-19 01:45:00+00:00,94.0999984741211,94.19999694824219,93.94999694824219,93.94999694824219,62443,0.0,0.0,0.0
2024-12-19 01:50:00+00:00,93.94999694824219,94.0,93.75,93.75,76334,0.0,0.0,0.0
2024-12-19 01:55:00+00:00,93.75,93.94999694824219,93.75,93.80000305175781,75423,0.0,0.0,0.0
2024-12-19 02:00:00+00:00,93.80000305175781,93.80000305175781,93.6500015258789,93.80000305175781,95627,0.0,0.0,0.0
2024-12-19 02:05:00+00:00,93.80000305175781,94.0,93.80000305175781,94.0,75863,0.0,0.0,0.0
2024-12-19 02:10:00+00:00,94.0,94.1500015258789,94.0,94.0,65920,0.0,0.0,0.0
2024-12-19 02:15:00+00:00,93.94999694824219,94.0,93.94999694824219,93.94999694824219,49889,0.0,0.0,0.0
2024-12-19 02:20:00+00:00,93.9000015258789,94.0999984741211,93.9000015258789,94.0,52429,0.0,0.0,0.0
2024-12-19 02:25:00+00:00,94.0,94.0,94.0,94.0,27259,0.0,0.0,0.0
2024-12-19 02:30:00+00:00,94.05000305175781,94.25,94.05000305175781,94.25,48277,0.0,0.0,0.0
2024-12-19 02:35:00+00:00,94.25,94.3499984741211,94.1500015258789,94.1500015258789,33412,0.0,0.0,0.0
2024-12-19 02:40:00+00:00,94.0999984741211,94.19999694824219,94.0999984741211,94.1500015258789,11776,0.0,0.0,0.0
2024-12-19 02:45:00+00:00,94.1500015258789,94.1500015258789,94.0,94.0999984741211,67256,0.0,0.0,0.0
2024-12-19 02:50:00+00:00,94.1500015258789,94.30000305175781,94.1500015258789,94.19999694824219,69559,0.0,0.0,0.0
2024-12-19 02:55:00+00:00,94.19999694824219,94.19999694824219,94.1500015258789,94.19999694824219,8435,0.0,0.0,0.0
2024-12-19 03:00:00+00:00,94.25,94.25,94.0999984741211,94.0999984741211,22263,0.0,0.0,0.0
2024-12-19 03:05:00+00:00,94.0999984741211,94.0999984741211,93.9000015258789,93.9000015258789,85605,0.0,0.0,0.0
2024-12-19 03:10:00+00:00,93.9000015258789,93.94999694824219,93.80000305175781,93.8499984741211,82715,0.0,0.0,0.0
2024-12-19 03:15:00+00:00,93.8499984741211,93.9000015258789,93.80000305175781,93.9000015258789,12468,0.0,0.0,0.0
2024-12-19 03:20:00+00:00,93.8499984741211,93.8499984741211,93.80000305175781,93.80000305175781,8421,0.0,0.0,0.0
2024-12-19 03:25:00+00:00,93.8499984741211,93.8499984741211,93.5,93.5999984741211,323802,0.0,0.0,0.0
2024-12-19 03:30:00+00:00,93.55000305175781,93.6500015258789,93.5,93.6500015258789,41760,0.0,0.0,0.0
2024-12-19 03:35:00+00:00,93.6500015258789,93.75,93.55000305175781,93.5999984741211,149383,0.0,0.0,0.0
2024-12-19 03:40:00+00:00,93.55000305175781,93.5999984741211,93.5,93.55000305175781,117152,0.0,0.0,0.0
2024-12-19 03:45:00+00:00,93.55000305175781,93.5999984741211,93.5,93.5999984741211,19103,0.0,0.0,0.0
2024-12-19 03:50:00+00:00,93.6500015258789,93.69999694824219,93.5999984741211,93.6500015258789,17932,0.0,0.0,0.0
2024-12-19 03:55:00+00:00,93.6500015258789,93.6500015258789,93.5999984741211,93.6500015258789,9469,0.0,0.0,0.0
2024-12-19 04:00:00+00:00,93.6500015258789,93.69999694824219,93.5999984741211,93.69999694824219,19587,0.0,0.0,0.0
2024-12-19 04:05:00+00:00,93.69999694824219,93.75,93.6500015258789,93.75,16200,0.0,0.0,0.0
2024-12-19 04:10:00+00:00,93.75,93.75,93.5999984741211,93.5999984741211,67090,0.0,0.0,0.0
2024-12-19 04:15:00+00:00,93.6500015258789,93.69999694824219,93.6500015258789,93.69999694824219,4827,0.0,0.0,0.0
2024-12-19 04:20:00+00:00,93.69999694824219,93.8499984741211,93.69999694824219,93.8499984741211,24212,0.0,0.0,0.0
2024-12-19 04:25:00+00:00,93.8499984741211,94.1500015258789,93.8499984741211,94.0999984741211,48234,0.0,0.0,0.0
2024-12-19 04:30:00+00:00,94.0999984741211,94.0999984741211,93.9000015258789,94.0,30384,0.0,0.0,0.0
2024-12-19 04:35:00+00:00,94.0,94.0999984741211,94.0,94.05000305175781,19456,0.0,0.0,0.0
2024-12-19 04:40:00+00:00,94.0,94.0,93.94999694824219,94.0,23439,0.0,0.0,0.0
2024-12-19 04:45:00+00:00,93.9000015258789,94.0,93.9000015258789,93.94999694824219,18207,0.0,0.0,0.0
2024-12-19 04:50:00+00:00,94.0,94.05000305175781,93.94999694824219,94.05000305175781,87516,0.0,0.0,0.0
2024-12-19 04:55:00+00:00,94.05000305175781,94.05000305175781,94.0,94.0,14306,0.0,0.0,0.0
2024-12-19 05:00:00+00:00,94.05000305175781,94.30000305175781,94.05000305175781,94.30000305175781,123145,0.0,0.0,0.0
2024-12-19 05:05:00+00:00,94.25,94.5,94.19999694824219,94.5,92346,0.0,0.0,0.0
2024-12-19 05:10:00+00:00,94.44999694824219,94.44999694824219,94.3499984741211,94.3499984741211,37426,0.0,0.0,0.0
2024-12-19 05:15:00+00:00,94.4000015258789,94.5,94.25,94.5,78724,0.0,0.0,0.0
2024-12-19 05:20:00+00:00,94.3499984741211,94.55000305175781,94.3499984741211,94.44999694824219,135120,0.0,0.0,0.0
2024-12-20 01:00:00+00:00,93.5,93.6500015258789,93.44999694824219,93.5999984741211,0,0.0,0.0,0.0
2024-12-20 01:05:00+00:00,93.5999984741211,93.75,93.5,93.5999984741211,132000,0.0,0.0,0.0
2024-12-20 01:10:00+00:00,93.5999984741211,93.5999984741211,93.25,93.25,272666,0.0,0.0,0.0
2024-12-20 01:15:00+00:00,93.19999694824219,93.4000015258789,93.19999694824219,93.4000015258789,93654,0.0,0.0,0.0
2024-12-20 01:20:00+00:00,93.4000015258789,93.5999984741211,93.4000015258789,93.5999984741211,31640,0.0,0.0,0.0
2024-12-20 01:25:00+00:00,93.5999984741211,93.6500015258789,93.44999694824219,93.44999694824219,57218,0.0,0.0,0.0
2024-12-20 01:30:00+00:00,93.5999984741211,93.69999694824219,93.55000305175781,93.55000305175781,68251,0.0,0.0,0.0
2024-12-20 01:35:00+00:00,93.55000305175781,93.55000305175781,93.55000305175781,93.55000305175781,12173,0.0,0.0,0.0
2024-12-20 01:40:00+00:00,93.55000305175781,93.55000305175781,93.3499984741211,93.3499984741211,73550,0.0,0.0,0.0
2024-12-20 01:45:00+00:00,93.3499984741211,93.3499984741211,92.9000015258789,92.9000015258789,532935,0.0,0.0,0.0
2024-12-20 01:50:00+00:00,92.9000015258789,93.0,92.8499984741211,93.0,106042,0.0,0.0,0.0
2024-12-20 01:55:00+00:00,93.0,93.0999984741211,92.94999694824219,93.0,65265,0.0,0.0,0.0
2024-12-20 02:00:00+00:00,92.94999694824219,92.94999694824219,92.80000305175781,92.8499984741211,113930,0.0,0.0,0.0
2024-12-20 02:05:00+00:00,92.94999694824219,93.0,92.8499984741211,92.9000015258789,78034,0.0,0.0,0.0
2024-12-20 02:10:00+00:00,93.0,93.05000305175781,92.9000015258789,92.9000015258789,28011,0.0,0.0,0.0
2024-12-20 02:15:00+00:00,92.94999694824219,92.94999694824219,92.80000305175781,92.80000305175781,162606,0.0,0.0,0.0
2024-12-20 02:20:00+00:00,92.80000305175781,92.9000015258789,92.75,92.80000305175781,32915,0.0,0.0,0.0
2024-12-20 02:25:00+00:00,92.94999694824219,93.0999984741211,92.94999694824219,93.0999984741211,31815,0.0,0.0,0.0
2024-12-20 02:30:00+00:00,93.1500015258789,93.1500015258789,93.0999984741211,93.0999984741211,12560,0.0,0.0,0.0
2024-12-20 02:35:00+00:00,93.1500015258789,93.4000015258789,93.1500015258789,93.4000015258789,24095,0.0,0.0,0.0
2024-12-20 02:40:00+00:00,93.30000305175781,93.30000305175781,93.25,93.25,22612,0.0,0.0,0.0
2024-12-20 02:45:00+00:00,93.3499984741211,93.3499984741211,93.0999984741211,93.0999984741211,27909,0.0,0.0,0.0
2024-12-20 02:50:00+00:00,93.0999984741211,93.0999984741211,92.9000015258789,92.9000015258789,59412,0.0,0.0,0.0
2024-12-20 02:55:00+00:00,92.8499984741211,92.94999694824219,92.80000305175781,92.94999694824219,43899,0.0,0.0,0.0
2024-12-20 03:00:00+00:00,92.94999694824219,92.94999694824219,92.9000015258789,92.9000015258789,15843,0.0,0.0,0.0
2024-12-20 03:05:00+00:00,92.9000015258789,92.94999694824219,92.8499984741211,92.94999694824219,6363,0.0,0.0,0.0
2024-12-20 03:10:00+00:00,92.8499984741211,92.94999694824219,92.8499984741211,92.8499984741211,57599,0.0,0.0,0.0
2024-12-20 03:15:00+00:00,92.80000305175781,92.80000305175781,92.69999694824219,92.75,138776,0.0,0.0,0.0
2024-12-20 03:20:00+00:00,92.75,92.8499984741211,92.75,92.8499984741211,20293,0.0,0.0,0.0
2024-12-20 03:25:00+00:00,92.8499984741211,92.8499984741211,92.75,92.75,42740,0.0,0.0,0.0
2024-12-20 03:30:00+00:00,92.69999694824219,92.75,92.5999984741211,92.6500015258789,158064,0.0,0.0,0.0
2024-12-20 03:35:00+00:00,92.75,92.8499984741211,92.69999694824219,92.8499984741211,7944,0.0,0.0,0.0
2024-12-20 03:40:00+00:00,92.75,92.75,92.5999984741211,92.5999984741211,80609,0.0,0.0,0.0
2024-12-20 03:45:00+00:00,92.5999984741211,92.5999984741211,92.44999694824219,92.44999694824219,181260,0.0,0.0,0.0
2024-12-20 03:50:00+00:00,92.4000015258789,92.44999694824219,92.3499984741211,92.3499984741211,52589,0.0,0.0,0.0
2024-12-20 03:55:00+00:00,92.4000015258789,92.55000305175781,92.4000015258789,92.5,56181,0.0,0.0,0.0
2024-12-20 04:00:00+00:00,92.44999694824219,92.5999984741211,92.44999694824219,92.5999984741211,14783,0.0,0.0,0.0
2024-12-20 04:05:00+00:00,92.5999984741211,92.5999984741211,92.5,92.5,17972,0.0,0.0,0.0
2024-12-20 04:10:00+00:00,92.55000305175781,92.55000305175781,92.5,92.55000305175781,8232,0.0,0.0,0.0
2024-12-20 04:15:00+00:00,92.5,92.5,92.1500015258789,92.1500015258789,196479,0.0,0.0,0.0
2024-12-20 04:20:00+00:00,92.19999694824219,92.3499984741211,92.1500015258789,92.3499984741211,27495,0.0,0.0,0.0
2024-12-20 04:25:00+00:00,92.3499984741211,92.3499984741211,92.25,92.25,38152,0.0,0.0,0.0
2024-12-20 04:30:00+00:00,92.19999694824219,92.25,92.0999984741211,92.1500015258789,120254,0.0,0.0,0.0
2024-12-20 04:35:00+00:00,92.1500015258789,92.25,92.1500015258789,92.25,33909,0.0,0.0,0.0
2024-12-20 04:40:00+00:00,92.25,92.25,92.19999694824219,92.25,34494,0.0,0.0,0.0
2024-12-20 04:45:00+00:00,92.25,92.44999694824219,92.19999694824219,92.44999694824219,55019,0.0,0.0,0.0
2024-12-20 04:50:00+00:00,92.44999694824219,92.55000305175781,92.4000015258789,92.55000305175781,76912,0.0,0.0,0.0
2024-12-20 04:55:00+00:00,92.55000305175781,93.0,92.55000305175781,93.0,18781,0.0,0.0,0.0
2024-12-20 05:00:00+00:00,93.0,93.05000305175781,92.8499984741211,93.05000305175781,44140,0.0,0.0,0.0
2024-12-20 05:05:00+00:00,93.05000305175781,93.1500015258789,93.05000305175781,93.05000305175781,56021,0.0,0.0,0.0
2024-12-20 05:10:00+00:00,93.0999984741211,93.25,93.0999984741211,93.25,50852,0.0,0.0,0.0
2024-12-20 05:15:00+00:00,93.19999694824219,93.19999694824219,93.05000305175781,93.0999984741211,51300,0.0,0.0,0.0
2024-12-20 05:20:00+00:00,93.0999984741211,93.19999694824219,93.0,93.0,139700,0.0,0.0,0.0
2024-12-23 01:00:00+00:00,94.69999694824219,94.75,94.55000305175781,94.6500015258789,0,0.0,0.0,0.0
2024-12-23 01:05:00+00:00,94.6500015258789,94.75,94.5,94.5999984741211,228951,0.0,0.0,0.0
2024-12-23 01:10:00+00:00,94.6500015258789,95.3499984741211,94.5999984741211,95.25,815409,0.0,0.0,0.0
2024-12-23 01:15:00+00:00,95.30000305175781,95.44999694824219,94.9000015258789,94.9000015258789,183459,0.0,0.0,0.0
2024-12-23 01:20:00+00:00,94.9000015258789,95.0,94.69999694824219,94.8499984741211,109828,0.0,0.0,0.0
2024-12-23 01:25:00+00:00,94.9000015258789,95.1500015258789,94.9000015258789,95.0999984741211,97401,0.0,0.0,0.0
2024-12-23 01:30:00+00:00,95.1500015258789,95.6500015258789,95.1500015258789,95.6500015258789,489716,0.0,0.0,0.0
2024-12-23 01:35:00+00:00,95.6500015258789,95.94999694824219,95.5999984741211,95.6500015258789,290444,0.0,0.0,0.0
2024-12-23 01:40:00+00:00,95.5999984741211,95.94999694824219,95.5999984741211,95.9000015258789,182175,0.0,0.0,0.0
2024-12-23 01:45:00+00:00,95.9000015258789,96.0,95.80000305175781,95.94999694824219,79128,0.0,0.0,0.0
2024-12-23 01:50:00+00:00,95.94999694824219,96.05000305175781,95.9000015258789,95.94999694824219,230620,0.0,0.0,0.0
2024-12-23 01:55:00+00:00,95.94999694824219,96.1500015258789,95.9000015258789,96.0999984741211,185917,0.0,0.0,0.0
2024-12-23 02:00:00+00:00,96.1500015258789,96.1500015258789,96.0,96.05000305175781,40541,0.0,0.0,0.0
2024-12-23 02:05:00+00:00,95.94999694824219,96.1500015258789,95.94999694824219,96.1500015258789,56283,0.0,0.0,0.0
2024-12-23 02:10:00+00:00,96.0999984741211,96.1500015258789,96.0,96.05000305175781,55663,0.0,0.0,0.0
2024-12-23 02:15:00+00:00,96.05000305175781,96.19999694824219,96.05000305175781,96.19999694824219,198016,0.0,0.0,0.0
2024-12-23 02:20:00+00:00,96.19999694824219,96.30000305175781,96.0999984741211,96.1500015258789,76704,0.0,0.0,0.0
2024-12-23 02:25:00+00:00,96.1500015258789,96.19999694824219,96.0999984741211,96.19999694824219,34578,0.0,0.0,0.0
2024-12-23 02:30:00+00:00,96.19999694824219,96.3499984741211,96.19999694824219,96.30000305175781,62522,0.0,0.0,0.0
2024-12-23 02:35:00+00:00,96.30000305175781,96.5,96.25,96.44999694824219,211956,0.0,0.0,0.0
2024-12-23 02:40:00+00:00,96.44999694824219,96.5999984741211,96.44999694824219,96.55000305175781,146555,0.0,0.0,0.0
2024-12-23 02:45:00+00:00,96.5999984741211,96.5999984741211,96.55000305175781,96.55000305175781,70861,0.0,0.0,0.0
2024-12-23 02:50:00+00:00,96.55000305175781,96.5999984741211,96.5,96.5999984741211,116326,0.0,0.0,0.0
2024-12-23 02:55:00+00:00,96.55000305175781,96.75,96.55000305175781,96.69999694824219,172556,0.0,0.0,0.0
2024-12-23 03:00:00+00:00,96.69999694824219,96.69999694824219,96.5,96.5999984741211,23853,0.0,0.0,0.0
2024-12-23 03:05:00+00:00,96.5999984741211,96.6500015258789,96.5999984741211,96.5999984741211,21760,0.0,0.0,0.0
2024-12-23 03:10:00+00:00,96.5999984741211,96.69999694824219,96.5999984741211,96.69999694824219,42505,0.0,0.0,0.0
2024-12-23 03:15:00+00:00,96.69999694824219,96.69999694824219,96.6500015258789,96.6500015258789,118030,0.0,0.0,0.0
2024-12-23 03:20:00+00:00,96.6500015258789,96.75,96.6500015258789,96.6500015258789,214565,0.0,0.0,0.0
2024-12-23 03:25:00+00:00,96.6500015258789,96.6500015258789,96.55000305175781,96.5999984741211,41830,0.0,0.0,0.0
2024-12-23 03:30:00+00:00,96.55000305175781,96.5999984741211,96.55000305175781,96.55000305175781,29398,0.0,0.0,0.0
2024-12-23 03:35:00+00:00,96.5999984741211,96.5999984741211,96.55000305175781,96.55000305175781,36875,0.0,0.0,0.0
2024-12-23 03:40:00+00:00,96.55000305175781,96.5999984741211,96.55000305175781,96.55000305175781,6462,0.0,0.0,0.0
2024-12-23 03:45:00+00:00,96.5999984741211,96.5999984741211,96.55000305175781,96.55000305175781,22343,0.0,0.0,0.0
2024-12-23 03:50:00+00:00,96.55000305175781,96.5999984741211,96.44999694824219,96.44999694824219,12860,0.0,0.0,0.0
2024-12-23 03:55:00+00:00,96.44999694824219,96.5,96.4000015258789,96.4000015258789,29352,0.0,0.0,0.0
2024-12-23 04:00:00+00:00,96.44999694824219,96.5,96.4000015258789,96.4000015258789,25687,0.0,0.0,0.0
2024-12-23 04:05:00+00:00,96.3499984741211,96.44999694824219,96.3499984741211,96.4000015258789,37728,0.0,0.0,0.0
2024-12-23 04:10:00+00:00,96.44999694824219,96.55000305175781,96.44999694824219,96.55000305175781,41005,0.0,0.0,0.0
2024-12-23 04:15:00+00:00,96.55000305175781,96.6500015258789,96.55000305175781,96.6500015258789,62859,0.0,0.0,0.0
2024-12-23 04:20:00+00:00,96.5999984741211,96.5999984741211,96.5999984741211,96.5999984741211,15484,0.0,0.0,0.0
2024-12-23 04:25:00+00:00,96.6500015258789,96.6500015258789,96.5999984741211,96.6500015258789,21085,0.0,0.0,0.0
2024-12-23 04:30:00+00:00,96.6500015258789,96.75,96.5999984741211,96.69999694824219,60885,0.0,0.0,0.0
2024-12-23 04:35:00+00:00,96.69999694824219,96.69999694824219,96.44999694824219,96.5,48120,0.0,0.0,0.0
2024-12-23 04:40:00+00:00,96.5,96.5,96.4000015258789,96.4000015258789,20390,0.0,0.0,0.0
2024-12-23 04:45:00+00:00,96.4000015258789,96.5,96.4000015258789,96.44999694824219,30878,0.0,0.0,0.0
2024-12-23 04:50:00+00:00,96.44999694824219,96.44999694824219,96.44999694824219,96.44999694824219,4179,0.0,0.0,0.0
2024-12-23 04:55:00+00:00,96.44999694824219,96.55000305175781,96.44999694824219,96.55000305175781,39290,0.0,0.0,0.0
2024-12-23 05:00:00+00:00,96.5999984741211,96.80000305175781,96.5999984741211,96.75,110008,0.0,0.0,0.0
2024-12-23 05:05:00+00:00,96.75,96.94999694824219,96.75,96.9000015258789,99661,0.0,0.0,0.0
2024-12-23 05:10:00+00:00,96.8499984741211,96.8499984741211,96.80000305175781,96.8499984741211,16961,0.0,0.0,0.0
2024-12-23 05:15:00+00:00,96.80000305175781,96.8499984741211,96.69999694824219,96.75,68640,0.0,0.0,0.0
2024-12-23 05:20:00+00:00,96.69999694824219,96.69999694824219,96.55000305175781,96.5999984741211,185961,0.0,0.0,0.0
2024-12-24 01:00:00+00:00,98.0999984741211,98.0999984741211,97.75,97.94999694824219,0,0.0,0.0,0.0
2024-12-24 01:05:00+00:00,97.94999694824219,98.05000305175781,97.69999694824219,97.69999694824219,235000,0.0,0.0,0.0
2024-12-24 01:10:00+00:00,97.75,97.80000305175781,97.6500015258789,97.69999694824219,193017,0.0,0.0,0.0
2024-12-24 01:15:00+00:00,97.75,97.8499984741211,97.5999984741211,97.69999694824219,185110,0.0,0.0,0.0
2024-12-24 01:20:00+00:00,97.69999694824219,97.9000015258789,97.5999984741211,97.80000305175781,140333,0.0,0.0,0.0
2024-12-24 01:25:00+00:00,97.8499984741211,97.8499984741211,97.6500015258789,97.6500015258789,34536,0.0,0.0,0.0
2024-12-24 01:30:00+00:00,97.69999694824219,97.8499984741211,97.5999984741211,97.8499984741211,112731,0.0,0.0,0.0
2024-12-24 01:35:00+00:00,97.80000305175781,97.80000305175781,97.69999694824219,97.69999694824219,30850,0.0,0.0,0.0
2024-12-24 01:40:00+00:00,97.80000305175781,97.80000305175781,97.6500015258789,97.75,65535,0.0,0.0,0.0
2024-12-24 01:45:00+00:00,97.75,98.0,97.75,98.0,216560,0.0,0.0,0.0
2024-12-24 01:50:00+00:00,97.94999694824219,97.94999694824219,97.69999694824219,97.69999694824219,16761,0.0,0.0,0.0
2024-12-24 01:55:00+00:00,97.69999694824219,97.8499984741211,97.69999694824219,97.8499984741211,32630,0.0,0.0,0.0
2024-12-24 02:00:00+00:00,97.9000015258789,98.0,97.9000015258789,97.9000015258789,264515,0.0,0.0,0.0
2024-12-24 02:05:00+00:00,97.9000015258789,97.9000015258789,97.8499984741211,97.9000015258789,7000,0.0,0.0,0.0
2024-12-24 02:10:00+00:00,97.9000015258789,97.9000015258789,97.80000305175781,97.8499984741211,34570,0.0,0.0,0.0
2024-12-24 02:15:00+00:00,97.80000305175781,97.8499984741211,97.75,97.8499984741211,13700,0.0,0.0,0.0
2024-12-24 02:20:00+00:00,97.8499984741211,97.8499984741211,97.55000305175781,97.6500015258789,63064,0.0,0.0,0.0
2024-12-24 02:25:00+00:00,97.6500015258789,97.75,97.6500015258789,97.75,8616,0.0,0.0,0.0
2024-12-24 02:30:00+00:00,97.75,97.75,97.69999694824219,97.69999694824219,6474,0.0,0.0,0.0
2024-12-24 02:35:00+00:00,97.6500015258789,97.75,97.5999984741211,97.5999984741211,19231,0.0,0.0,0.0
2024-12-24 02:40:00+00:00,97.5999984741211,97.5999984741211,97.55000305175781,97.5999984741211,70203,0.0,0.0,0.0
2024-12-24 02:45:00+00:00,97.5999984741211,97.69999694824219,97.55000305175781,97.69999694824219,120658,0.0,0.0,0.0
2024-12-24 02:50:00+00:00,97.75,97.80000305175781,97.5,97.5,29475,0.0,0.0,0.0
2024-12-24 02:55:00+00:00,97.5,97.5,97.44999694824219,97.5,19415,0.0,0.0,0.0
2024-12-24 03:00:00+00:00,97.5,97.5,97.4000015258789,97.4000015258789,39549,0.0,0.0,0.0
2024-12-24 03:05:00+00:00,97.5,97.5,97.3499984741211,97.3499984741211,25293,0.0,0.0,0.0
2024-12-24 03:10:00+00:00,97.3499984741211,97.4000015258789,97.3499984741211,97.4000015258789,29232,0.0,0.0,0.0
2024-12-24 03:15:00+00:00,97.4000015258789,97.5,97.4000015258789,97.44999694824219,12680,0.0,0.0,0.0
2024-12-24 03:20:00+00:00,97.5,97.5,97.44999694824219,97.5,36309,0.0,0.0,0.0
2024-12-24 03:25:00+00:00,97.55000305175781,97.55000305175781,97.5,97.5,90233,0.0,0.0,0.0
2024-12-24 03:30:00+00:00,97.55000305175781,97.55000305175781,97.44999694824219,97.5,45065,0.0,0.0,0.0
2024-12-24 03:35:00+00:00,97.5,97.5,97.4000015258789,97.4000015258789,10425,0.0,0.0,0.0
2024-12-24 03:40:00+00:00,97.44999694824219,97.44999694824219,97.4000015258789,97.4000015258789,25120,0.0,0.0,0.0
2024-12-24 03:45:00+00:00,97.4000015258789,97.4000015258789,97.3499984741211,97.3499984741211,43859,0.0,0.0,0.0
2024-12-24 03:50:00+00:00,97.30000305175781,97.30000305175781,97.19999694824219,97.19999694824219,26283,0.0,0.0,0.0
2024-12-24 03:55:00+00:00,97.19999694824219,97.25,97.05000305175781,97.0999984741211,61936,0.0,0.0,0.0
2024-12-24 04:00:00+00:00,97.0999984741211,97.0999984741211,97.0,97.0,54544,0.0,0.0,0.0
2024-12-24 04:05:00+00:00,97.0,97.05000305175781,96.9000015258789,97.0,70927,0.0,0.0,0.0
2024-12-24 04:10:00+00:00,97.0,97.05000305175781,97.0,97.0,16534,0.0,0.0,0.0
2024-12-24 04:15:00+00:00,97.0999984741211,97.19999694824219,97.0999984741211,97.0999984741211,26828,0.0,0.0,0.0
2024-12-24 04:20:00+00:00,97.05000305175781,97.1500015258789,97.05000305175781,97.1500015258789,28163,0.0,0.0,0.0
2024-12-24 04:25:00+00:00,97.1500015258789,97.1500015258789,97.05000305175781,97.05000305175781,23447,0.0,0.0,0.0
2024-12-24 04:30:00+00:00,97.0,97.19999694824219,96.94999694824219,97.19999694824219,16562,0.0,0.0,0.0
2024-12-24 04:35:00+00:00,97.0999984741211,97.1500015258789,97.0999984741211,97.0999984741211,12187,0.0,0.0,0.0
2024-12-24 04:40:00+00:00,97.05000305175781,97.05000305175781,97.05000305175781,97.05000305175781,6612,0.0,0.0,0.0
2024-12-24 04:45:00+00:00,97.05000305175781,97.05000305175781,96.94999694824219,96.94999694824219,64156,0.0,0.0,0.0
2024-12-24 04:50:00+00:00,96.94999694824219,97.0,96.9000015258789,97.0,33699,0.0,0.0,0.0
2024-12-24 04:55:00+00:00,97.0,97.0999984741211,97.0,97.0999984741211,69478,0.0,0.0,0.0
2024-12-24 05:00:00+00:00,97.1500015258789,97.1500015258789,97.0999984741211,97.0999984741211,15190,0.0,0.0,0.0
2024-12-24 05:05:00+00:00,97.05000305175781,97.05000305175781,96.94999694824219,96.94999694824219,30187,0.0,0.0,0.0
2024-12-24 05:10:00+00:00,97.0,97.0,96.94999694824219,97.0,26702,0.0,0.0,0.0
2024-12-24 05:15:00+00:00,96.94999694824219,97.05000305175781,96.94999694824219,97.0,56550,0.0,0.0,0.0
2024-12-24 05:20:00+00:00,97.0,97.05000305175781,96.94999694824219,97.0,71966,0.0,0.0,0.0
2024-12-25 01:00:00+00:00,97.9000015258789,98.05000305175781,97.8499984741211,98.0,0,0.0,0.0,0.0
2024-12-25 01:05:00+00:00,98.05000305175781,98.05000305175781,97.94999694824219,98.0,144000,0.0,0.0,0.0
2024-12-25 01:10:00+00:00,98.0,98.0,97.80000305175781,97.8499984741211,104628,0.0,0.0,0.0
2024-12-25 01:15:00+00:00,97.69999694824219,97.69999694824219,97.55000305175781,97.5999984741211,81114,0.0,0.0,0.0
2024-12-25 01:20:00+00:00,97.5999984741211,97.75,97.5999984741211,97.75,51938,0.0,0.0,0.0
2024-12-25 01:25:00+00:00,97.69999694824219,97.69999694824219,97.5999984741211,97.5999984741211,34466,0.0,0.0,0.0
2024-12-25 01:30:00+00:00,97.6500015258789,97.6500015258789,97.5,97.5,66855,0.0,0.0,0.0
2024-12-25 01:35:00+00:00,97.5,97.6500015258789,97.5,97.6500015258789,41827,0.0,0.0,0.0
2024-12-25 01:40:00+00:00,97.69999694824219,97.69999694824219,97.55000305175781,97.5999984741211,33344,0.0,0.0,0.0
2024-12-25 01:45:00+00:00,97.5999984741211,97.75,97.5999984741211,97.69999694824219,56862,0.0,0.0,0.0
2024-12-25 01:50:00+00:00,97.69999694824219,97.80000305175781,97.69999694824219,97.80000305175781,44801,0.0,0.0,0.0
2024-12-25 01:55:00+00:00,97.80000305175781,97.8499984741211,97.80000305175781,97.8499984741211,70660,0.0,0.0,0.0
2024-12-25 02:00:00+00:00,97.8499984741211,97.9000015258789,97.75,97.80000305175781,53201,0.0,0.0,0.0
2024-12-25 02:05:00+00:00,97.6500015258789,97.75,97.6500015258789,97.75,22339,0.0,0.0,0.0
2024-12-25 02:10:00+00:00,97.75,97.75,97.69999694824219,97.69999694824219,28357,0.0,0.0,0.0
2024-12-25 02:15:00+00:00,97.6500015258789,97.6500015258789,97.55000305175781,97.55000305175781,67784,0.0,0.0,0.0
2024-12-25 02:20:00+00:00,97.55000305175781,97.75,97.5,97.75,63553,0.0,0.0,0.0
2024-12-25 02:25:00+00:00,97.75,97.8499984741211,97.75,97.75,49256,0.0,0.0,0.0
2024-12-25 02:30:00+00:00,97.69999694824219,97.69999694824219,97.5999984741211,97.5999984741211,6415,0.0,0.0,0.0
2024-12-25 02:35:00+00:00,97.5999984741211,97.6500015258789,97.5999984741211,97.5999984741211,18340,0.0,0.0,0.0
2024-12-25 02:40:00+00:00,97.6500015258789,97.6500015258789,97.5,97.5,35968,0.0,0.0,0.0
2024-12-25 02:45:00+00:00,97.5,97.5,97.44999694824219,97.5,35567,0.0,0.0,0.0
2024-12-25 02:50:00+00:00,97.44999694824219,97.44999694824219,97.30000305175781,97.30000305175781,50682,0.0,0.0,0.0
2024-12-25 02:55:00+00:00,97.3499984741211,97.4000015258789,97.3499984741211,97.4000015258789,13066,0.0,0.0,0.0
2024-12-25 03:00:00+00:00,97.4000015258789,97.4000015258789,97.4000015258789,97.4000015258789,6299,0.0,0.0,0.0
2024-12-25 03:05:00+00:00,97.4000015258789,97.4000015258789,97.25,97.3499984741211,45836,0.0,0.0,0.0
2024-12-25 03:10:00+00:00,97.4000015258789,97.4000015258789,97.3499984741211,97.3499984741211,2668,0.0,0.0,0.0
2024-12-25 03:15:00+00:00,97.30000305175781,97.3499984741211,97.25,97.3499984741211,38216,0.0,0.0,0.0
2024-12-25 03:20:00+00:00,97.3499984741211,97.4000015258789,97.3499984741211,97.3499984741211,10530,0.0,0.0,0.0
2024-12-25 03:25:00+00:00,97.4000015258789,97.44999694824219,97.30000305175781,97.44999694824219,23556,0.0,0.0,0.0
2024-12-25 03:30:00+00:00,97.5,97.55000305175781,97.5,97.55000305175781,19439,0.0,0.0,0.0
2024-12-25 03:35:00+00:00,97.55000305175781,97.55000305175781,97.55000305175781,97.55000305175781,6445,0.0,0.0,0.0
2024-12-25 03:40:00+00:00,97.55000305175781,97.5999984741211,97.55000305175781,97.5999984741211,12306,0.0,0.0,0.0
2024-12-25 03:45:00+00:00,97.5999984741211,97.5999984741211,97.5,97.55000305175781,3100,0.0,0.0,0.0
2024-12-25 03:50:00+00:00,97.5,97.5,97.5,97.5,6755,0.0,0.0,0.0
2024-12-25 03:55:00+00:00,97.5,97.69999694824219,97.5,97.5999984741211,74217,0.0,0.0,0.0
2024-12-25 04:00:00+00:00,97.55000305175781,97.5999984741211,97.55000305175781,97.5999984741211,3374,0.0,0.0,0.0
2024-12-25 04:05:00+00:00,97.5999984741211,97.6500015258789,97.5999984741211,97.6500015258789,2800,0.0,0.0,0.0
2024-12-25 04:10:00+00:00,97.6500015258789,97.69999694824219,97.5999984741211,97.69999694824219,10605,0.0,0.0,0.0
2024-12-25 04:15:00+00:00,97.69999694824219,97.69999694824219,97.6500015258789,97.6500015258789,2635,0.0,0.0,0.0
2024-12-25 04:20:00+00:00,97.69999694824219,97.69999694824219,97.69999694824219,97.69999694824219,75199,0.0,0.0,0.0
2024-12-25 04:25:00+00:00,97.69999694824219,97.75,97.69999694824219,97.69999694824219,24231,0.0,0.0,0.0
2024-12-25 04:30:00+00:00,97.75,97.75,97.6500015258789,97.69999694824219,43464,0.0,0.0,0.0
2024-12-25 04:35:00+00:00,97.69999694824219,97.75,97.69999694824219,97.75,29212,0.0,0.0,0.0
2024-12-25 04:40:00+00:00,97.75,97.9000015258789,97.69999694824219,97.9000015258789,74370,0.0,0.0,0.0
2024-12-25 04:45:00+00:00,97.94999694824219,98.0,97.80000305175781,97.80000305175781,44932,0.0,0.0,0.0
2024-12-25 04:50:00+00:00,97.9000015258789,97.9000015258789,97.80000305175781,97.80000305175781,13371,0.0,0.0,0.0
2024-12-25 04:55:00+00:00,97.80000305175781,97.8499984741211,97.80000305175781,97.8499984741211,30837,0.0,0.0,0.0
2024-12-25 05:00:00+00:00,97.8499984741211,98.0,97.8499984741211,97.94999694824219,91101,0.0,0.0,0.0
2024-12-25 05:05:00+00:00,97.94999694824219,97.94999694824219,97.9000015258789,97.9000015258789,48455,0.0,0.0,0.0
2024-12-25 05:10:00+00:00,97.9000015258789,98.05000305175781,97.9000015258789,98.0,483772,0.0,0.0,0.0
2024-12-25 05:15:00+00:00,98.0,98.0,97.9000015258789,97.94999694824219,36458,0.0,0.0,0.0
2024-12-25 05:20:00+00:00,97.9000015258789,97.94999694824219,97.9000015258789,97.94999694824219,102612,0.0,0.0,0.0
2024-12-26 01:00:00+00:00,98.1500015258789,98.3499984741211,98.1500015258789,98.19999694824219,0,0.0,0.0,0.0
2024-12-26 01:05:00+00:00,98.19999694824219,98.19999694824219,98.0,98.0999984741211,71000,0.0,0.0,0.0
2024-12-26 01:10:00+00:00,98.0999984741211,98.1500015258789,98.0999984741211,98.0999984741211,100039,0.0,0.0,0.0
2024-12-26 01:15:00+00:00,98.05000305175781,98.05000305175781,97.94999694824219,98.05000305175781,22021,0.0,0.0,0.0
2024-12-26 01:20:00+00:00,98.0,98.05000305175781,97.8499984741211,98.05000305175781,41887,0.0,0.0,0.0
2024-12-26 01:25:00+00:00,97.94999694824219,97.94999694824219,97.9000015258789,97.9000015258789,7585,0.0,0.0,0.0
2024-12-26 01:30:00+00:00,97.9000015258789,97.9000015258789,97.80000305175781,97.80000305175781,20773,0.0,0.0,0.0
2024-12-26 01:35:00+00:00,97.80000305175781,97.9000015258789,97.75,97.9000015258789,37522,0.0,0.0,0.0
2024-12-26 01:40:00+00:00,97.9000015258789,97.94999694824219,97.8499984741211,97.8499984741211,13773,0.0,0.0,0.0
2024-12-26 01:45:00+00:00,97.80000305175781,97.8499984741211,97.80000305175781,97.8499984741211,15532,0.0,0.0,0.0
2024-12-26 01:50:00+00:00,97.80000305175781,97.80000305175781,97.69999694824219,97.75,20380,0.0,0.0,0.0
2024-12-26 01:55:00+00:00,97.69999694824219,97.69999694824219,97.5999984741211,97.69999694824219,61944,0.0,0.0,0.0
2024-12-26 02:00:00+00:00,97.69999694824219,97.69999694824219,97.6500015258789,97.6500015258789,28530,0.0,0.0,0.0
2024-12-26 02:05:00+00:00,97.5999984741211,97.69999694824219,97.5999984741211,97.69999694824219,28880,0.0,0.0,0.0
2024-12-26 02:10:00+00:00,97.69999694824219,97.8499984741211,97.69999694824219,97.8499984741211,31841,0.0,0.0,0.0
2024-12-26 02:15:00+00:00,97.8499984741211,97.94999694824219,97.8499984741211,97.94999694824219,34459,0.0,0.0,0.0
2024-12-26 02:20:00+00:00,97.9000015258789,98.0,97.9000015258789,97.94999694824219,20003,0.0,0.0,0.0
2024-12-26 02:25:00+00:00,97.9000015258789,97.9000015258789,97.80000305175781,97.80000305175781,5060,0.0,0.0,0.0
2024-12-26 02:30:00+00:00,97.8499984741211,97.8499984741211,97.8499984741211,97.8499984741211,4310,0.0,0.0,0.0
2024-12-26 02:35:00+00:00,97.9000015258789,97.9000015258789,97.8499984741211,97.9000015258789,5410,0.0,0.0,0.0
2024-12-26 02:40:00+00:00,97.9000015258789,97.94999694824219,97.9000015258789,97.94999694824219,9359,0.0,0.0,0.0
2024-12-26 02:45:00+00:00,97.94999694824219,98.0,97.9000015258789,97.9000015258789,23044,0.0,0.0,0.0
2024-12-26 02:50:00+00:00,97.9000015258789,97.94999694824219,97.9000015258789,97.94999694824219,16265,0.0,0.0,0.0
2024-12-26 02:55:00+00:00,97.8499984741211,97.9000015258789,97.8499984741211,97.9000015258789,2200,0.0,0.0,0.0
2024-12-26 03:00:00+00:00,97.9000015258789,97.9000015258789,97.8499984741211,97.8499984741211,6100,0.0,0.0,0.0
2024-12-26 03:05:00+00:00,97.9000015258789,97.9000015258789,97.8499984741211,97.8499984741211,3030,0.0,0.0,0.0
2024-12-26 03:10:00+00:00,97.8499984741211,97.9000015258789,97.8499984741211,97.8499984741211,5150,0.0,0.0,0.0
2024-12-26 03:15:00+00:00,97.8499984741211,97.8499984741211,97.80000305175781,97.80000305175781,27712,0.0,0.0,0.0
2024-12-26 03:20:00+00:00,97.75,97.80000305175781,97.75,97.80000305175781,15058,0.0,0.0,0.0
2024-12-26 03:25:00+00:00,97.80000305175781,97.80000305175781,97.80000305175781,97.80000305175781,3380,0.0,0.0,0.0
2024-12-26 03:30:00+00:00,97.69999694824219,97.69999694824219,97.6500015258789,97.6500015258789,5630,0.0,0.0,0.0
2024-12-26 03:35:00+00:00,97.69999694824219,97.75,97.69999694824219,97.75,10215,0.0,0.0,0.0
2024-12-26 03:40:00+00:00,97.69999694824219,97.75,97.69999694824219,97.75,6038,0.0,0.0,0.0
2024-12-26 03:45:00+00:00,97.6500015258789,97.75,97.6500015258789,97.75,4369,0.0,0.0,0.0
2024-12-26 03:50:00+00:00,97.69999694824219,97.75,97.69999694824219,97.69999694824219,23367,0.0,0.0,0.0
2024-12-26 03:55:00+00:00,97.75,97.80000305175781,97.75,97.80000305175781,8138,0.0,0.0,0.0
2024-12-26 04:00:00+00:00,97.80000305175781,98.05000305175781,97.80000305175781,98.05000305175781,316581,0.0,0.0,0.0
2024-12-26 04:05:00+00:00,98.0999984741211,98.0999984741211,98.0,98.0,6320,0.0,0.0,0.0
2024-12-26 04:10:00+00:00,97.94999694824219,97.94999694824219,97.80000305175781,97.80000305175781,5174,0.0,0.0,0.0
2024-12-26 04:15:00+00:00,97.80000305175781,97.80000305175781,97.75,97.75,6897,0.0,0.0,0.0
2024-12-26 04:20:00+00:00,97.75,97.75,97.75,97.75,1466,0.0,0.0,0.0
2024-12-26 04:25:00+00:00,97.69999694824219,97.75,97.69999694824219,97.75,2200,0.0,0.0,0.0
2024-12-26 04:30:00+00:00,97.75,97.75,97.75,97.75,2236,0.0,0.0,0.0
2024-12-26 04:35:00+00:00,97.75,97.80000305175781,97.75,97.80000305175781,3227,0.0,0.0,0.0
2024-12-26 04:40:00+00:00,97.75,97.80000305175781,97.75,97.75,7380,0.0,0.0,0.0
2024-12-26 04:45:00+00:00,97.80000305175781,97.80000305175781,97.75,97.75,6301,0.0,0.0,0.0
2024-12-26 04:50:00+00:00,97.75,97.75,97.75,97.75,8085,0.0,0.0,0.0
2024-12-26 04:55:00+00:00,97.75,97.80000305175781,97.75,97.80000305175781,6475,0.0,0.0,0.0
2024-12-26 05:00:00+00:00,97.80000305175781,97.80000305175781,97.69999694824219,97.75,19510,0.0,0.0,0.0
2024-12-26 05:05:00+00:00,97.75,97.80000305175781,97.75,97.80000305175781,8540,0.0,0.0,0.0
2024-12-26 05:10:00+00:00,97.80000305175781,97.80000305175781,97.80000305175781,97.80000305175781,7001,0.0,0.0,0.0
2024-12-26 05:15:00+00:00,97.75,97.75,97.75,97.75,8255,0.0,0.0,0.0
2024-12-26 05:20:00+00:00,97.75,97.80000305175781,97.75,97.80000305175781,88418,0.0,0.0,0.0
2024-12-27 01:00:00+00:00,97.25,97.3499984741211,97.19999694824219,97.25,0,0.0,0.0,0.0
2024-12-27 01:05:00+00:00,97.19999694824219,97.25,97.0999984741211,97.19999694824219,56981,0.0,0.0,0.0
2024-12-27 01:10:00+00:00,97.19999694824219,97.19999694824219,97.0999984741211,97.0999984741211,59151,0.0,0.0,0.0
2024-12-27 01:15:00+00:00,97.05000305175781,97.19999694824219,97.0,97.1500015258789,31982,0.0,0.0,0.0
2024-12-27 01:20:00+00:00,97.0999984741211,97.1500015258789,97.0999984741211,97.1500015258789,24307,0.0,0.0,0.0
2024-12-27 01:25:00+00:00,97.1500015258789,97.1500015258789,97.1500015258789,97.1500015258789,19157,0.0,0.0,0.0
2024-12-27 01:30:00+00:00,97.0999984741211,97.25,97.0999984741211,97.19999694824219,27235,0.0,0.0,0.0
2024-12-27 01:35:00+00:00,97.19999694824219,97.25,97.1500015258789,97.19999694824219,38758,0.0,0.0,0.0
2024-12-27 01:40:00+00:00,97.30000305175781,97.5,97.30000305175781,97.44999694824219,71220,0.0,0.0,0.0
2024-12-27 01:45:00+00:00,97.44999694824219,97.55000305175781,97.44999694824219,97.55000305175781,77051,0.0,0.0,0.0
2024-12-27 01:50:00+00:00,97.55000305175781,97.55000305175781,97.5,97.5,6446,0.0,0.0,0.0
2024-12-27 01:55:00+00:00,97.5,97.5,97.4000015258789,97.5,14701,0.0,0.0,0.0
2024-12-27 02:00:00+00:00,97.44999694824219,97.44999694824219,97.30000305175781,97.30000305175781,11123,0.0,0.0,0.0
2024-12-27 02:05:00+00:00,97.30000305175781,97.55000305175781,97.25,97.55000305175781,107491,0.0,0.0,0.0
2024-12-27 02:10:00+00:00,97.55000305175781,97.69999694824219,97.55000305175781,97.6500015258789,41554,0.0,0.0,0.0
2024-12-27 02:20:00+00:00,97.69999694824219,97.8499984741211,97.5999984741211,97.5999984741211,136173,0.0,0.0,0.0
2024-12-27 02:25:00+00:00,97.80000305175781,97.94999694824219,97.80000305175781,97.94999694824219,73393,0.0,0.0,0.0
2024-12-27 02:30:00+00:00,97.94999694824219,98.05000305175781,97.94999694824219,97.94999694824219,66529,0.0,0.0,0.0
2024-12-27 02:35:00+00:00,98.0,98.0999984741211,98.0,98.05000305175781,66785,0.0,0.0,0.0
2024-12-27 02:40:00+00:00,98.0999984741211,98.19999694824219,98.05000305175781,98.05000305175781,32980,0.0,0.0,0.0
2024-12-27 02:45:00+00:00,98.05000305175781,98.05000305175781,98.0,98.05000305175781,18311,0.0,0.0,0.0
2024-12-27 02:50:00+00:00,98.0,98.0,97.9000015258789,97.94999694824219,12305,0.0,0.0,0.0
2024-12-27 02:55:00+00:00,97.94999694824219,98.0,97.94999694824219,97.94999694824219,98072,0.0,0.0,0.0
2024-12-27 03:00:00+00:00,97.94999694824219,97.94999694824219,97.8499984741211,97.8499984741211,57120,0.0,0.0,0.0
2024-12-27 03:05:00+00:00,97.9000015258789,97.9000015258789,97.80000305175781,97.9000015258789,76447,0.0,0.0,0.0
2024-12-27 03:10:00+00:00,97.9000015258789,97.9000015258789,97.8499984741211,97.8499984741211,4230,0.0,0.0,0.0
2024-12-27 03:15:00+00:00,97.8499984741211,97.9000015258789,97.8499984741211,97.9000015258789,3752,0.0,0.0,0.0
2024-12-27 03:20:00+00:00,97.9000015258789,97.94999694824219,97.9000015258789,97.9000015258789,6000,0.0,0.0,0.0
2024-12-27 03:25:00+00:00,97.9000015258789,97.9000015258789,97.80000305175781,97.8499984741211,61184,0.0,0.0,0.0
2024-12-27 03:30:00+00:00,97.9000015258789,97.94999694824219,97.9000015258789,97.94999694824219,13192,0.0,0.0,0.0
2024-12-27 03:35:00+00:00,98.0,98.0,97.8499984741211,97.8499984741211,41239,0.0,0.0,0.0
2024-12-27 03:40:00+00:00,97.9000015258789,97.9000015258789,97.9000015258789,97.9000015258789,1326,0.0,0.0,0.0
2024-12-27 03:50:00+00:00,97.94999694824219,97.94999694824219,97.94999694824219,97.94999694824219,6000,0.0,0.0,0.0
2024-12-27 03:55:00+00:00,97.94999694824219,98.0,97.94999694824219,97.94999694824219,10070,0.0,0.0,0.0
2024-12-27 04:00:00+00:00,97.94999694824219,98.0,97.94999694824219,97.94999694824219,7669,0.0,0.0,0.0
2024-12-27 04:05:00+00:00,97.94999694824219,97.94999694824219,97.94999694824219,97.94999694824219,4000,0.0,0.0,0.0
2024-12-27 04:10:00+00:00,97.9000015258789,98.0,97.9000015258789,98.0,54964,0.0,0.0,0.0
2024-12-27 04:15:00+00:00,98.0,98.0,98.0,98.0,32216,0.0,0.0,0.0
2024-12-27 04:20:00+00:00,98.0,98.0,97.94999694824219,97.94999694824219,6636,0.0,0.0,0.0
2024-12-27 04:25:00+00:00,97.94999694824219,98.0,97.9000015258789,98.0,7229,0.0,0.0,0.0
2024-12-27 04:30:00+00:00,97.94999694824219,97.94999694824219,97.94999694824219,97.94999694824219,3203,0.0,0.0,0.0
2024-12-27 04:35:00+00:00,97.9000015258789,98.0,97.9000015258789,98.0,92281,0.0,0.0,0.0
2024-12-27 04:40:00+00:00,98.0,98.05000305175781,98.0,98.05000305175781,58950,0.0,0.0,0.0
2024-12-27 04:45:00+00:00,98.05000305175781,98.05000305175781,98.0,98.0,30031,0.0,0.0,0.0
2024-12-27 04:50:00+00:00,98.0,98.0,97.94999694824219,98.0,21350,0.0,0.0,0.0
2024-12-27 04:55:00+00:00,98.0,98.0,97.94999694824219,97.94999694824219,7595,0.0,0.0,0.0
2024-12-27 05:00:00+00:00,98.0,98.0999984741211,98.0,98.0999984741211,196456,0.0,0.0,0.0
2024-12-27 05:05:00+00:00,98.05000305175781,98.0999984741211,98.05000305175781,98.0999984741211,24724,0.0,0.0,0.0
2024-12-27 05:10:00+00:00,98.0999984741211,98.1500015258789,98.0999984741211,98.1500015258789,106483,0.0,0.0,0.0
2024-12-27 05:15:00+00:00,98.1500015258789,98.25,98.1500015258789,98.25,303828,0.0,0.0,0.0
2024-12-27 05:20:00+00:00,98.19999694824219,98.25,98.05000305175781,98.0999984741211,45380,0.0,0.0,0.0
2024-12-30 01:00:00+00:00,97.25,97.3499984741211,97.1500015258789,97.19999694824219,0,0.0,0.0,0.0
2024-12-30 01:05:00+00:00,97.25,97.44999694824219,97.1500015258789,97.3499984741211,82534,0.0,0.0,0.0
2024-12-30 01:10:00+00:00,97.4000015258789,97.5,97.25,97.25,31290,0.0,0.0,0.0
2024-12-30 01:15:00+00:00,97.3499984741211,97.3499984741211,97.19999694824219,97.25,39633,0.0,0.0,0.0
2024-12-30 01:20:00+00:00,97.19999694824219,97.25,97.19999694824219,97.19999694824219,51101,0.0,0.0,0.0
2024-12-30 01:25:00+00:00,97.25,97.4000015258789,97.25,97.4000015258789,35015,0.0,0.0,0.0
2024-12-30 01:30:00+00:00,97.3499984741211,97.5,97.3499984741211,97.5,166305,0.0,0.0,0.0
2024-12-30 01:35:00+00:00,97.5,97.5,97.4000015258789,97.5,43600,0.0,0.0,0.0
2024-12-30 01:40:00+00:00,97.44999694824219,97.5,97.44999694824219,97.5,12980,0.0,0.0,0.0
2024-12-30 01:45:00+00:00,97.5999984741211,97.8499984741211,97.5999984741211,97.8499984741211,79502,0.0,0.0,0.0
2024-12-30 01:50:00+00:00,97.69999694824219,97.75,97.69999694824219,97.75,4446,0.0,0.0,0.0
2024-12-30 01:55:00+00:00,97.69999694824219,97.69999694824219,97.6500015258789,97.69999694824219,12710,0.0,0.0,0.0
2024-12-30 02:00:00+00:00,97.69999694824219,97.69999694824219,97.4000015258789,97.4000015258789,12857,0.0,0.0,0.0
2024-12-30 02:05:00+00:00,97.4000015258789,97.5,97.4000015258789,97.5,83455,0.0,0.0,0.0
2024-12-30 02:10:00+00:00,97.5,97.5,97.30000305175781,97.4000015258789,22554,0.0,0.0,0.0
2024-12-30 02:15:00+00:00,97.4000015258789,97.4000015258789,97.3499984741211,97.3499984741211,7257,0.0,0.0,0.0
2024-12-30 02:20:00+00:00,97.4000015258789,97.4000015258789,97.3499984741211,97.3499984741211,3237,0.0,0.0,0.0
2024-12-30 02:25:00+00:00,97.3499984741211,97.44999694824219,97.3499984741211,97.44999694824219,50846,0.0,0.0,0.0
2024-12-30 02:30:00+00:00,97.5,97.5,97.44999694824219,97.44999694824219,3803,0.0,0.0,0.0
2024-12-30 02:35:00+00:00,97.44999694824219,97.5,97.44999694824219,97.5,14347,0.0,0.0,0.0
2024-12-30 02:40:00+00:00,97.55000305175781,97.55000305175781,97.55000305175781,97.55000305175781,2209,0.0,0.0,0.0
2024-12-30 02:45:00+00:00,97.55000305175781,97.55000305175781,97.4000015258789,97.4000015258789,20004,0.0,0.0,0.0
2024-12-30 02:50:00+00:00,97.4000015258789,97.4000015258789,97.3499984741211,97.3499984741211,8703,0.0,0.0,0.0
2024-12-30 02:55:00+00:00,97.30000305175781,97.30000305175781,97.30000305175781,97.30000305175781,15525,0.0,0.0,0.0
2024-12-30 03:00:00+00:00,97.3499984741211,97.3499984741211,97.30000305175781,97.30000305175781,12047,0.0,0.0,0.0
2024-12-30 03:05:00+00:00,97.30000305175781,97.30000305175781,97.30000305175781,97.30000305175781,2387,0.0,0.0,0.0
2024-12-30 03:10:00+00:00,97.30000305175781,97.30000305175781,97.25,97.25,15209,0.0,0.0,0.0
2024-12-30 03:15:00+00:00,97.25,97.25,97.19999694824219,97.19999694824219,16464,0.0,0.0,0.0
2024-12-30 03:20:00+00:00,97.25,97.25,97.19999694824219,97.25,43434,0.0,0.0,0.0
2024-12-30 03:25:00+00:00,97.25,97.30000305175781,97.25,97.30000305175781,7000,0.0,0.0,0.0
2024-12-30 03:30:00+00:00,97.3499984741211,97.4000015258789,97.3499984741211,97.3499984741211,30635,0.0,0.0,0.0
2024-12-30 03:35:00+00:00,97.4000015258789,97.4000015258789,97.4000015258789,97.4000015258789,20646,0.0,0.0,0.0
2024-12-30 03:40:00+00:00,97.4000015258789,97.44999694824219,97.4000015258789,97.4000015258789,9492,0.0,0.0,0.0
2024-12-30 03:45:00+00:00,97.4000015258789,97.4000015258789,97.3499984741211,97.3499984741211,20480,0.0,0.0,0.0
2024-12-30 03:50:00+00:00,97.30000305175781,97.30000305175781,97.25,97.25,3474,0.0,0.0,0.0
2024-12-30 03:55:00+00:00,97.25,97.25,97.25,97.25,11416,0.0,0.0,0.0
2024-12-30 04:00:00+00:00,97.25,97.30000305175781,97.25,97.25,22630,0.0,0.0,0.0
2024-12-30 04:05:00+00:00,97.25,97.3499984741211,97.25,97.30000305175781,29464,0.0,0.0,0.0
2024-12-30 04:10:00+00:00,97.30000305175781,97.30000305175781,97.25,97.25,16885,0.0,0.0,0.0
2024-12-30 04:15:00+00:00,97.25,97.25,97.1500015258789,97.1500015258789,57044,0.0,0.0,0.0
2024-12-30 04:20:00+00:00,97.1500015258789,97.1500015258789,97.1500015258789,97.1500015258789,7011,0.0,0.0,0.0
2024-12-30 04:25:00+00:00,97.1500015258789,97.1500015258789,97.0999984741211,97.0999984741211,25364,0.0,0.0,0.0
2024-12-30 04:30:00+00:00,97.0999984741211,97.1500015258789,97.0999984741211,97.1500015258789,15806,0.0,0.0,0.0
2024-12-30 04:35:00+00:00,97.19999694824219,97.25,97.1500015258789,97.25,18089,0.0,0.0,0.0
2024-12-30 04:40:00+00:00,97.19999694824219,97.19999694824219,97.1500015258789,97.1500015258789,11600,0.0,0.0,0.0
2024-12-30 04:45:00+00:00,97.1500015258789,97.19999694824219,97.1500015258789,97.19999694824219,13816,0.0,0.0,0.0
2024-12-30 04:50:00+00:00,97.1500015258789,97.1500015258789,97.0999984741211,97.0999984741211,10330,0.0,0.0,0.0
2024-12-30 04:55:00+00:00,97.0999984741211,97.1500015258789,97.05000305175781,97.05000305175781,22985,0.0,0.0,0.0
2024-12-30 05:00:00+00:00,97.05000305175781,97.05000305175781,97.0,97.0,94322,0.0,0.0,0.0
2024-12-30 05:05:00+00:00,97.05000305175781,97.05000305175781,97.0,97.0,19552,0.0,0.0,0.0
2024-12-30 05:10:00+00:00,97.0,97.0,96.94999694824219,96.94999694824219,37613,0.0,0.0,0.0
2024-12-30 05:15:00+00:00,97.0,97.0,96.9000015258789,96.94999694824219,55701,0.0,0.0,0.0
2024-12-30 05:20:00+00:00,96.94999694824219,96.94999694824219,96.55000305175781,96.5999984741211,172505,0.0,0.0,0.0
2024-12-31 01:00:00+00:00,95.44999694824219,95.5,95.19999694824219,95.19999694824219,0,0.0,0.0,0.0
2024-12-31 01:05:00+00:00,95.1500015258789,95.1500015258789,94.8499984741211,95.0,436000,0.0,0.0,0.0
2024-12-31 01:10:00+00:00,94.94999694824219,95.0,94.8499984741211,94.8499984741211,177750,0.0,0.0,0.0
2024-12-31 01:15:00+00:00,94.8499984741211,95.25,94.8499984741211,95.25,168281,0.0,0.0,0.0
2024-12-31 01:20:00+00:00,95.30000305175781,95.4000015258789,95.19999694824219,95.19999694824219,54443,0.0,0.0,0.0
2024-12-31 01:25:00+00:00,95.0999984741211,95.0999984741211,94.94999694824219,94.94999694824219,64881,0.0,0.0,0.0
2024-12-31 01:30:00+00:00,94.94999694824219,95.0999984741211,94.8499984741211,95.0999984741211,103351,0.0,0.0,0.0
2024-12-31 01:35:00+00:00,95.0999984741211,95.25,95.0999984741211,95.19999694824219,43724,0.0,0.0,0.0
2024-12-31 01:40:00+00:00,95.19999694824219,95.25,95.19999694824219,95.25,14609,0.0,0.0,0.0
2024-12-31 01:45:00+00:00,95.25,95.25,95.25,95.25,17433,0.0,0.0,0.0
2024-12-31 01:50:00+00:00,95.25,95.30000305175781,95.25,95.25,25340,0.0,0.0,0.0
2024-12-31 01:55:00+00:00,95.30000305175781,95.3499984741211,95.1500015258789,95.1500015258789,52699,0.0,0.0,0.0
2024-12-31 02:00:00+00:00,95.1500015258789,95.19999694824219,95.0999984741211,95.0999984741211,13230,0.0,0.0,0.0
2024-12-31 02:05:00+00:00,95.1500015258789,95.5999984741211,95.1500015258789,95.5999984741211,27646,0.0,0.0,0.0
2024-12-31 02:10:00+00:00,95.44999694824219,95.55000305175781,95.44999694824219,95.55000305175781,27785,0.0,0.0,0.0
2024-12-31 02:15:00+00:00,95.55000305175781,95.69999694824219,95.55000305175781,95.5999984741211,29698,0.0,0.0,0.0
2024-12-31 02:20:00+00:00,95.55000305175781,95.55000305175781,95.55000305175781,95.55000305175781,9284,0.0,0.0,0.0
2024-12-31 02:25:00+00:00,95.5999984741211,95.6500015258789,95.5999984741211,95.6500015258789,16034,0.0,0.0,0.0
2024-12-31 02:30:00+00:00,95.5999984741211,95.69999694824219,95.5999984741211,95.5999984741211,7366,0.0,0.0,0.0
2024-12-31 02:35:00+00:00,95.5999984741211,95.5999984741211,95.44999694824219,95.44999694824219,35128,0.0,0.0,0.0
2024-12-31 02:40:00+00:00,95.44999694824219,95.55000305175781,95.44999694824219,95.5,5301,0.0,0.0,0.0
2024-12-31 02:45:00+00:00,95.5,95.5,95.44999694824219,95.44999694824219,35482,0.0,0.0,0.0
2024-12-31 02:50:00+00:00,95.44999694824219,95.44999694824219,95.4000015258789,95.4000015258789,6105,0.0,0.0,0.0
2024-12-31 02:55:00+00:00,95.4000015258789,95.4000015258789,95.25,95.25,68758,0.0,0.0,0.0
2024-12-31 03:00:00+00:00,95.19999694824219,95.19999694824219,95.19999694824219,95.19999694824219,33546,0.0,0.0,0.0
2024-12-31 03:05:00+00:00,95.19999694824219,95.19999694824219,95.0999984741211,95.0999984741211,48250,0.0,0.0,0.0
2024-12-31 03:10:00+00:00,95.0999984741211,95.1500015258789,95.05000305175781,95.1500015258789,26935,0.0,0.0,0.0
2024-12-31 03:15:00+00:00,95.1500015258789,95.30000305175781,95.1500015258789,95.30000305175781,7010,0.0,0.0,0.0
2024-12-31 03:20:00+00:00,95.25,95.25,95.25,95.25,11213,0.0,0.0,0.0
2024-12-31 03:25:00+00:00,95.25,95.25,95.1500015258789,95.19999694824219,22507,0.0,0.0,0.0
2024-12-31 03:30:00+00:00,95.25,95.25,95.1500015258789,95.1500015258789,11581,0.0,0.0,0.0
2024-12-31 03:35:00+00:00,95.0999984741211,95.0999984741211,94.94999694824219,95.0,156063,0.0,0.0,0.0
2024-12-31 03:40:00+00:00,95.05000305175781,95.1500015258789,95.05000305175781,95.05000305175781,19657,0.0,0.0,0.0
2024-12-31 03:45:00+00:00,95.0,95.0,94.9000015258789,94.94999694824219,96490,0.0,0.0,0.0
2024-12-31 03:50:00+00:00,94.94999694824219,95.0,94.94999694824219,95.0,6120,0.0,0.0,0.0
2024-12-31 03:55:00+00:00,95.0,95.0,95.0,95.0,7520,0.0,0.0,0.0
2024-12-31 04:00:00+00:00,95.0,95.0999984741211,94.9000015258789,95.05000305175781,32758,0.0,0.0,0.0
2024-12-31 04:05:00+00:00,95.05000305175781,95.05000305175781,95.0,95.05000305175781,41287,0.0,0.0,0.0
2024-12-31 04:10:00+00:00,95.0,95.0,94.94999694824219,94.94999694824219,18788,0.0,0.0,0.0
2024-12-31 04:15:00+00:00,94.94999694824219,94.94999694824219,94.94999694824219,94.94999694824219,21274,0.0,0.0,0.0
2024-12-31 04:20:00+00:00,95.0,95.1500015258789,95.0,95.1500015258789,13788,0.0,0.0,0.0
2024-12-31 04:25:00+00:00,95.1500015258789,95.19999694824219,95.0999984741211,95.19999694824219,26066,0.0,0.0,0.0
2024-12-31 04:30:00+00:00,95.25,95.5,95.25,95.5,41093,0.0,0.0,0.0
2024-12-31 04:35:00+00:00,95.44999694824219,95.44999694824219,95.3499984741211,95.3499984741211,9211,0.0,0.0,0.0
2024-12-31 04:40:00+00:00,95.4000015258789,95.4000015258789,95.3499984741211,95.3499984741211,24014,0.0,0.0,0.0
2024-12-31 04:45:00+00:00,95.4000015258789,95.44999694824219,95.3499984741211,95.3499984741211,57383,0.0,0.0,0.0
2024-12-31 04:50:00+00:00,95.4000015258789,95.55000305175781,95.4000015258789,95.55000305175781,35818,0.0,0.0,0.0
2024-12-31 04:55:00+00:00,95.55000305175781,95.80000305175781,95.5,95.75,132020,0.0,0.0,0.0
2024-12-31 05:00:00+00:00,95.75,95.8499984741211,95.75,95.8499984741211,54920,0.0,0.0,0.0
2024-12-31 05:05:00+00:00,95.8499984741211,95.8499984741211,95.80000305175781,95.80000305175781,33029,0.0,0.0,0.0
2024-12-31 05:10:00+00:00,95.80000305175781,95.8499984741211,95.80000305175781,95.80000305175781,28301,0.0,0.0,0.0
2024-12-31 05:15:00+00:00,95.8499984741211,95.94999694824219,95.8499984741211,95.94999694824219,211644,0.0,0.0,0.0
2024-12-31 05:20:00+00:00,96.0,96.05000305175781,95.80000305175781,95.94999694824219,104602,0.0,0.0,0.0
2025-01-02 01:00:00+00:00,94.80000305175781,94.94999694824219,94.75,94.80000305175781,0,0.0,0.0,0.0
2025-01-02 01:05:00+00:00,94.80000305175781,95.1500015258789,94.80000305175781,95.0,56000,0.0,0.0,0.0
2025-01-02 01:10:00+00:00,95.0,95.0999984741211,94.94999694824219,95.0,49077,0.0,0.0,0.0
2025-01-02 01:15:00+00:00,95.05000305175781,95.1500015258789,95.0,95.0,45802,0.0,0.0,0.0
2025-01-02 01:20:00+00:00,94.94999694824219,95.05000305175781,94.8499984741211,95.05000305175781,42099,0.0,0.0,0.0
2025-01-02 01:25:00+00:00,95.19999694824219,95.19999694824219,94.75,94.75,140055,0.0,0.0,0.0
2025-01-02 01:30:00+00:00,94.69999694824219,94.69999694824219,94.0999984741211,94.30000305175781,265419,0.0,0.0,0.0
2025-01-02 01:35:00+00:00,94.25,94.30000305175781,94.0999984741211,94.1500015258789,133743,0.0,0.0,0.0
2025-01-02 01:40:00+00:00,94.25,94.5,94.19999694824219,94.5,30595,0.0,0.0,0.0
2025-01-02 01:45:00+00:00,94.4000015258789,94.75,94.4000015258789,94.5,144762,0.0,0.0,0.0
2025-01-02 01:50:00+00:00,94.4000015258789,94.5,94.4000015258789,94.5,40255,0.0,0.0,0.0
2025-01-02 01:55:00+00:00,94.55000305175781,94.55000305175781,93.94999694824219,93.94999694824219,293752,0.0,0.0,0.0
2025-01-02 02:00:00+00:00,94.0999984741211,94.19999694824219,94.05000305175781,94.0999984741211,43305,0.0,0.0,0.0
2025-01-02 02:05:00+00:00,94.0999984741211,94.1500015258789,94.05000305175781,94.0999984741211,55705,0.0,0.0,0.0
2025-01-02 02:10:00+00:00,94.05000305175781,94.1500015258789,94.0,94.0999984741211,74240,0.0,0.0,0.0
2025-01-02 02:15:00+00:00,94.05000305175781,94.0999984741211,93.94999694824219,94.0999984741211,102745,0.0,0.0,0.0
2025-01-02 02:20:00+00:00,94.0999984741211,94.0999984741211,94.0,94.05000305175781,62950,0.0,0.0,0.0
2025-01-02 02:25:00+00:00,94.05000305175781,94.1500015258789,94.0,94.0999984741211,24771,0.0,0.0,0.0
2025-01-02 02:30:00+00:00,94.05000305175781,94.05000305175781,93.80000305175781,93.80000305175781,465535,0.0,0.0,0.0
2025-01-02 02:35:00+00:00,93.8499984741211,93.9000015258789,93.8499984741211,93.9000015258789,78307,0.0,0.0,0.0
2025-01-02 02:40:00+00:00,94.0,94.0999984741211,94.0,94.0999984741211,142986,0.0,0.0,0.0
2025-01-02 02:45:00+00:00,94.05000305175781,94.19999694824219,94.05000305175781,94.0999984741211,23557,0.0,0.0,0.0
2025-01-02 02:50:00+00:00,94.1500015258789,94.1500015258789,93.94999694824219,93.94999694824219,82847,0.0,0.0,0.0
2025-01-02 02:55:00+00:00,93.94999694824219,93.94999694824219,93.69999694824219,93.80000305175781,252693,0.0,0.0,0.0
2025-01-02 03:00:00+00:00,93.8499984741211,93.8499984741211,93.75,93.75,42974,0.0,0.0,0.0
2025-01-02 03:05:00+00:00,93.69999694824219,93.75,93.5999984741211,93.5999984741211,127068,0.0,0.0,0.0
2025-01-02 03:10:00+00:00,93.5999984741211,93.5999984741211,93.30000305175781,93.30000305175781,256704,0.0,0.0,0.0
2025-01-02 03:15:00+00:00,93.4000015258789,93.4000015258789,93.25,93.3499984741211,108777,0.0,0.0,0.0
2025-01-02 03:20:00+00:00,93.3499984741211,93.55000305175781,93.3499984741211,93.55000305175781,31725,0.0,0.0,0.0
2025-01-02 03:25:00+00:00,93.5999984741211,93.5999984741211,93.5,93.5,63521,0.0,0.0,0.0
2025-01-02 03:30:00+00:00,93.5,93.5,93.44999694824219,93.44999694824219,37061,0.0,0.0,0.0
2025-01-02 03:35:00+00:00,93.44999694824219,93.5,93.4000015258789,93.5,91147,0.0,0.0,0.0
2025-01-02 03:40:00+00:00,93.44999694824219,93.44999694824219,93.30000305175781,93.30000305175781,126660,0.0,0.0,0.0
2025-01-02 03:45:00+00:00,93.30000305175781,93.30000305175781,93.25,93.30000305175781,15749,0.0,0.0,0.0
2025-01-02 03:50:00+00:00,93.3499984741211,93.4000015258789,93.3499984741211,93.4000015258789,18208,0.0,0.0,0.0
2025-01-02 03:55:00+00:00,93.4000015258789,93.44999694824219,93.4000015258789,93.44999694824219,18379,0.0,0.0,0.0
2025-01-02 04:00:00+00:00,93.55000305175781,93.55000305175781,93.44999694824219,93.44999694824219,35320,0.0,0.0,0.0
2025-01-02 04:05:00+00:00,93.44999694824219,93.44999694824219,93.3499984741211,93.3499984741211,50652,0.0,0.0,0.0
2025-01-02 04:10:00+00:00,93.3499984741211,93.3499984741211,93.0999984741211,93.25,250611,0.0,0.0,0.0
2025-01-02 04:15:00+00:00,93.19999694824219,93.19999694824219,93.1500015258789,93.1500015258789,37856,0.0,0.0,0.0
2025-01-02 04:20:00+00:00,93.19999694824219,93.19999694824219,93.1500015258789,93.19999694824219,17645,0.0,0.0,0.0
2025-01-02 04:25:00+00:00,93.25,93.30000305175781,93.25,93.25,22599,0.0,0.0,0.0
2025-01-02 04:30:00+00:00,93.19999694824219,93.30000305175781,93.19999694824219,93.25,20492,0.0,0.0,0.0
2025-01-02 04:35:00+00:00,93.25,93.25,93.0999984741211,93.0999984741211,177158,0.0,0.0,0.0
2025-01-02 04:40:00+00:00,93.0999984741211,93.0999984741211,93.0,93.0,262782,0.0,0.0,0.0
2025-01-02 04:45:00+00:00,93.0,93.0,92.94999694824219,92.94999694824219,95962,0.0,0.0,0.0
2025-01-02 04:50:00+00:00,92.94999694824219,92.94999694824219,92.8499984741211,92.9000015258789,184446,0.0,0.0,0.0
2025-01-02 04:55:00+00:00,92.9000015258789,93.05000305175781,92.9000015258789,93.05000305175781,36426,0.0,0.0,0.0
2025-01-02 05:00:00+00:00,93.0999984741211,93.0999984741211,92.94999694824219,93.05000305175781,84062,0.0,0.0,0.0
2025-01-02 05:05:00+00:00,93.0999984741211,93.19999694824219,93.0999984741211,93.0999984741211,62073,0.0,0.0,0.0
2025-01-02 05:10:00+00:00,93.1500015258789,93.19999694824219,93.0999984741211,93.1500015258789,68454,0.0,0.0,0.0
2025-01-02 05:15:00+00:00,93.19999694824219,93.4000015258789,93.1500015258789,93.4000015258789,123068,0.0,0.0,0.0
2025-01-02 05:20:00+00:00,93.44999694824219,93.55000305175781,93.4000015258789,93.5,151641,0.0,0.0,0.0
2025-01-03 01:00:00+00:00,95.5,95.55000305175781,95.4000015258789,95.5,0,0.0,0.0,0.0
2025-01-03 01:05:00+00:00,95.5,95.75,95.5,95.5999984741211,260000,0.0,0.0,0.0
2025-01-03 01:10:00+00:00,95.5999984741211,95.5999984741211,95.3499984741211,95.3499984741211,115978,0.0,0.0,0.0
2025-01-03 01:15:00+00:00,95.4000015258789,95.44999694824219,95.19999694824219,95.25,114631,0.0,0.0,0.0
2025-01-03 01:20:00+00:00,95.30000305175781,95.3499984741211,95.0999984741211,95.0999984741211,44577,0.0,0.0,0.0
2025-01-03 01:25:00+00:00,95.05000305175781,95.1500015258789,94.8499984741211,94.94999694824219,256184,0.0,0.0,0.0
2025-01-03 01:30:00+00:00,94.94999694824219,94.94999694824219,94.94999694824219,94.94999694824219,19412,0.0,0.0,0.0
2025-01-03 01:35:00+00:00,95.0,95.0,94.5999984741211,94.75,141098,0.0,0.0,0.0
2025-01-03 01:40:00+00:00,94.6500015258789,94.75,94.6500015258789,94.75,35524,0.0,0.0,0.0
2025-01-03 01:45:00+00:00,94.75,94.75,94.55000305175781,94.55000305175781,15330,0.0,0.0,0.0
2025-01-03 01:50:00+00:00,94.5,94.5999984741211,94.4000015258789,94.5999984741211,48433,0.0,0.0,0.0
2025-01-03 01:55:00+00:00,94.75,94.94999694824219,94.75,94.9000015258789,12391,0.0,0.0,0.0
2025-01-03 02:00:00+00:00,94.9000015258789,95.0,94.80000305175781,94.80000305175781,16325,0.0,0.0,0.0
2025-01-03 02:05:00+00:00,94.69999694824219,94.69999694824219,94.4000015258789,94.55000305175781,15733,0.0,0.0,0.0
2025-01-03 02:10:00+00:00,94.55000305175781,94.9000015258789,94.55000305175781,94.9000015258789,4101,0.0,0.0,0.0
2025-01-03 02:15:00+00:00,94.80000305175781,94.80000305175781,94.75,94.80000305175781,20400,0.0,0.0,0.0
2025-01-03 02:20:00+00:00,94.80000305175781,94.9000015258789,94.80000305175781,94.8499984741211,15313,0.0,0.0,0.0
2025-01-03 02:25:00+00:00,94.9000015258789,95.0999984741211,94.9000015258789,95.0999984741211,44645,0.0,0.0,0.0
2025-01-03 02:30:00+00:00,95.05000305175781,95.1500015258789,95.0,95.05000305175781,30204,0.0,0.0,0.0
2025-01-03 02:35:00+00:00,95.05000305175781,95.05000305175781,95.05000305175781,95.05000305175781,4298,0.0,0.0,0.0
2025-01-03 02:40:00+00:00,95.0999984741211,95.30000305175781,95.0999984741211,95.19999694824219,23186,0.0,0.0,0.0
2025-01-03 02:45:00+00:00,95.25,95.3499984741211,95.25,95.30000305175781,47158,0.0,0.0,0.0
2025-01-03 02:50:00+00:00,95.30000305175781,95.3499984741211,95.25,95.3499984741211,85760,0.0,0.0,0.0
2025-01-03 02:55:00+00:00,95.3499984741211,95.44999694824219,95.3499984741211,95.44999694824219,66357,0.0,0.0,0.0
2025-01-03 03:00:00+00:00,95.4000015258789,95.5,95.4000015258789,95.5,54512,0.0,0.0,0.0
2025-01-03 03:05:00+00:00,95.5,96.0,95.5,95.8499984741211,519472,0.0,0.0,0.0
2025-01-03 03:10:00+00:00,95.8499984741211,95.94999694824219,95.75,95.9000015258789,72916,0.0,0.0,0.0
2025-01-03 03:15:00+00:00,95.94999694824219,95.94999694824219,95.9000015258789,95.94999694824219,48055,0.0,0.0,0.0
2025-01-03 03:20:00+00:00,95.94999694824219,95.94999694824219,95.8499984741211,95.9000015258789,53215,0.0,0.0,0.0
2025-01-03 03:25:00+00:00,95.80000305175781,95.80000305175781,95.5999984741211,95.5999984741211,12800,0.0,0.0,0.0
2025-01-03 03:30:00+00:00,95.55000305175781,95.55000305175781,95.3499984741211,95.4000015258789,18334,0.0,0.0,0.0
2025-01-03 03:35:00+00:00,95.4000015258789,95.4000015258789,95.30000305175781,95.3499984741211,9463,0.0,0.0,0.0
2025-01-03 03:40:00+00:00,95.4000015258789,95.4000015258789,95.3499984741211,95.3499984741211,18203,0.0,0.0,0.0
2025-01-03 03:45:00+00:00,95.4000015258789,95.4000015258789,95.4000015258789,95.4000015258789,12283,0.0,0.0,0.0
2025-01-03 03:50:00+00:00,95.44999694824219,95.44999694824219,95.44999694824219,95.44999694824219,28190,0.0,0.0,0.0
2025-01-03 03:55:00+00:00,95.44999694824219,95.5999984741211,95.44999694824219,95.5999984741211,21360,0.0,0.0,0.0
2025-01-03 04:00:00+00:00,95.5999984741211,95.6500015258789,95.55000305175781,95.55000305175781,31739,0.0,0.0,0.0
2025-01-03 04:05:00+00:00,95.4000015258789,95.4000015258789,95.30000305175781,95.30000305175781,6265,0.0,0.0,0.0
2025-01-03 04:10:00+00:00,95.3499984741211,95.4000015258789,95.3499984741211,95.4000015258789,32344,0.0,0.0,0.0
2025-01-03 04:15:00+00:00,95.3499984741211,95.4000015258789,95.3499984741211,95.4000015258789,39814,0.0,0.0,0.0
2025-01-03 04:20:00+00:00,95.5,95.5,95.4000015258789,95.4000015258789,46278,0.0,0.0,0.0
2025-01-03 04:25:00+00:00,95.4000015258789,95.4000015258789,95.4000015258789,95.4000015258789,1100,0.0,0.0,0.0
2025-01-03 04:30:00+00:00,95.4000015258789,95.4000015258789,95.3499984741211,95.3499984741211,46010,0.0,0.0,0.0
2025-01-03 04:35:00+00:00,95.3499984741211,95.3499984741211,95.0999984741211,95.0999984741211,97978,0.0,0.0,0.0
2025-01-03 04:40:00+00:00,95.0999984741211,95.0999984741211,95.0,95.0,49154,0.0,0.0,0.0
2025-01-03 04:45:00+00:00,95.05000305175781,95.0999984741211,95.0,95.0999984741211,7250,0.0,0.0,0.0
2025-01-03 04:50:00+00:00,95.0999984741211,95.0999984741211,95.05000305175781,95.05000305175781,22293,0.0,0.0,0.0
2025-01-03 04:55:00+00:00,95.05000305175781,95.05000305175781,94.9000015258789,94.9000015258789,106409,0.0,0.0,0.0
2025-01-03 05:00:00+00:00,94.9000015258789,95.0,94.9000015258789,95.0,18081,0.0,0.0,0.0
2025-01-03 05:05:00+00:00,94.94999694824219,94.94999694824219,94.80000305175781,94.80000305175781,70532,0.0,0.0,0.0
2025-01-03 05:10:00+00:00,94.9000015258789,94.9000015258789,94.8499984741211,94.9000015258789,80255,0.0,0.0,0.0
2025-01-03 05:15:00+00:00,94.94999694824219,94.94999694824219,94.9000015258789,94.94999694824219,7152,0.0,0.0,0.0
2025-01-03 05:20:00+00:00,94.94999694824219,95.0,94.8499984741211,94.94999694824219,95008,0.0,0.0,0.0
2025-01-06 01:00:00+00:00,97.6500015258789,97.69999694824219,97.4000015258789,97.5,0,0.0,0.0,0.0
2025-01-06 01:05:00+00:00,97.55000305175781,97.69999694824219,97.4000015258789,97.6500015258789,325189,0.0,0.0,0.0
2025-01-06 01:10:00+00:00,97.5999984741211,97.9000015258789,97.5,97.8499984741211,476092,0.0,0.0,0.0
2025-01-06 01:15:00+00:00,97.8499984741211,98.05000305175781,97.8499984741211,98.0,526424,0.0,0.0,0.0
2025-01-06 01:20:00+00:00,98.0,98.05000305175781,97.9000015258789,97.94999694824219,137050,0.0,0.0,0.0
2025-01-06 01:25:00+00:00,97.8499984741211,98.05000305175781,97.8499984741211,98.0,306376,0.0,0.0,0.0
2025-01-06 01:30:00+00:00,98.0,98.19999694824219,98.0,98.19999694824219,419199,0.0,0.0,0.0
2025-01-06 01:35:00+00:00,98.19999694824219,98.4000015258789,98.19999694824219,98.30000305175781,238317,0.0,0.0,0.0
2025-01-06 01:40:00+00:00,98.3499984741211,98.55000305175781,98.30000305175781,98.5,346039,0.0,0.0,0.0
2025-01-06 01:45:00+00:00,98.55000305175781,98.6500015258789,98.5,98.5999984741211,270901,0.0,0.0,0.0
2025-01-06 01:50:00+00:00,98.5999984741211,98.6500015258789,98.5,98.6500015258789,123443,0.0,0.0,0.0
2025-01-06 01:55:00+00:00,98.5999984741211,98.75,98.5,98.69999694824219,149310,0.0,0.0,0.0
2025-01-06 02:00:00+00:00,98.5999984741211,98.75,98.55000305175781,98.75,75665,0.0,0.0,0.0
2025-01-06 02:05:00+00:00,98.6500015258789,98.69999694824219,98.6500015258789,98.6500015258789,108333,0.0,0.0,0.0
2025-01-06 02:10:00+00:00,98.6500015258789,98.80000305175781,98.6500015258789,98.75,231862,0.0,0.0,0.0
2025-01-06 02:15:00+00:00,98.80000305175781,99.0999984741211,98.80000305175781,99.05000305175781,356630,0.0,0.0,0.0
2025-01-06 02:20:00+00:00,99.05000305175781,99.25,99.05000305175781,99.19999694824219,194478,0.0,0.0,0.0
2025-01-06 02:25:00+00:00,99.19999694824219,99.19999694824219,99.0999984741211,99.19999694824219,111490,0.0,0.0,0.0
2025-01-06 02:30:00+00:00,99.19999694824219,99.3499984741211,99.1500015258789,99.3499984741211,188261,0.0,0.0,0.0
2025-01-06 02:35:00+00:00,99.3499984741211,99.3499984741211,99.19999694824219,99.19999694824219,77598,0.0,0.0,0.0
2025-01-06 02:40:00+00:00,99.19999694824219,99.25,99.0,99.0999984741211,108313,0.0,0.0,0.0
2025-01-06 02:45:00+00:00,99.0999984741211,99.25,99.0999984741211,99.25,120374,0.0,0.0,0.0
2025-01-06 02:50:00+00:00,99.30000305175781,99.30000305175781,99.19999694824219,99.25,116741,0.0,0.0,0.0
2025-01-06 02:55:00+00:00,99.30000305175781,99.5,99.30000305175781,99.4000015258789,120965,0.0,0.0,0.0
2025-01-06 03:00:00+00:00,99.4000015258789,99.44999694824219,99.3499984741211,99.44999694824219,62687,0.0,0.0,0.0
2025-01-06 03:05:00+00:00,99.44999694824219,99.5,99.3499984741211,99.3499984741211,176283,0.0,0.0,0.0
2025-01-06 03:10:00+00:00,99.44999694824219,99.5,99.4000015258789,99.5,96066,0.0,0.0,0.0
2025-01-06 03:15:00+00:00,99.55000305175781,99.6500015258789,99.55000305175781,99.5999984741211,157440,0.0,0.0,0.0
2025-01-06 03:20:00+00:00,99.5999984741211,99.6500015258789,99.55000305175781,99.6500015258789,65830,0.0,0.0,0.0
2025-01-06 03:25:00+00:00,99.6500015258789,99.75,99.6500015258789,99.75,106293,0.0,0.0,0.0
2025-01-06 03:30:00+00:00,99.75,99.9000015258789,99.75,99.8499984741211,170482,0.0,0.0,0.0
2025-01-06 03:35:00+00:00,99.8499984741211,100.0,99.80000305175781,99.94999694824219,209213,0.0,0.0,0.0
2025-01-06 03:40:00+00:00,99.94999694824219,100.0,99.9000015258789,99.9000015258789,349754,0.0,0.0,0.0
2025-01-06 03:45:00+00:00,99.94999694824219,100.0999984741211,99.9000015258789,100.0,332036,0.0,0.0,0.0
2025-01-06 03:50:00+00:00,100.0,100.0,99.94999694824219,99.94999694824219,103454,0.0,0.0,0.0
2025-01-06 03:55:00+00:00,99.9000015258789,100.0,99.80000305175781,99.94999694824219,206631,0.0,0.0,0.0
2025-01-06 04:00:00+00:00,100.0,100.05000305175781,100.0,100.05000305175781,49458,0.0,0.0,0.0
2025-01-06 04:05:00+00:00,99.94999694824219,100.0,99.94999694824219,99.94999694824219,16636,0.0,0.0,0.0
2025-01-06 04:10:00+00:00,99.94999694824219,100.0,99.8499984741211,100.0,109916,0.0,0.0,0.0
2025-01-06 04:15:00+00:00,100.0,100.0,99.80000305175781,99.9000015258789,22070,0.0,0.0,0.0
2025-01-06 04:20:00+00:00,99.9000015258789,99.94999694824219,99.80000305175781,99.94999694824219,70577,0.0,0.0,0.0
2025-01-06 04:25:00+00:00,99.94999694824219,100.05000305175781,99.94999694824219,100.0,140682,0.0,0.0,0.0
2025-01-06 04:30:00+00:00,99.9000015258789,100.0,99.9000015258789,100.0,77587,0.0,0.0,0.0
2025-01-06 04:35:00+00:00,99.94999694824219,99.94999694824219,99.80000305175781,99.9000015258789,33772,0.0,0.0,0.0
2025-01-06 04:40:00+00:00,99.8499984741211,99.8499984741211,99.69999694824219,99.75,75564,0.0,0.0,0.0
2025-01-06 04:45:00+00:00,99.75,99.8499984741211,99.75,99.8499984741211,37395,0.0,0.0,0.0
2025-01-06 04:50:00+00:00,99.80000305175781,99.8499984741211,99.80000305175781,99.80000305175781,21444,0.0,0.0,0.0
2025-01-06 04:55:00+00:00,99.8499984741211,100.0,99.8499984741211,100.0,287246,0.0,0.0,0.0
2025-01-06 05:00:00+00:00,100.0,100.19999694824219,100.0,100.1500015258789,253197,0.0,0.0,0.0
2025-01-06 05:05:00+00:00,100.1500015258789,100.19999694824219,100.0999984741211,100.1500015258789,60272,0.0,0.0,0.0
2025-01-06 05:10:00+00:00,100.1500015258789,100.1500015258789,100.0999984741211,100.1500015258789,67629,0.0,0.0,0.0
2025-01-06 05:15:00+00:00,100.1500015258789,100.1500015258789,99.9000015258789,99.94999694824219,93745,0.0,0.0,0.0
2025-01-06 05:20:00+00:00,99.94999694824219,100.0,99.9000015258789,100.0,181544,0.0,0.0,0.0
2025-01-07 01:00:00+00:00,102.80000305175781,102.8499984741211,102.4000015258789,102.4000015258789,0,0.0,0.0,0.0
2025-01-07 01:05:00+00:00,102.44999694824219,102.55000305175781,102.3499984741211,102.4000015258789,567343,0.0,0.0,0.0
2025-01-07 01:10:00+00:00,102.4000015258789,102.44999694824219,102.25,102.30000305175781,477474,0.0,0.0,0.0
2025-01-07 01:15:00+00:00,102.30000305175781,102.30000305175781,102.05000305175781,102.0999984741211,416948,0.0,0.0,0.0
2025-01-07 01:20:00+00:00,102.05000305175781,102.3499984741211,102.05000305175781,102.19999694824219,542284,0.0,0.0,0.0
2025-01-07 01:25:00+00:00,102.19999694824219,102.25,102.0,102.0999984741211,160042,0.0,0.0,0.0
2025-01-07 01:30:00+00:00,102.05000305175781,102.44999694824219,102.05000305175781,102.4000015258789,241204,0.0,0.0,0.0
2025-01-07 01:35:00+00:00,102.4000015258789,102.55000305175781,102.4000015258789,102.5,250395,0.0,0.0,0.0
2025-01-07 01:40:00+00:00,102.5,102.55000305175781,102.4000015258789,102.5,169213,0.0,0.0,0.0
2025-01-07 01:45:00+00:00,102.5999984741211,102.69999694824219,102.5,102.6500015258789,287242,0.0,0.0,0.0
2025-01-07 01:50:00+00:00,102.69999694824219,102.75,102.6500015258789,102.69999694824219,79329,0.0,0.0,0.0
2025-01-07 01:55:00+00:00,102.69999694824219,102.8499984741211,102.6500015258789,102.8499984741211,418461,0.0,0.0,0.0
2025-01-07 02:00:00+00:00,102.8499984741211,102.9000015258789,102.8499984741211,102.8499984741211,53694,0.0,0.0,0.0
2025-01-07 02:05:00+00:00,102.80000305175781,102.80000305175781,102.75,102.75,184660,0.0,0.0,0.0
2025-01-07 02:10:00+00:00,102.75,102.9000015258789,102.75,102.9000015258789,154216,0.0,0.0,0.0
2025-01-07 02:15:00+00:00,102.8499984741211,102.8499984741211,102.75,102.75,13616,0.0,0.0,0.0
2025-01-07 02:20:00+00:00,102.75,102.8499984741211,102.75,102.8499984741211,50455,0.0,0.0,0.0
2025-01-07 02:25:00+00:00,102.80000305175781,102.80000305175781,102.6500015258789,102.6500015258789,20389,0.0,0.0,0.0
2025-01-07 02:30:00+00:00,102.6500015258789,102.6500015258789,102.30000305175781,102.3499984741211,124631,0.0,0.0,0.0
2025-01-07 02:35:00+00:00,102.3499984741211,102.3499984741211,102.19999694824219,102.25,12631,0.0,0.0,0.0
2025-01-07 02:40:00+00:00,102.25,102.25,102.19999694824219,102.25,36763,0.0,0.0,0.0
2025-01-07 02:45:00+00:00,102.19999694824219,102.30000305175781,102.19999694824219,102.30000305175781,58820,0.0,0.0,0.0
2025-01-07 02:50:00+00:00,102.19999694824219,102.19999694824219,101.5999984741211,101.6500015258789,569744,0.0,0.0,0.0
2025-01-07 02:55:00+00:00,101.5999984741211,101.80000305175781,101.5999984741211,101.80000305175781,117455,0.0,0.0,0.0
2025-01-07 03:00:00+00:00,101.8499984741211,101.94999694824219,101.6500015258789,101.94999694824219,64734,0.0,0.0,0.0
2025-01-07 03:05:00+00:00,101.94999694824219,101.94999694824219,101.80000305175781,101.80000305175781,18331,0.0,0.0,0.0
2025-01-07 03:10:00+00:00,101.80000305175781,101.9000015258789,101.69999694824219,101.80000305175781,85117,0.0,0.0,0.0
2025-01-07 03:15:00+00:00,101.80000305175781,101.8499984741211,101.80000305175781,101.80000305175781,11600,0.0,0.0,0.0
2025-01-07 03:20:00+00:00,101.80000305175781,101.8499984741211,101.69999694824219,101.69999694824219,102399,0.0,0.0,0.0
2025-01-07 03:25:00+00:00,101.75,101.80000305175781,101.5,101.5,81160,0.0,0.0,0.0
2025-01-07 03:30:00+00:00,101.55000305175781,101.94999694824219,101.55000305175781,101.94999694824219,169255,0.0,0.0,0.0
2025-01-07 03:35:00+00:00,101.9000015258789,101.94999694824219,101.8499984741211,101.9000015258789,13490,0.0,0.0,0.0
2025-01-07 03:40:00+00:00,101.8499984741211,101.9000015258789,101.80000305175781,101.8499984741211,39107,0.0,0.0,0.0
2025-01-07 03:45:00+00:00,101.80000305175781,101.9000015258789,101.80000305175781,101.8499984741211,23500,0.0,0.0,0.0
2025-01-07 03:50:00+00:00,101.8499984741211,102.0,101.80000305175781,102.0,48208,0.0,0.0,0.0
2025-01-07 03:55:00+00:00,101.94999694824219,101.94999694824219,101.9000015258789,101.94999694824219,7118,0.0,0.0,0.0
2025-01-07 04:00:00+00:00,101.94999694824219,101.94999694824219,101.8499984741211,101.94999694824219,13250,0.0,0.0,0.0
2025-01-07 04:05:00+00:00,101.94999694824219,101.94999694824219,101.80000305175781,101.80000305175781,21775,0.0,0.0,0.0
2025-01-07 04:10:00+00:00,101.9000015258789,101.9000015258789,101.8499984741211,101.8499984741211,38368,0.0,0.0,0.0
2025-01-07 04:15:00+00:00,101.8499984741211,101.8499984741211,101.69999694824219,101.80000305175781,151143,0.0,0.0,0.0
2025-01-07 04:20:00+00:00,101.8499984741211,102.0999984741211,101.80000305175781,102.05000305175781,285186,0.0,0.0,0.0
2025-01-07 04:25:00+00:00,102.05000305175781,102.05000305175781,102.0,102.05000305175781,41917,0.0,0.0,0.0
2025-01-07 04:30:00+00:00,102.05000305175781,102.0999984741211,101.6500015258789,101.6500015258789,85874,0.0,0.0,0.0
2025-01-07 04:35:00+00:00,101.69999694824219,101.75,101.5,101.5,69992,0.0,0.0,0.0
2025-01-07 04:40:00+00:00,101.5,101.75,101.5,101.69999694824219,56780,0.0,0.0,0.0
2025-01-07 04:45:00+00:00,101.69999694824219,101.69999694824219,101.5999984741211,101.5999984741211,65958,0.0,0.0,0.0
2025-01-07 04:50:00+00:00,101.5999984741211,101.6500015258789,101.5,101.55000305175781,80952,0.0,0.0,0.0
2025-01-07 04:55:00+00:00,101.5,101.55000305175781,101.44999694824219,101.44999694824219,83021,0.0,0.0,0.0
2025-01-07 05:00:00+00:00,101.5,101.5,101.3499984741211,101.44999694824219,97944,0.0,0.0,0.0
2025-01-07 05:05:00+00:00,101.5,101.55000305175781,101.44999694824219,101.44999694824219,91051,0.0,0.0,0.0
2025-01-07 05:10:00+00:00,101.4000015258789,101.69999694824219,101.4000015258789,101.6500015258789,181170,0.0,0.0,0.0
2025-01-07 05:15:00+00:00,101.5,101.5999984741211,101.44999694824219,101.5999984741211,77393,0.0,0.0,0.0
2025-01-07 05:20:00+00:00,101.55000305175781,101.55000305175781,101.25,101.25,106620,0.0,0.0,0.0
2025-01-08 01:00:00+00:00,99.80000305175781,100.05000305175781,99.80000305175781,100.05000305175781,0,0.0,0.0,0.0
2025-01-08 01:05:00+00:00,100.0999984741211,100.30000305175781,99.94999694824219,100.30000305175781,261601,0.0,0.0,0.0
2025-01-08 01:10:00+00:00,100.30000305175781,100.5,100.0999984741211,100.19999694824219,169969,0.0,0.0,0.0
2025-01-08 01:15:00+00:00,100.19999694824219,100.5,100.19999694824219,100.4000015258789,61354,0.0,0.0,0.0
2025-01-08 01:20:00+00:00,100.4000015258789,100.5,100.19999694824219,100.19999694824219,89792,0.0,0.0,0.0
2025-01-08 01:25:00+00:00,100.19999694824219,100.25,100.0,100.0,87596,0.0,0.0,0.0
2025-01-08 01:30:00+00:00,100.05000305175781,100.3499984741211,100.05000305175781,100.3499984741211,29577,0.0,0.0,0.0
2025-01-08 01:35:00+00:00,100.3499984741211,100.3499984741211,100.0999984741211,100.0999984741211,22437,0.0,0.0,0.0
2025-01-08 01:40:00+00:00,100.19999694824219,100.19999694824219,100.0,100.0,60723,0.0,0.0,0.0
2025-01-08 01:45:00+00:00,100.0,100.0,99.8499984741211,99.9000015258789,54020,0.0,0.0,0.0
2025-01-08 01:50:00+00:00,99.9000015258789,99.94999694824219,99.80000305175781,99.94999694824219,25975,0.0,0.0,0.0
2025-01-08 01:55:00+00:00,100.0,100.0,99.8499984741211,99.9000015258789,62792,0.0,0.0,0.0
2025-01-08 02:00:00+00:00,99.9000015258789,99.9000015258789,99.80000305175781,99.9000015258789,62561,0.0,0.0,0.0
2025-01-08 02:05:00+00:00,99.9000015258789,100.1500015258789,99.8499984741211,100.1500015258789,60084,0.0,0.0,0.0
2025-01-08 02:10:00+00:00,100.19999694824219,100.19999694824219,100.0,100.0,36700,0.0,0.0,0.0
2025-01-08 02:15:00+00:00,100.0,100.0999984741211,99.94999694824219,100.0999984741211,47355,0.0,0.0,0.0
2025-01-08 02:20:00+00:00,100.1500015258789,100.1500015258789,100.0999984741211,100.0999984741211,6325,0.0,0.0,0.0
2025-01-08 02:25:00+00:00,100.0999984741211,100.1500015258789,100.0999984741211,100.1500015258789,67405,0.0,0.0,0.0
2025-01-08 02:30:00+00:00,100.1500015258789,100.1500015258789,99.9000015258789,99.9000015258789,19551,0.0,0.0,0.0
2025-01-08 02:35:00+00:00,99.9000015258789,100.0,99.9000015258789,100.0,21267,0.0,0.0,0.0
2025-01-08 02:40:00+00:00,100.0,100.05000305175781,99.94999694824219,99.94999694824219,11270,0.0,0.0,0.0
2025-01-08 02:45:00+00:00,99.94999694824219,99.94999694824219,99.80000305175781,99.80000305175781,63186,0.0,0.0,0.0
2025-01-08 02:50:00+00:00,99.80000305175781,99.8499984741211,99.80000305175781,99.8499984741211,12128,0.0,0.0,0.0
2025-01-08 02:55:00+00:00,99.94999694824219,99.94999694824219,99.8499984741211,99.8499984741211,10333,0.0,0.0,0.0
2025-01-08 03:00:00+00:00,99.80000305175781,99.80000305175781,99.30000305175781,99.4000015258789,201555,0.0,0.0,0.0
2025-01-08 03:05:00+00:00,99.4000015258789,99.4000015258789,99.1500015258789,99.30000305175781,78725,0.0,0.0,0.0
2025-01-08 03:10:00+00:00,99.3499984741211,99.4000015258789,99.05000305175781,99.1500015258789,74789,0.0,0.0,0.0
2025-01-08 03:15:00+00:00,99.1500015258789,99.19999694824219,99.0999984741211,99.19999694824219,9109,0.0,0.0,0.0
2025-01-08 03:20:00+00:00,99.1500015258789,99.25,99.0999984741211,99.25,53661,0.0,0.0,0.0
2025-01-08 03:25:00+00:00,99.25,99.25,99.05000305175781,99.0999984741211,29454,0.0,0.0,0.0
2025-01-08 03:30:00+00:00,99.1500015258789,99.1500015258789,99.05000305175781,99.05000305175781,15178,0.0,0.0,0.0
2025-01-08 03:35:00+00:00,99.1500015258789,99.25,99.1500015258789,99.25,17011,0.0,0.0,0.0
2025-01-08 03:40:00+00:00,99.25,99.3499984741211,99.25,99.25,17927,0.0,0.0,0.0
2025-01-08 03:45:00+00:00,99.25,99.25,99.25,99.25,5869,0.0,0.0,0.0
2025-01-08 03:50:00+00:00,99.25,99.25,99.25,99.25,14129,0.0,0.0,0.0
2025-01-08 03:55:00+00:00,99.30000305175781,99.3499984741211,99.30000305175781,99.3499984741211,30338,0.0,0.0,0.0
2025-01-08 04:00:00+00:00,99.4000015258789,99.5,99.4000015258789,99.44999694824219,3054,0.0,0.0,0.0
2025-01-08 04:05:00+00:00,99.44999694824219,99.5,99.3499984741211,99.3499984741211,38405,0.0,0.0,0.0
2025-01-08 04:10:00+00:00,99.4000015258789,99.44999694824219,99.30000305175781,99.30000305175781,31250,0.0,0.0,0.0
2025-01-08 04:15:00+00:00,99.30000305175781,99.30000305175781,99.19999694824219,99.19999694824219,22899,0.0,0.0,0.0
2025-01-08 04:20:00+00:00,99.19999694824219,99.30000305175781,99.1500015258789,99.1500015258789,19504,0.0,0.0,0.0
2025-01-08 04:25:00+00:00,99.19999694824219,99.19999694824219,99.0999984741211,99.0999984741211,25412,0.0,0.0,0.0
2025-01-08 04:30:00+00:00,99.1500015258789,99.30000305175781,99.0999984741211,99.0999984741211,33476,0.0,0.0,0.0
2025-01-08 04:35:00+00:00,99.05000305175781,99.05000305175781,98.9000015258789,98.94999694824219,184000,0.0,0.0,0.0
2025-01-08 04:40:00+00:00,99.0,99.0,98.8499984741211,98.8499984741211,75932,0.0,0.0,0.0
2025-01-08 04:45:00+00:00,98.8499984741211,98.9000015258789,98.80000305175781,98.80000305175781,40164,0.0,0.0,0.0
2025-01-08 04:50:00+00:00,98.80000305175781,98.9000015258789,98.80000305175781,98.8499984741211,30148,0.0,0.0,0.0
2025-01-08 04:55:00+00:00,98.8499984741211,98.8499984741211,98.80000305175781,98.80000305175781,121110,0.0,0.0,0.0
2025-01-08 05:00:00+00:00,98.80000305175781,99.0,98.80000305175781,99.0,83820,0.0,0.0,0.0
2025-01-08 05:05:00+00:00,98.94999694824219,99.19999694824219,98.94999694824219,99.1500015258789,72687,0.0,0.0,0.0
2025-01-08 05:10:00+00:00,99.1500015258789,99.25,99.0999984741211,99.0999984741211,61797,0.0,0.0,0.0
2025-01-08 05:15:00+00:00,99.0999984741211,99.0999984741211,99.0,99.05000305175781,45171,0.0,0.0,0.0
2025-01-08 05:20:00+00:00,99.0,99.0999984741211,98.8499984741211,99.05000305175781,132640,0.0,0.0,0.0
2025-01-09 01:00:00+00:00,98.1500015258789,98.4000015258789,98.0999984741211,98.30000305175781,0,0.0,0.0,0.0
2025-01-09 01:05:00+00:00,98.30000305175781,98.3499984741211,98.19999694824219,98.25,127078,0.0,0.0,0.0
2025-01-09 01:10:00+00:00,98.25,98.5,98.0999984741211,98.5,112651,0.0,0.0,0.0
2025-01-09 01:15:00+00:00,98.5,98.5,98.4000015258789,98.5,56468,0.0,0.0,0.0
2025-01-09 01:20:00+00:00,98.5,98.5,98.1500015258789,98.1500015258789,95761,0.0,0.0,0.0
2025-01-09 01:25:00+00:00,98.0999984741211,98.0999984741211,97.8499984741211,97.9000015258789,169127,0.0,0.0,0.0
2025-01-09 01:30:00+00:00,97.9000015258789,97.94999694824219,97.8499984741211,97.94999694824219,34124,0.0,0.0,0.0
2025-01-09 01:35:00+00:00,97.94999694824219,97.94999694824219,97.55000305175781,97.8499984741211,165375,0.0,0.0,0.0
2025-01-09 01:40:00+00:00,98.0,98.19999694824219,97.9000015258789,98.19999694824219,43575,0.0,0.0,0.0
2025-01-09 01:45:00+00:00,98.25,98.30000305175781,98.0999984741211,98.30000305175781,18964,0.0,0.0,0.0
2025-01-09 01:50:00+00:00,98.30000305175781,98.30000305175781,98.19999694824219,98.19999694824219,11234,0.0,0.0,0.0
2025-01-09 01:55:00+00:00,98.05000305175781,98.19999694824219,98.0,98.0,31943,0.0,0.0,0.0
2025-01-09 02:00:00+00:00,98.0,98.25,98.0,98.19999694824219,26099,0.0,0.0,0.0
2025-01-09 02:05:00+00:00,98.0999984741211,98.0999984741211,97.94999694824219,97.94999694824219,21793,0.0,0.0,0.0
2025-01-09 02:10:00+00:00,98.0,98.05000305175781,97.9000015258789,97.94999694824219,22844,0.0,0.0,0.0
2025-01-09 02:15:00+00:00,97.94999694824219,98.0999984741211,97.94999694824219,98.05000305175781,6175,0.0,0.0,0.0
2025-01-09 02:20:00+00:00,98.05000305175781,98.30000305175781,98.0,98.19999694824219,24327,0.0,0.0,0.0
2025-01-09 02:25:00+00:00,98.19999694824219,98.19999694824219,98.0999984741211,98.0999984741211,6834,0.0,0.0,0.0
2025-01-09 02:30:00+00:00,98.05000305175781,98.05000305175781,97.9000015258789,97.9000015258789,23837,0.0,0.0,0.0
2025-01-09 02:35:00+00:00,97.8499984741211,98.0,97.8499984741211,98.0,10161,0.0,0.0,0.0
2025-01-09 02:40:00+00:00,98.0,98.0,97.9000015258789,97.9000015258789,13394,0.0,0.0,0.0
2025-01-09 02:45:00+00:00,97.8499984741211,97.8499984741211,97.80000305175781,97.80000305175781,11338,0.0,0.0,0.0
2025-01-09 02:50:00+00:00,97.8499984741211,97.8499984741211,97.69999694824219,97.75,37411,0.0,0.0,0.0
2025-01-09 02:55:00+00:00,97.80000305175781,97.80000305175781,97.69999694824219,97.80000305175781,14434,0.0,0.0,0.0
2025-01-09 03:00:00+00:00,97.80000305175781,97.8499984741211,97.80000305175781,97.8499984741211,8000,0.0,0.0,0.0
2025-01-09 03:05:00+00:00,97.8499984741211,97.8499984741211,97.69999694824219,97.69999694824219,18712,0.0,0.0,0.0
2025-01-09 03:10:00+00:00,97.69999694824219,97.69999694824219,97.5999984741211,97.5999984741211,93778,0.0,0.0,0.0
2025-01-09 03:15:00+00:00,97.5999984741211,97.5999984741211,97.30000305175781,97.30000305175781,242640,0.0,0.0,0.0
2025-01-09 03:20:00+00:00,97.3499984741211,97.5,97.3499984741211,97.4000015258789,56001,0.0,0.0,0.0
2025-01-09 03:25:00+00:00,97.4000015258789,97.5,97.30000305175781,97.5,60832,0.0,0.0,0.0
2025-01-09 03:30:00+00:00,97.5999984741211,97.6500015258789,97.5,97.5,14598,0.0,0.0,0.0
2025-01-09 03:35:00+00:00,97.5,97.69999694824219,97.5,97.5999984741211,21529,0.0,0.0,0.0
2025-01-09 03:40:00+00:00,97.69999694824219,97.69999694824219,97.5,97.5,20603,0.0,0.0,0.0
2025-01-09 03:45:00+00:00,97.55000305175781,97.55000305175781,97.4000015258789,97.4000015258789,41828,0.0,0.0,0.0
2025-01-09 03:50:00+00:00,97.3499984741211,97.3499984741211,97.19999694824219,97.25,97721,0.0,0.0,0.0
2025-01-09 03:55:00+00:00,97.19999694824219,97.25,97.19999694824219,97.19999694824219,42152,0.0,0.0,0.0
2025-01-09 04:00:00+00:00,97.25,97.25,97.1500015258789,97.19999694824219,27410,0.0,0.0,0.0
2025-01-09 04:05:00+00:00,97.19999694824219,97.19999694824219,96.94999694824219,96.94999694824219,177717,0.0,0.0,0.0
2025-01-09 04:10:00+00:00,96.94999694824219,96.94999694824219,96.69999694824219,96.69999694824219,171320,0.0,0.0,0.0
2025-01-09 04:15:00+00:00,96.69999694824219,96.69999694824219,96.55000305175781,96.5999984741211,172524,0.0,0.0,0.0
2025-01-09 04:20:00+00:00,96.5999984741211,96.80000305175781,96.55000305175781,96.75,80490,0.0,0.0,0.0
2025-01-09 04:25:00+00:00,96.75,96.75,96.55000305175781,96.5999984741211,66502,0.0,0.0,0.0
2025-01-09 04:30:00+00:00,96.5999984741211,96.5999984741211,96.55000305175781,96.5999984741211,82805,0.0,0.0,0.0
2025-01-09 04:35:00+00:00,96.55000305175781,96.5999984741211,96.3499984741211,96.4000015258789,212956,0.0,0.0,0.0
2025-01-09 04:40:00+00:00,96.44999694824219,96.44999694824219,96.19999694824219,96.19999694824219,87762,0.0,0.0,0.0
2025-01-09 04:45:00+00:00,96.25,96.5,96.19999694824219,96.44999694824219,111374,0.0,0.0,0.0
2025-01-09 04:50:00+00:00,96.4000015258789,96.44999694824219,96.3499984741211,96.4000015258789,65724,0.0,0.0,0.0
2025-01-09 04:55:00+00:00,96.4000015258789,96.4000015258789,96.25,96.30000305175781,63952,0.0,0.0,0.0
2025-01-09 05:00:00+00:00,96.25,96.30000305175781,96.05000305175781,96.19999694824219,281896,0.0,0.0,0.0
2025-01-09 05:05:00+00:00,96.19999694824219,96.30000305175781,96.1500015258789,96.19999694824219,64187,0.0,0.0,0.0
2025-01-09 05:10:00+00:00,96.1500015258789,96.25,96.0999984741211,96.25,47839,0.0,0.0,0.0
2025-01-09 05:15:00+00:00,96.19999694824219,96.30000305175781,96.0,96.0999984741211,154222,0.0,0.0,0.0
2025-01-09 05:20:00+00:00,96.0999984741211,96.1500015258789,96.0,96.0999984741211,151237,0.0,0.0,0.0
2025-01-10 01:00:00+00:00,95.5999984741211,95.80000305175781,95.55000305175781,95.75,0,0.0,0.0,0.0
2025-01-10 01:05:00+00:00,95.80000305175781,95.8499984741211,95.5999984741211,95.80000305175781,224000,0.0,0.0,0.0
2025-01-10 01:10:00+00:00,96.0,96.1500015258789,95.94999694824219,96.0999984741211,128805,0.0,0.0,0.0
2025-01-10 01:15:00+00:00,96.05000305175781,96.1500015258789,95.94999694824219,96.05000305175781,42422,0.0,0.0,0.0
2025-01-10 01:20:00+00:00,96.0999984741211,96.30000305175781,96.0999984741211,96.25,76662,0.0,0.0,0.0
2025-01-10 01:25:00+00:00,96.25,96.30000305175781,96.0999984741211,96.0999984741211,48312,0.0,0.0,0.0
2025-01-10 01:30:00+00:00,96.0999984741211,96.0999984741211,95.75,95.75,90044,0.0,0.0,0.0
2025-01-10 01:35:00+00:00,95.75,95.8499984741211,95.69999694824219,95.8499984741211,67417,0.0,0.0,0.0
2025-01-10 01:40:00+00:00,96.05000305175781,96.05000305175781,96.05000305175781,96.05000305175781,13862,0.0,0.0,0.0
2025-01-10 01:45:00+00:00,96.05000305175781,96.05000305175781,95.80000305175781,95.80000305175781,66455,0.0,0.0,0.0
2025-01-10 01:50:00+00:00,95.8499984741211,95.9000015258789,95.80000305175781,95.8499984741211,10612,0.0,0.0,0.0
2025-01-10 01:55:00+00:00,95.80000305175781,95.80000305175781,95.6500015258789,95.6500015258789,46432,0.0,0.0,0.0
2025-01-10 02:00:00+00:00,95.5999984741211,95.6500015258789,95.05000305175781,95.05000305175781,277324,0.0,0.0,0.0
2025-01-10 02:05:00+00:00,95.0999984741211,95.25,95.0,95.1500015258789,169196,0.0,0.0,0.0
2025-01-10 02:10:00+00:00,95.1500015258789,95.5999984741211,95.1500015258789,95.55000305175781,21784,0.0,0.0,0.0
2025-01-10 02:15:00+00:00,95.5999984741211,95.75,95.5999984741211,95.5999984741211,16105,0.0,0.0,0.0
2025-01-10 02:20:00+00:00,95.55000305175781,95.5999984741211,95.44999694824219,95.44999694824219,56086,0.0,0.0,0.0
2025-01-10 02:25:00+00:00,95.5,95.55000305175781,95.3499984741211,95.3499984741211,76772,0.0,0.0,0.0
2025-01-10 02:30:00+00:00,95.30000305175781,95.3499984741211,95.1500015258789,95.25,29521,0.0,0.0,0.0
2025-01-10 02:35:00+00:00,95.25,95.55000305175781,95.25,95.44999694824219,9040,0.0,0.0,0.0
2025-01-10 02:40:00+00:00,95.44999694824219,95.44999694824219,95.25,95.25,16832,0.0,0.0,0.0
2025-01-10 02:45:00+00:00,95.25,95.30000305175781,95.19999694824219,95.30000305175781,8361,0.0,0.0,0.0
2025-01-10 02:50:00+00:00,95.44999694824219,95.44999694824219,95.3499984741211,95.3499984741211,19308,0.0,0.0,0.0
2025-01-10 02:55:00+00:00,95.4000015258789,95.4000015258789,95.30000305175781,95.30000305175781,29975,0.0,0.0,0.0
2025-01-10 03:00:00+00:00,95.30000305175781,95.30000305175781,95.19999694824219,95.19999694824219,27849,0.0,0.0,0.0
2025-01-10 03:05:00+00:00,95.30000305175781,95.5,95.30000305175781,95.5,12389,0.0,0.0,0.0
2025-01-10 03:10:00+00:00,95.55000305175781,95.6500015258789,95.55000305175781,95.6500015258789,7779,0.0,0.0,0.0
2025-01-10 03:15:00+00:00,95.6500015258789,95.6500015258789,95.4000015258789,95.4000015258789,45106,0.0,0.0,0.0
2025-01-10 03:20:00+00:00,95.44999694824219,95.44999694824219,95.25,95.30000305175781,27847,0.0,0.0,0.0
2025-01-10 03:25:00+00:00,95.30000305175781,95.3499984741211,95.25,95.30000305175781,24939,0.0,0.0,0.0
2025-01-10 03:30:00+00:00,95.30000305175781,95.3499984741211,95.30000305175781,95.3499984741211,30112,0.0,0.0,0.0
2025-01-10 03:35:00+00:00,95.30000305175781,95.30000305175781,95.19999694824219,95.19999694824219,56586,0.0,0.0,0.0
2025-01-10 03:40:00+00:00,95.25,95.4000015258789,95.19999694824219,95.3499984741211,11757,0.0,0.0,0.0
2025-01-10 03:45:00+00:00,95.19999694824219,95.25,95.0999984741211,95.25,42137,0.0,0.0,0.0
2025-01-10 03:50:00+00:00,95.25,95.30000305175781,95.25,95.30000305175781,2608,0.0,0.0,0.0
2025-01-10 03:55:00+00:00,95.30000305175781,95.30000305175781,95.0999984741211,95.0999984741211,62487,0.0,0.0,0.0
2025-01-10 04:00:00+00:00,95.19999694824219,95.19999694824219,94.94999694824219,95.05000305175781,242800,0.0,0.0,0.0
2025-01-10 04:05:00+00:00,95.05000305175781,95.05000305175781,94.80000305175781,94.8499984741211,133197,0.0,0.0,0.0
2025-01-10 04:10:00+00:00,94.9000015258789,95.05000305175781,94.9000015258789,95.0,45460,0.0,0.0,0.0
2025-01-10 04:15:00+00:00,94.94999694824219,94.94999694824219,94.8499984741211,94.94999694824219,37830,0.0,0.0,0.0
2025-01-10 04:20:00+00:00,95.1500015258789,95.1500015258789,95.1500015258789,95.1500015258789,1716,0.0,0.0,0.0
2025-01-10 04:25:00+00:00,95.0999984741211,95.0999984741211,94.8499984741211,94.8499984741211,40078,0.0,0.0,0.0
2025-01-10 04:30:00+00:00,94.8499984741211,94.9000015258789,94.80000305175781,94.9000015258789,36344,0.0,0.0,0.0
2025-01-10 04:35:00+00:00,94.8499984741211,94.9000015258789,94.8499984741211,94.9000015258789,20575,0.0,0.0,0.0
2025-01-10 04:40:00+00:00,94.94999694824219,95.05000305175781,94.94999694824219,95.05000305175781,20349,0.0,0.0,0.0
2025-01-10 04:45:00+00:00,95.05000305175781,95.05000305175781,94.94999694824219,95.0,32120,0.0,0.0,0.0
2025-01-10 04:50:00+00:00,95.0,95.4000015258789,95.0,95.4000015258789,35524,0.0,0.0,0.0
2025-01-10 04:55:00+00:00,95.4000015258789,95.5,95.4000015258789,95.4000015258789,28425,0.0,0.0,0.0
2025-01-10 05:00:00+00:00,95.4000015258789,95.4000015258789,95.3499984741211,95.3499984741211,19062,0.0,0.0,0.0
2025-01-10 05:05:00+00:00,95.3499984741211,95.8499984741211,95.3499984741211,95.8499984741211,39438,0.0,0.0,0.0
2025-01-10 05:10:00+00:00,95.9000015258789,96.0999984741211,95.9000015258789,95.9000015258789,139640,0.0,0.0,0.0
2025-01-10 05:15:00+00:00,95.9000015258789,96.0,95.69999694824219,95.69999694824219,64505,0.0,0.0,0.0
2025-01-10 05:20:00+00:00,95.6500015258789,95.75,95.5999984741211,95.75,32826,0.0,0.0,0.0
2025-01-13 01:00:00+00:00,95.05000305175781,95.05000305175781,94.4000015258789,94.44999694824219,0,0.0,0.0,0.0
2025-01-13 01:05:00+00:00,94.5,94.5,93.69999694824219,93.75,550000,0.0,0.0,0.0
2025-01-13 01:10:00+00:00,93.75,93.8499984741211,93.4000015258789,93.5,367960,0.0,0.0,0.0
2025-01-13 01:15:00+00:00,93.69999694824219,93.9000015258789,93.30000305175781,93.55000305175781,199043,0.0,0.0,0.0
2025-01-13 01:20:00+00:00,93.5,93.55000305175781,93.0,93.05000305175781,536860,0.0,0.0,0.0
2025-01-13 01:25:00+00:00,93.0,93.0,92.5,92.5999984741211,491096,0.0,0.0,0.0
2025-01-13 01:30:00+00:00,92.5999984741211,92.69999694824219,92.0,92.05000305175781,1153421,0.0,0.0,0.0
2025-01-13 01:35:00+00:00,92.0999984741211,92.19999694824219,91.5999984741211,92.0999984741211,496011,0.0,0.0,0.0
2025-01-13 01:40:00+00:00,92.0999984741211,92.0999984741211,91.30000305175781,91.30000305175781,631259,0.0,0.0,0.0
2025-01-13 01:45:00+00:00,91.30000305175781,91.6500015258789,90.5999984741211,91.5,709178,0.0,0.0,0.0
2025-01-13 01:50:00+00:00,91.5999984741211,92.1500015258789,91.4000015258789,91.80000305175781,484998,0.0,0.0,0.0
2025-01-13 01:55:00+00:00,91.80000305175781,92.05000305175781,91.44999694824219,91.5999984741211,236227,0.0,0.0,0.0
2025-01-13 02:00:00+00:00,91.5,91.94999694824219,91.44999694824219,91.9000015258789,121597,0.0,0.0,0.0
2025-01-13 02:05:00+00:00,91.9000015258789,92.30000305175781,91.80000305175781,92.0999984741211,119198,0.0,0.0,0.0
2025-01-13 02:10:00+00:00,92.05000305175781,92.19999694824219,91.8499984741211,91.8499984741211,171920,0.0,0.0,0.0
2025-01-13 02:15:00+00:00,91.8499984741211,92.25,91.8499984741211,92.19999694824219,72609,0.0,0.0,0.0
2025-01-13 02:20:00+00:00,92.19999694824219,92.4000015258789,92.1500015258789,92.4000015258789,130595,0.0,0.0,0.0
2025-01-13 02:25:00+00:00,92.3499984741211,92.4000015258789,92.0,92.0999984741211,112648,0.0,0.0,0.0
2025-01-13 02:30:00+00:00,92.1500015258789,92.19999694824219,92.0,92.19999694824219,44718,0.0,0.0,0.0
2025-01-13 02:35:00+00:00,92.0999984741211,92.25,92.0,92.25,159523,0.0,0.0,0.0
2025-01-13 02:40:00+00:00,92.19999694824219,92.30000305175781,92.05000305175781,92.25,57790,0.0,0.0,0.0
2025-01-13 02:45:00+00:00,92.3499984741211,92.3499984741211,91.6500015258789,91.80000305175781,279481,0.0,0.0,0.0
2025-01-13 02:50:00+00:00,91.80000305175781,91.9000015258789,91.75,91.9000015258789,45618,0.0,0.0,0.0
2025-01-13 02:55:00+00:00,91.9000015258789,92.0999984741211,91.9000015258789,92.0999984741211,51706,0.0,0.0,0.0
2025-01-13 03:00:00+00:00,92.0,92.0,91.80000305175781,91.8499984741211,66905,0.0,0.0,0.0
2025-01-13 03:05:00+00:00,91.75,91.80000305175781,91.5999984741211,91.5999984741211,164542,0.0,0.0,0.0
2025-01-13 03:10:00+00:00,91.5999984741211,91.5999984741211,91.05000305175781,91.05000305175781,480255,0.0,0.0,0.0
2025-01-13 03:15:00+00:00,91.05000305175781,91.4000015258789,91.05000305175781,91.25,36979,0.0,0.0,0.0
2025-01-13 03:20:00+00:00,91.25,91.3499984741211,90.94999694824219,90.94999694824219,544157,0.0,0.0,0.0
2025-01-13 03:25:00+00:00,91.05000305175781,91.25,91.0,91.25,102509,0.0,0.0,0.0
2025-01-13 03:30:00+00:00,91.30000305175781,91.44999694824219,91.19999694824219,91.4000015258789,45040,0.0,0.0,0.0
2025-01-13 03:35:00+00:00,91.30000305175781,91.30000305175781,90.9000015258789,91.0,297716,0.0,0.0,0.0
2025-01-13 03:40:00+00:00,91.05000305175781,91.3499984741211,90.94999694824219,91.25,72955,0.0,0.0,0.0
2025-01-13 03:45:00+00:00,91.25,91.25,91.05000305175781,91.25,33733,0.0,0.0,0.0
2025-01-13 03:50:00+00:00,91.1500015258789,91.19999694824219,90.94999694824219,91.0999984741211,128501,0.0,0.0,0.0
2025-01-13 03:55:00+00:00,91.0999984741211,91.25,90.94999694824219,91.19999694824219,80656,0.0,0.0,0.0
2025-01-13 04:00:00+00:00,91.19999694824219,91.5999984741211,91.05000305175781,91.5999984741211,126673,0.0,0.0,0.0
2025-01-13 04:05:00+00:00,91.5999984741211,91.5999984741211,91.3499984741211,91.5,89541,0.0,0.0,0.0
2025-01-13 04:10:00+00:00,91.5,91.80000305175781,91.30000305175781,91.4000015258789,159832,0.0,0.0,0.0
2025-01-13 04:15:00+00:00,91.55000305175781,91.55000305175781,91.44999694824219,91.44999694824219,43634,0.0,0.0,0.0
2025-01-13 04:20:00+00:00,91.44999694824219,91.44999694824219,91.1500015258789,91.1500015258789,175477,0.0,0.0,0.0
2025-01-13 04:25:00+00:00,91.1500015258789,91.25,91.1500015258789,91.25,78139,0.0,0.0,0.0
2025-01-13 04:30:00+00:00,91.30000305175781,91.4000015258789,91.19999694824219,91.30000305175781,39555,0.0,0.0,0.0
2025-01-13 04:35:00+00:00,91.3499984741211,91.3499984741211,91.0999984741211,91.19999694824219,198358,0.0,0.0,0.0
2025-01-13 04:40:00+00:00,91.19999694824219,91.3499984741211,91.19999694824219,91.3499984741211,126414,0.0,0.0,0.0
2025-01-13 04:45:00+00:00,91.3499984741211,91.3499984741211,91.25,91.30000305175781,59901,0.0,0.0,0.0
2025-01-13 04:50:00+00:00,91.30000305175781,91.44999694824219,91.30000305175781,91.44999694824219,63037,0.0,0.0,0.0
2025-01-13 04:55:00+00:00,91.44999694824219,91.6500015258789,91.3499984741211,91.5999984741211,89508,0.0,0.0,0.0
2025-01-13 05:00:00+00:00,91.5999984741211,91.5999984741211,91.44999694824219,91.44999694824219,97116,0.0,0.0,0.0
2025-01-13 05:05:00+00:00,91.44999694824219,91.5,91.4000015258789,91.4000015258789,75195,0.0,0.0,0.0
2025-01-13 05:10:00+00:00,91.4000015258789,91.5999984741211,91.19999694824219,91.30000305175781,288014,0.0,0.0,0.0
2025-01-13 05:15:00+00:00,91.25,91.44999694824219,91.25,91.4000015258789,76258,0.0,0.0,0.0
2025-01-13 05:20:00+00:00,91.4000015258789,91.5999984741211,91.25,91.55000305175781,194539,0.0,0.0,0.0
2025-01-14 01:00:00+00:00,91.94999694824219,91.94999694824219,91.5999984741211,91.6500015258789,0,0.0,0.0,0.0
2025-01-14 01:05:00+00:00,91.69999694824219,92.0,91.69999694824219,92.0,221000,0.0,0.0,0.0
2025-01-14 01:10:00+00:00,92.0,92.30000305175781,91.69999694824219,91.80000305175781,272273,0.0,0.0,0.0
2025-01-14 01:15:00+00:00,91.80000305175781,91.94999694824219,91.75,91.75,188867,0.0,0.0,0.0
2025-01-14 01:20:00+00:00,91.80000305175781,91.80000305175781,91.44999694824219,91.6500015258789,295832,0.0,0.0,0.0
2025-01-14 01:25:00+00:00,91.69999694824219,91.75,91.5,91.5,144980,0.0,0.0,0.0
2025-01-14 01:30:00+00:00,91.44999694824219,91.55000305175781,91.19999694824219,91.19999694824219,153428,0.0,0.0,0.0
2025-01-14 01:35:00+00:00,91.3499984741211,92.44999694824219,91.3499984741211,92.4000015258789,396345,0.0,0.0,0.0
2025-01-14 01:40:00+00:00,92.3499984741211,92.4000015258789,92.05000305175781,92.19999694824219,189067,0.0,0.0,0.0
2025-01-14 01:45:00+00:00,92.19999694824219,92.25,92.0,92.0999984741211,50255,0.0,0.0,0.0
2025-01-14 01:50:00+00:00,92.0999984741211,92.1500015258789,91.94999694824219,92.1500015258789,35385,0.0,0.0,0.0
2025-01-14 01:55:00+00:00,92.19999694824219,92.19999694824219,92.05000305175781,92.1500015258789,36122,0.0,0.0,0.0
2025-01-14 02:00:00+00:00,92.1500015258789,92.1500015258789,92.0999984741211,92.0999984741211,12471,0.0,0.0,0.0
2025-01-14 02:05:00+00:00,92.0999984741211,92.1500015258789,91.9000015258789,91.9000015258789,195470,0.0,0.0,0.0
2025-01-14 02:10:00+00:00,91.9000015258789,92.0,91.8499984741211,92.0,22596,0.0,0.0,0.0
2025-01-14 02:15:00+00:00,92.0,92.05000305175781,91.8499984741211,91.8499984741211,27933,0.0,0.0,0.0
2025-01-14 02:20:00+00:00,91.8499984741211,92.1500015258789,91.8499984741211,92.1500015258789,14200,0.0,0.0,0.0
2025-01-14 02:25:00+00:00,92.1500015258789,92.25,92.1500015258789,92.1500015258789,34717,0.0,0.0,0.0
2025-01-14 02:30:00+00:00,92.1500015258789,92.19999694824219,92.0999984741211,92.1500015258789,11315,0.0,0.0,0.0
2025-01-14 02:35:00+00:00,92.1500015258789,92.1500015258789,92.05000305175781,92.1500015258789,48885,0.0,0.0,0.0
2025-01-14 02:40:00+00:00,92.05000305175781,92.05000305175781,92.0,92.0,5534,0.0,0.0,0.0
2025-01-14 02:45:00+00:00,92.0999984741211,92.30000305175781,92.0999984741211,92.30000305175781,25689,0.0,0.0,0.0
2025-01-14 02:50:00+00:00,92.30000305175781,92.5,92.25,92.30000305175781,116150,0.0,0.0,0.0
2025-01-14 02:55:00+00:00,92.30000305175781,92.4000015258789,92.30000305175781,92.4000015258789,10295,0.0,0.0,0.0
2025-01-14 03:00:00+00:00,92.3499984741211,92.5,92.30000305175781,92.5,51290,0.0,0.0,0.0
2025-01-14 03:05:00+00:00,92.5,92.6500015258789,92.44999694824219,92.5999984741211,30178,0.0,0.0,0.0
2025-01-14 03:10:00+00:00,92.6500015258789,92.8499984741211,92.6500015258789,92.8499984741211,91775,0.0,0.0,0.0
2025-01-14 03:15:00+00:00,92.8499984741211,92.8499984741211,92.69999694824219,92.69999694824219,30655,0.0,0.0,0.0
2025-01-14 03:20:00+00:00,92.69999694824219,93.05000305175781,92.69999694824219,92.80000305175781,267293,0.0,0.0,0.0
2025-01-14 03:25:00+00:00,92.8499984741211,92.8499984741211,92.5,92.5,96418,0.0,0.0,0.0
2025-01-14 03:30:00+00:00,92.6500015258789,92.8499984741211,92.6500015258789,92.80000305175781,154449,0.0,0.0,0.0
2025-01-14 03:35:00+00:00,92.9000015258789,92.9000015258789,92.75,92.75,24863,0.0,0.0,0.0
2025-01-14 03:40:00+00:00,92.69999694824219,92.8499984741211,92.69999694824219,92.8499984741211,207345,0.0,0.0,0.0
2025-01-14 03:45:00+00:00,92.80000305175781,92.8499984741211,92.5999984741211,92.5999984741211,169892,0.0,0.0,0.0
2025-01-14 03:50:00+00:00,92.55000305175781,92.55000305175781,92.5,92.5,82035,0.0,0.0,0.0
2025-01-14 03:55:00+00:00,92.55000305175781,92.5999984741211,92.55000305175781,92.55000305175781,10410,0.0,0.0,0.0
2025-01-14 04:00:00+00:00,92.5999984741211,92.5999984741211,92.5,92.5,19142,0.0,0.0,0.0
2025-01-14 04:05:00+00:00,92.5,92.5,92.4000015258789,92.5,28765,0.0,0.0,0.0
2025-01-14 04:10:00+00:00,92.5,92.5,92.44999694824219,92.44999694824219,22614,0.0,0.0,0.0
2025-01-14 04:15:00+00:00,92.5,92.5,92.4000015258789,92.4000015258789,23854,0.0,0.0,0.0
2025-01-14 04:20:00+00:00,92.4000015258789,92.44999694824219,92.4000015258789,92.44999694824219,5000,0.0,0.0,0.0
2025-01-14 04:25:00+00:00,92.44999694824219,92.5,92.4000015258789,92.5,15936,0.0,0.0,0.0
2025-01-14 04:30:00+00:00,92.55000305175781,92.5999984741211,92.44999694824219,92.5,16902,0.0,0.0,0.0
2025-01-14 04:35:00+00:00,92.5,92.55000305175781,92.5,92.55000305175781,23725,0.0,0.0,0.0
2025-01-14 04:40:00+00:00,92.5,92.5,92.3499984741211,92.3499984741211,65069,0.0,0.0,0.0
2025-01-14 04:45:00+00:00,92.4000015258789,92.4000015258789,92.30000305175781,92.3499984741211,9500,0.0,0.0,0.0
2025-01-14 04:50:00+00:00,92.4000015258789,92.5,92.3499984741211,92.5,5174,0.0,0.0,0.0
2025-01-14 04:55:00+00:00,92.5,92.55000305175781,92.5,92.55000305175781,20671,0.0,0.0,0.0
2025-01-14 05:00:00+00:00,92.5999984741211,92.75,92.5999984741211,92.75,40355,0.0,0.0,0.0
2025-01-14 05:05:00+00:00,92.69999694824219,92.69999694824219,92.5999984741211,92.6500015258789,24098,0.0,0.0,0.0
2025-01-14 05:10:00+00:00,92.6500015258789,92.6500015258789,92.6500015258789,92.6500015258789,7571,0.0,0.0,0.0
2025-01-14 05:15:00+00:00,92.69999694824219,92.69999694824219,92.5999984741211,92.6500015258789,47762,0.0,0.0,0.0
2025-01-14 05:20:00+00:00,92.69999694824219,92.80000305175781,92.6500015258789,92.69999694824219,192072,0.0,0.0,0.0
2025-01-15 01:00:00+00:00,92.69999694824219,92.69999694824219,92.44999694824219,92.5,49000,0.0,0.0,0.0
2025-01-15 01:05:00+00:00,92.5999984741211,92.75,92.55000305175781,92.5999984741211,71000,0.0,0.0,0.0
2025-01-15 01:10:00+00:00,92.55000305175781,92.55000305175781,92.0,92.0999984741211,88765,0.0,0.0,0.0
2025-01-15 01:15:00+00:00,92.1500015258789,92.1500015258789,92.0,92.0999984741211,82872,0.0,0.0,0.0
2025-01-15 01:20:00+00:00,92.0999984741211,92.0999984741211,91.94999694824219,92.0,59529,0.0,0.0,0.0
2025-01-15 01:25:00+00:00,92.05000305175781,92.0999984741211,91.9000015258789,92.0999984741211,109942,0.0,0.0,0.0
2025-01-15 01:30:00+00:00,92.0999984741211,92.0999984741211,91.75,91.75,92582,0.0,0.0,0.0
2025-01-15 01:35:00+00:00,91.75,92.05000305175781,91.6500015258789,92.0,123193,0.0,0.0,0.0
2025-01-15 01:40:00+00:00,92.0,92.19999694824219,92.0,92.05000305175781,27454,0.0,0.0,0.0
2025-01-15 01:45:00+00:00,92.05000305175781,92.0999984741211,92.05000305175781,92.0999984741211,23597,0.0,0.0,0.0
2025-01-15 01:50:00+00:00,92.0999984741211,92.19999694824219,92.0999984741211,92.19999694824219,16622,0.0,0.0,0.0
2025-01-15 01:55:00+00:00,92.19999694824219,92.25,92.0,92.0,71740,0.0,0.0,0.0
2025-01-15 02:00:00+00:00,91.94999694824219,92.05000305175781,91.94999694824219,92.05000305175781,19356,0.0,0.0,0.0
2025-01-15 02:05:00+00:00,92.0,92.0999984741211,91.8499984741211,91.94999694824219,44126,0.0,0.0,0.0
2025-01-15 02:10:00+00:00,91.94999694824219,91.94999694824219,91.8499984741211,91.8499984741211,17683,0.0,0.0,0.0
2025-01-15 02:15:00+00:00,91.8499984741211,92.05000305175781,91.8499984741211,92.05000305175781,6019,0.0,0.0,0.0
2025-01-15 02:20:00+00:00,92.0999984741211,92.3499984741211,92.0999984741211,92.3499984741211,39025,0.0,0.0,0.0
2025-01-15 02:25:00+00:00,92.3499984741211,92.4000015258789,92.30000305175781,92.3499984741211,17970,0.0,0.0,0.0
2025-01-15 02:30:00+00:00,92.3499984741211,92.3499984741211,92.05000305175781,92.0999984741211,33090,0.0,0.0,0.0
2025-01-15 02:35:00+00:00,92.0999984741211,92.0999984741211,92.0,92.0,24464,0.0,0.0,0.0
2025-01-15 02:40:00+00:00,92.0,92.0,91.9000015258789,91.9000015258789,4160,0.0,0.0,0.0
2025-01-15 02:45:00+00:00,92.0,92.0,91.8499984741211,91.8499984741211,140959,0.0,0.0,0.0
2025-01-15 02:50:00+00:00,91.8499984741211,92.0,91.80000305175781,92.0,3600,0.0,0.0,0.0
2025-01-15 02:55:00+00:00,92.0,92.19999694824219,92.0,92.19999694824219,19726,0.0,0.0,0.0
2025-01-15 03:00:00+00:00,92.0,92.0,91.94999694824219,91.94999694824219,41790,0.0,0.0,0.0
2025-01-15 03:05:00+00:00,91.94999694824219,91.94999694824219,91.9000015258789,91.9000015258789,12070,0.0,0.0,0.0
2025-01-15 03:10:00+00:00,91.9000015258789,91.9000015258789,91.8499984741211,91.8499984741211,17855,0.0,0.0,0.0
2025-01-15 03:15:00+00:00,91.80000305175781,91.8499984741211,91.69999694824219,91.69999694824219,127177,0.0,0.0,0.0
2025-01-15 03:20:00+00:00,91.69999694824219,91.69999694824219,91.5999984741211,91.5999984741211,89183,0.0,0.0,0.0
2025-01-15 03:25:00+00:00,91.5999984741211,91.69999694824219,91.5999984741211,91.69999694824219,4262,0.0,0.0,0.0
2025-01-15 03:30:00+00:00,91.69999694824219,91.69999694824219,91.5999984741211,91.5999984741211,45193,0.0,0.0,0.0
2025-01-15 03:35:00+00:00,91.6500015258789,91.6500015258789,91.6500015258789,91.6500015258789,16779,0.0,0.0,0.0
2025-01-15 03:40:00+00:00,91.69999694824219,91.69999694824219,91.44999694824219,91.5,146186,0.0,0.0,0.0
2025-01-15 03:45:00+00:00,91.44999694824219,91.44999694824219,91.19999694824219,91.30000305175781,104829,0.0,0.0,0.0
2025-01-15 03:50:00+00:00,91.30000305175781,91.30000305175781,91.19999694824219,91.19999694824219,77781,0.0,0.0,0.0
2025-01-15 03:55:00+00:00,91.19999694824219,91.30000305175781,91.1500015258789,91.30000305175781,95962,0.0,0.0,0.0
2025-01-15 04:00:00+00:00,91.30000305175781,91.30000305175781,91.05000305175781,91.0999984741211,96968,0.0,0.0,0.0
2025-01-15 04:05:00+00:00,91.0999984741211,91.0999984741211,91.0,91.05000305175781,60678,0.0,0.0,0.0
2025-01-15 04:10:00+00:00,91.05000305175781,91.19999694824219,91.05000305175781,91.1500015258789,60094,0.0,0.0,0.0
2025-01-15 04:15:00+00:00,91.1500015258789,91.19999694824219,91.1500015258789,91.19999694824219,21511,0.0,0.0,0.0
2025-01-15 04:20:00+00:00,91.19999694824219,91.3499984741211,91.19999694824219,91.30000305175781,37048,0.0,0.0,0.0
2025-01-15 04:25:00+00:00,91.30000305175781,91.30000305175781,91.19999694824219,91.25,47668,0.0,0.0,0.0
2025-01-15 04:30:00+00:00,91.30000305175781,91.44999694824219,91.30000305175781,91.3499984741211,70945,0.0,0.0,0.0
2025-01-15 04:35:00+00:00,91.30000305175781,91.30000305175781,91.05000305175781,91.05000305175781,267959,0.0,0.0,0.0
2025-01-15 04:40:00+00:00,91.0,91.0999984741211,91.0,91.0999984741211,44925,0.0,0.0,0.0
2025-01-15 04:45:00+00:00,91.0999984741211,91.19999694824219,91.05000305175781,91.19999694824219,58683,0.0,0.0,0.0
2025-01-15 04:50:00+00:00,91.19999694824219,91.25,91.0999984741211,91.0999984741211,24506,0.0,0.0,0.0
2025-01-15 04:55:00+00:00,91.1500015258789,91.19999694824219,91.1500015258789,91.1500015258789,19749,0.0,0.0,0.0
2025-01-15 05:00:00+00:00,91.19999694824219,91.25,91.05000305175781,91.05000305175781,110225,0.0,0.0,0.0
2025-01-15 05:05:00+00:00,91.05000305175781,91.19999694824219,91.05000305175781,91.19999694824219,37027,0.0,0.0,0.0
2025-01-15 05:10:00+00:00,91.19999694824219,91.19999694824219,91.0999984741211,91.1500015258789,53687,0.0,0.0,0.0
2025-01-15 05:15:00+00:00,91.1500015258789,91.1500015258789,91.05000305175781,91.0999984741211,106356,0.0,0.0,0.0
2025-01-15 05:20:00+00:00,91.0999984741211,91.1500015258789,91.0,91.0999984741211,164898,0.0,0.0,0.0
2025-01-16 01:00:00+00:00,94.5999984741211,94.6500015258789,94.44999694824219,94.44999694824219,0,0.0,0.0,0.0
2025-01-16 01:05:00+00:00,94.44999694824219,94.94999694824219,94.4000015258789,94.94999694824219,644000,0.0,0.0,0.0
2025-01-16 01:10:00+00:00,94.9000015258789,94.94999694824219,94.75,94.8499984741211,183756,0.0,0.0,0.0
2025-01-16 01:15:00+00:00,94.8499984741211,94.8499984741211,94.44999694824219,94.44999694824219,180146,0.0,0.0,0.0
2025-01-16 01:20:00+00:00,94.5,94.75,94.5,94.75,232985,0.0,0.0,0.0
2025-01-16 01:25:00+00:00,94.75,94.75,94.44999694824219,94.44999694824219,106241,0.0,0.0,0.0
2025-01-16 01:30:00+00:00,94.44999694824219,94.44999694824219,94.25,94.3499984741211,87193,0.0,0.0,0.0
2025-01-16 01:35:00+00:00,94.30000305175781,94.5999984741211,94.30000305175781,94.55000305175781,106009,0.0,0.0,0.0
2025-01-16 01:40:00+00:00,94.55000305175781,95.05000305175781,94.55000305175781,95.0,521664,0.0,0.0,0.0
2025-01-16 01:45:00+00:00,95.0,95.0,94.8499984741211,94.94999694824219,70096,0.0,0.0,0.0
2025-01-16 01:50:00+00:00,94.9000015258789,94.9000015258789,94.69999694824219,94.69999694824219,28790,0.0,0.0,0.0
2025-01-16 01:55:00+00:00,94.69999694824219,94.69999694824219,94.5999984741211,94.5999984741211,12494,0.0,0.0,0.0
2025-01-16 02:00:00+00:00,94.5999984741211,94.5999984741211,94.4000015258789,94.5,24555,0.0,0.0,0.0
2025-01-16 02:05:00+00:00,94.5,94.5999984741211,94.5,94.55000305175781,22857,0.0,0.0,0.0
2025-01-16 02:10:00+00:00,94.55000305175781,94.69999694824219,94.55000305175781,94.69999694824219,142422,0.0,0.0,0.0
2025-01-16 02:15:00+00:00,94.75,94.80000305175781,94.75,94.75,28525,0.0,0.0,0.0
2025-01-16 02:20:00+00:00,94.75,94.94999694824219,94.75,94.94999694824219,81275,0.0,0.0,0.0
2025-01-16 02:25:00+00:00,94.9000015258789,94.9000015258789,94.75,94.75,12744,0.0,0.0,0.0
2025-01-16 02:30:00+00:00,94.75,94.9000015258789,94.75,94.9000015258789,20803,0.0,0.0,0.0
2025-01-16 02:35:00+00:00,94.9000015258789,94.9000015258789,94.9000015258789,94.9000015258789,58333,0.0,0.0,0.0
2025-01-16 02:40:00+00:00,94.9000015258789,95.0,94.9000015258789,94.94999694824219,163373,0.0,0.0,0.0
2025-01-16 02:45:00+00:00,94.94999694824219,95.0,94.8499984741211,94.8499984741211,29680,0.0,0.0,0.0
2025-01-16 02:50:00+00:00,94.80000305175781,94.94999694824219,94.80000305175781,94.94999694824219,99090,0.0,0.0,0.0
2025-01-16 02:55:00+00:00,94.9000015258789,95.0,94.8499984741211,95.0,237987,0.0,0.0,0.0
2025-01-16 03:00:00+00:00,95.0,95.30000305175781,95.0,95.30000305175781,288081,0.0,0.0,0.0
2025-01-16 03:05:00+00:00,95.30000305175781,95.44999694824219,95.30000305175781,95.4000015258789,47827,0.0,0.0,0.0
2025-01-16 03:10:00+00:00,95.4000015258789,95.80000305175781,95.4000015258789,95.80000305175781,170733,0.0,0.0,0.0
2025-01-16 03:15:00+00:00,95.75,95.80000305175781,95.6500015258789,95.75,65610,0.0,0.0,0.0
2025-01-16 03:20:00+00:00,95.69999694824219,95.80000305175781,95.69999694824219,95.80000305175781,62782,0.0,0.0,0.0
2025-01-16 03:25:00+00:00,95.75,95.75,95.55000305175781,95.6500015258789,76387,0.0,0.0,0.0
2025-01-16 03:30:00+00:00,95.69999694824219,95.94999694824219,95.6500015258789,95.94999694824219,139500,0.0,0.0,0.0
2025-01-16 03:35:00+00:00,95.9000015258789,95.9000015258789,95.69999694824219,95.69999694824219,27881,0.0,0.0,0.0
2025-01-16 03:40:00+00:00,95.69999694824219,95.69999694824219,95.6500015258789,95.6500015258789,12675,0.0,0.0,0.0
2025-01-16 03:45:00+00:00,95.69999694824219,95.80000305175781,95.6500015258789,95.6500015258789,37283,0.0,0.0,0.0
2025-01-16 03:50:00+00:00,95.5999984741211,95.6500015258789,95.5999984741211,95.6500015258789,23300,0.0,0.0,0.0
2025-01-16 03:55:00+00:00,95.5999984741211,95.6500015258789,95.55000305175781,95.5999984741211,44658,0.0,0.0,0.0
2025-01-16 04:00:00+00:00,95.55000305175781,95.55000305175781,95.55000305175781,95.55000305175781,47345,0.0,0.0,0.0
2025-01-16 04:05:00+00:00,95.55000305175781,95.55000305175781,95.44999694824219,95.44999694824219,14411,0.0,0.0,0.0
2025-01-16 04:10:00+00:00,95.44999694824219,95.6500015258789,95.44999694824219,95.5999984741211,162528,0.0,0.0,0.0
2025-01-16 04:15:00+00:00,95.5999984741211,95.5999984741211,95.55000305175781,95.55000305175781,12646,0.0,0.0,0.0
2025-01-16 04:20:00+00:00,95.5,95.5,95.4000015258789,95.4000015258789,170257,0.0,0.0,0.0
2025-01-16 04:25:00+00:00,95.44999694824219,95.55000305175781,95.44999694824219,95.5,34957,0.0,0.0,0.0
2025-01-16 04:30:00+00:00,95.5,95.5999984741211,95.5,95.5999984741211,75649,0.0,0.0,0.0
2025-01-16 04:35:00+00:00,95.5999984741211,95.6500015258789,95.5999984741211,95.5999984741211,22226,0.0,0.0,0.0
2025-01-16 04:40:00+00:00,95.5999984741211,95.69999694824219,95.5999984741211,95.5999984741211,28234,0.0,0.0,0.0
2025-01-16 04:45:00+00:00,95.69999694824219,95.69999694824219,95.5999984741211,95.5999984741211,4555,0.0,0.0,0.0
2025-01-16 04:50:00+00:00,95.5999984741211,95.6500015258789,95.5999984741211,95.6500015258789,11388,0.0,0.0,0.0
2025-01-16 04:55:00+00:00,95.6500015258789,95.6500015258789,95.55000305175781,95.55000305175781,48689,0.0,0.0,0.0
2025-01-16 05:00:00+00:00,95.55000305175781,95.55000305175781,95.30000305175781,95.30000305175781,93697,0.0,0.0,0.0
2025-01-16 05:05:00+00:00,95.25,95.25,95.0999984741211,95.1500015258789,39022,0.0,0.0,0.0
2025-01-16 05:10:00+00:00,95.19999694824219,95.25,95.1500015258789,95.19999694824219,34265,0.0,0.0,0.0
2025-01-16 05:15:00+00:00,95.19999694824219,95.19999694824219,94.75,94.75,198882,0.0,0.0,0.0
2025-01-16 05:20:00+00:00,94.75,94.8499984741211,94.5999984741211,94.80000305175781,178059,0.0,0.0,0.0
2025-01-17 01:00:00+00:00,95.6500015258789,95.9000015258789,95.44999694824219,95.5,0,0.0,0.0,0.0
2025-01-17 01:05:00+00:00,95.55000305175781,95.5999984741211,95.05000305175781,95.19999694824219,484347,0.0,0.0,0.0
2025-01-17 01:10:00+00:00,95.25,95.55000305175781,95.1500015258789,95.1500015258789,181663,0.0,0.0,0.0
2025-01-17 01:15:00+00:00,95.0999984741211,95.25,95.0999984741211,95.25,145018,0.0,0.0,0.0
2025-01-17 01:20:00+00:00,95.19999694824219,95.19999694824219,93.94999694824219,94.5,269522,0.0,0.0,0.0
2025-01-17 01:25:00+00:00,94.55000305175781,94.55000305175781,94.19999694824219,94.44999694824219,198232,0.0,0.0,0.0
2025-01-17 01:30:00+00:00,94.44999694824219,94.5,94.25,94.3499984741211,59978,0.0,0.0,0.0
2025-01-17 01:35:00+00:00,94.3499984741211,94.4000015258789,94.25,94.4000015258789,17907,0.0,0.0,0.0
2025-01-17 01:40:00+00:00,94.3499984741211,94.44999694824219,94.0,94.44999694824219,81693,0.0,0.0,0.0
2025-01-17 01:45:00+00:00,94.44999694824219,94.55000305175781,94.4000015258789,94.4000015258789,34333,0.0,0.0,0.0
2025-01-17 01:50:00+00:00,94.44999694824219,94.44999694824219,94.25,94.30000305175781,17019,0.0,0.0,0.0
2025-01-17 01:55:00+00:00,94.30000305175781,94.3499984741211,94.25,94.25,51624,0.0,0.0,0.0
2025-01-17 02:00:00+00:00,94.30000305175781,94.5999984741211,94.30000305175781,94.5999984741211,62516,0.0,0.0,0.0
2025-01-17 02:05:00+00:00,94.6500015258789,94.80000305175781,94.5999984741211,94.80000305175781,64008,0.0,0.0,0.0
2025-01-17 02:10:00+00:00,94.80000305175781,95.05000305175781,94.80000305175781,95.0,190281,0.0,0.0,0.0
2025-01-17 02:15:00+00:00,94.9000015258789,94.9000015258789,94.80000305175781,94.80000305175781,9662,0.0,0.0,0.0
2025-01-17 02:20:00+00:00,94.80000305175781,95.19999694824219,94.80000305175781,95.0999984741211,38741,0.0,0.0,0.0
2025-01-17 02:25:00+00:00,94.94999694824219,94.94999694824219,94.6500015258789,94.6500015258789,81721,0.0,0.0,0.0
2025-01-17 02:30:00+00:00,94.6500015258789,94.69999694824219,94.6500015258789,94.69999694824219,17015,0.0,0.0,0.0
2025-01-17 02:35:00+00:00,94.80000305175781,94.80000305175781,94.5,94.5,23116,0.0,0.0,0.0
2025-01-17 02:40:00+00:00,94.44999694824219,94.44999694824219,94.44999694824219,94.44999694824219,4411,0.0,0.0,0.0
2025-01-17 02:45:00+00:00,94.5,94.5,94.44999694824219,94.5,5011,0.0,0.0,0.0
2025-01-17 02:50:00+00:00,94.5,94.5999984741211,94.44999694824219,94.5999984741211,49168,0.0,0.0,0.0
2025-01-17 02:55:00+00:00,94.5999984741211,94.6500015258789,94.5999984741211,94.6500015258789,3350,0.0,0.0,0.0
2025-01-17 03:00:00+00:00,94.6500015258789,94.80000305175781,94.6500015258789,94.80000305175781,19060,0.0,0.0,0.0
2025-01-17 03:05:00+00:00,94.80000305175781,94.80000305175781,94.80000305175781,94.80000305175781,8020,0.0,0.0,0.0
2025-01-17 03:10:00+00:00,94.80000305175781,94.80000305175781,94.6500015258789,94.6500015258789,7812,0.0,0.0,0.0
2025-01-17 03:15:00+00:00,94.5999984741211,94.5999984741211,94.5,94.5,20886,0.0,0.0,0.0
2025-01-17 03:20:00+00:00,94.55000305175781,94.5999984741211,94.55000305175781,94.5999984741211,3235,0.0,0.0,0.0
2025-01-17 03:25:00+00:00,94.5999984741211,94.9000015258789,94.5999984741211,94.9000015258789,41131,0.0,0.0,0.0
2025-01-17 03:30:00+00:00,94.8499984741211,95.05000305175781,94.8499984741211,95.0,47801,0.0,0.0,0.0
2025-01-17 03:35:00+00:00,95.05000305175781,95.19999694824219,95.05000305175781,95.1500015258789,94156,0.0,0.0,0.0
2025-01-17 03:40:00+00:00,95.1500015258789,95.1500015258789,95.0999984741211,95.1500015258789,16338,0.0,0.0,0.0
2025-01-17 03:45:00+00:00,95.0999984741211,95.1500015258789,95.0999984741211,95.1500015258789,22031,0.0,0.0,0.0
2025-01-17 03:50:00+00:00,95.19999694824219,95.30000305175781,95.19999694824219,95.25,194320,0.0,0.0,0.0
2025-01-17 03:55:00+00:00,95.25,95.55000305175781,95.25,95.5,81496,0.0,0.0,0.0
2025-01-17 04:00:00+00:00,95.5,95.6500015258789,95.4000015258789,95.4000015258789,106777,0.0,0.0,0.0
2025-01-17 04:05:00+00:00,95.55000305175781,95.6500015258789,95.55000305175781,95.5999984741211,36100,0.0,0.0,0.0
2025-01-17 04:10:00+00:00,95.5999984741211,95.6500015258789,95.55000305175781,95.5999984741211,20480,0.0,0.0,0.0
2025-01-17 04:15:00+00:00,95.55000305175781,95.6500015258789,95.55000305175781,95.6500015258789,122125,0.0,0.0,0.0
2025-01-17 04:20:00+00:00,95.55000305175781,95.55000305175781,95.5,95.55000305175781,19965,0.0,0.0,0.0
2025-01-17 04:25:00+00:00,95.55000305175781,95.5999984741211,95.44999694824219,95.5,22530,0.0,0.0,0.0
2025-01-17 04:30:00+00:00,95.5,95.55000305175781,95.44999694824219,95.44999694824219,38932,0.0,0.0,0.0
2025-01-17 04:35:00+00:00,95.44999694824219,95.5,95.4000015258789,95.4000015258789,99378,0.0,0.0,0.0
2025-01-17 04:40:00+00:00,95.44999694824219,95.44999694824219,95.05000305175781,95.19999694824219,74840,0.0,0.0,0.0
2025-01-17 04:45:00+00:00,95.19999694824219,95.19999694824219,95.0999984741211,95.0999984741211,13240,0.0,0.0,0.0
2025-01-17 04:50:00+00:00,95.1500015258789,95.19999694824219,95.0999984741211,95.19999694824219,23220,0.0,0.0,0.0
2025-01-17 04:55:00+00:00,95.1500015258789,95.19999694824219,95.0999984741211,95.0999984741211,46583,0.0,0.0,0.0
2025-01-17 05:00:00+00:00,95.19999694824219,95.30000305175781,95.19999694824219,95.30000305175781,55599,0.0,0.0,0.0
2025-01-17 05:05:00+00:00,95.30000305175781,95.30000305175781,95.30000305175781,95.30000305175781,15660,0.0,0.0,0.0
2025-01-17 05:10:00+00:00,95.19999694824219,95.19999694824219,95.19999694824219,95.19999694824219,45071,0.0,0.0,0.0
2025-01-17 05:15:00+00:00,95.1500015258789,95.55000305175781,95.1500015258789,95.5,441731,0.0,0.0,0.0
2025-01-17 05:20:00+00:00,95.44999694824219,95.44999694824219,95.3499984741211,95.4000015258789,60060,0.0,0.0,0.0
2025-01-20 01:00:00+00:00,96.55000305175781,96.9000015258789,96.44999694824219,96.80000305175781,0,0.0,0.0,0.0
2025-01-20 01:05:00+00:00,96.9000015258789,96.9000015258789,96.5999984741211,96.69999694824219,122846,0.0,0.0,0.0
2025-01-20 01:10:00+00:00,96.6500015258789,97.0,96.6500015258789,97.0,326297,0.0,0.0,0.0
2025-01-20 01:15:00+00:00,96.94999694824219,97.0999984741211,96.9000015258789,97.0999984741211,166981,0.0,0.0,0.0
2025-01-20 01:20:00+00:00,97.05000305175781,97.1500015258789,96.9000015258789,97.05000305175781,144439,0.0,0.0,0.0
2025-01-20 01:25:00+00:00,97.05000305175781,97.0999984741211,96.80000305175781,96.80000305175781,154221,0.0,0.0,0.0
2025-01-20 01:30:00+00:00,96.80000305175781,96.80000305175781,96.5999984741211,96.80000305175781,37239,0.0,0.0,0.0
2025-01-20 01:35:00+00:00,96.80000305175781,96.94999694824219,96.75,96.94999694824219,45564,0.0,0.0,0.0
2025-01-20 01:40:00+00:00,96.94999694824219,97.0,96.9000015258789,96.94999694824219,147011,0.0,0.0,0.0
2025-01-20 01:45:00+00:00,96.94999694824219,97.19999694824219,96.94999694824219,97.1500015258789,246872,0.0,0.0,0.0
2025-01-20 01:50:00+00:00,97.0999984741211,97.0999984741211,97.0,97.05000305175781,49281,0.0,0.0,0.0
2025-01-20 01:55:00+00:00,97.05000305175781,97.05000305175781,96.8499984741211,96.94999694824219,29906,0.0,0.0,0.0
2025-01-20 02:00:00+00:00,97.0,97.05000305175781,96.9000015258789,96.9000015258789,38393,0.0,0.0,0.0
2025-01-20 02:05:00+00:00,96.8499984741211,96.94999694824219,96.8499984741211,96.94999694824219,21809,0.0,0.0,0.0
2025-01-20 02:10:00+00:00,96.8499984741211,96.94999694824219,96.8499984741211,96.94999694824219,5318,0.0,0.0,0.0
2025-01-20 02:15:00+00:00,96.9000015258789,96.94999694824219,96.9000015258789,96.9000015258789,13310,0.0,0.0,0.0
2025-01-20 02:20:00+00:00,96.8499984741211,97.0999984741211,96.8499984741211,97.0,115982,0.0,0.0,0.0
2025-01-20 02:25:00+00:00,97.0999984741211,97.1500015258789,97.0999984741211,97.0999984741211,34981,0.0,0.0,0.0
2025-01-20 02:30:00+00:00,97.0999984741211,97.1500015258789,97.0999984741211,97.1500015258789,74196,0.0,0.0,0.0
2025-01-20 02:35:00+00:00,97.1500015258789,97.1500015258789,97.1500015258789,97.1500015258789,20454,0.0,0.0,0.0
2025-01-20 02:40:00+00:00,97.1500015258789,97.25,97.0999984741211,97.25,217664,0.0,0.0,0.0
2025-01-20 02:45:00+00:00,97.25,97.25,97.19999694824219,97.19999694824219,17584,0.0,0.0,0.0
2025-01-20 02:50:00+00:00,97.05000305175781,97.1500015258789,97.05000305175781,97.1500015258789,35190,0.0,0.0,0.0
2025-01-20 02:55:00+00:00,97.1500015258789,97.1500015258789,97.1500015258789,97.1500015258789,39773,0.0,0.0,0.0
2025-01-20 03:00:00+00:00,97.1500015258789,97.19999694824219,97.1500015258789,97.19999694824219,27622,0.0,0.0,0.0
2025-01-20 03:05:00+00:00,97.19999694824219,97.30000305175781,97.19999694824219,97.30000305175781,119991,0.0,0.0,0.0
2025-01-20 03:10:00+00:00,97.3499984741211,97.44999694824219,97.3499984741211,97.4000015258789,114511,0.0,0.0,0.0
2025-01-20 03:15:00+00:00,97.44999694824219,97.6500015258789,97.44999694824219,97.6500015258789,176335,0.0,0.0,0.0
2025-01-20 03:20:00+00:00,97.5999984741211,97.5999984741211,97.5,97.5,43058,0.0,0.0,0.0
2025-01-20 03:25:00+00:00,97.4000015258789,97.44999694824219,97.3499984741211,97.4000015258789,40454,0.0,0.0,0.0
2025-01-20 03:30:00+00:00,97.4000015258789,97.5,97.4000015258789,97.5,97638,0.0,0.0,0.0
2025-01-20 03:35:00+00:00,97.30000305175781,97.30000305175781,97.19999694824219,97.25,27946,0.0,0.0,0.0
2025-01-20 03:40:00+00:00,97.1500015258789,97.25,97.1500015258789,97.25,28383,0.0,0.0,0.0
2025-01-20 03:45:00+00:00,97.25,97.25,97.05000305175781,97.05000305175781,77776,0.0,0.0,0.0
2025-01-20 03:50:00+00:00,97.0999984741211,97.1500015258789,97.0999984741211,97.0999984741211,20598,0.0,0.0,0.0
2025-01-20 03:55:00+00:00,97.1500015258789,97.19999694824219,97.1500015258789,97.19999694824219,22110,0.0,0.0,0.0
2025-01-20 04:00:00+00:00,97.25,97.25,97.19999694824219,97.25,24441,0.0,0.0,0.0
2025-01-20 04:05:00+00:00,97.25,97.25,97.19999694824219,97.19999694824219,3448,0.0,0.0,0.0
2025-01-20 04:10:00+00:00,97.1500015258789,97.19999694824219,97.0999984741211,97.1500015258789,16740,0.0,0.0,0.0
2025-01-20 04:15:00+00:00,97.1500015258789,97.1500015258789,97.05000305175781,97.05000305175781,17850,0.0,0.0,0.0
2025-01-20 04:20:00+00:00,97.05000305175781,97.05000305175781,96.94999694824219,96.94999694824219,24995,0.0,0.0,0.0
2025-01-20 04:25:00+00:00,96.94999694824219,97.05000305175781,96.94999694824219,97.05000305175781,20350,0.0,0.0,0.0
2025-01-20 04:30:00+00:00,97.0999984741211,97.1500015258789,97.0,97.0,5866,0.0,0.0,0.0
2025-01-20 04:35:00+00:00,97.0,97.0,97.0,97.0,3793,0.0,0.0,0.0
2025-01-20 04:40:00+00:00,97.05000305175781,97.0999984741211,97.05000305175781,97.0999984741211,21007,0.0,0.0,0.0
2025-01-20 04:45:00+00:00,97.0999984741211,97.1500015258789,97.0999984741211,97.1500015258789,33082,0.0,0.0,0.0
2025-01-20 04:50:00+00:00,97.0999984741211,97.19999694824219,97.0999984741211,97.19999694824219,48735,0.0,0.0,0.0
2025-01-20 04:55:00+00:00,97.1500015258789,97.3499984741211,97.1500015258789,97.3499984741211,63549,0.0,0.0,0.0
2025-01-20 05:00:00+00:00,97.25,97.30000305175781,97.19999694824219,97.30000305175781,43578,0.0,0.0,0.0
2025-01-20 05:05:00+00:00,97.25,97.30000305175781,97.25,97.25,76496,0.0,0.0,0.0
2025-01-20 05:10:00+00:00,97.25,97.25,97.19999694824219,97.19999694824219,30485,0.0,0.0,0.0
2025-01-20 05:15:00+00:00,97.19999694824219,97.19999694824219,97.05000305175781,97.05000305175781,51536,0.0,0.0,0.0
2025-01-20 05:20:00+00:00,97.05000305175781,97.1500015258789,97.0,97.1500015258789,93460,0.0,0.0,0.0
2025-01-21 01:00:00+00:00,96.30000305175781,96.5999984741211,96.25,96.5,0,0.0,0.0,0.0
2025-01-21 01:05:00+00:00,96.44999694824219,96.80000305175781,96.4000015258789,96.75,30000,0.0,0.0,0.0
2025-01-21 01:10:00+00:00,96.69999694824219,97.0,96.69999694824219,96.94999694824219,45761,0.0,0.0,0.0
2025-01-21 01:15:00+00:00,96.8499984741211,97.0999984741211,96.80000305175781,96.80000305175781,107707,0.0,0.0,0.0
2025-01-21 01:20:00+00:00,96.80000305175781,96.9000015258789,96.80000305175781,96.80000305175781,77992,0.0,0.0,0.0
2025-01-21 01:25:00+00:00,96.75,96.94999694824219,96.6500015258789,96.8499984741211,38707,0.0,0.0,0.0
2025-01-21 01:30:00+00:00,96.80000305175781,96.80000305175781,96.6500015258789,96.69999694824219,22137,0.0,0.0,0.0
2025-01-21 01:35:00+00:00,96.6500015258789,96.6500015258789,96.44999694824219,96.44999694824219,61556,0.0,0.0,0.0
2025-01-21 01:40:00+00:00,96.44999694824219,96.5,96.30000305175781,96.3499984741211,78765,0.0,0.0,0.0
2025-01-21 01:45:00+00:00,96.30000305175781,96.4000015258789,96.0,96.4000015258789,610127,0.0,0.0,0.0
2025-01-21 01:50:00+00:00,96.4000015258789,96.69999694824219,96.4000015258789,96.5999984741211,160951,0.0,0.0,0.0
2025-01-21 01:55:00+00:00,96.6500015258789,96.8499984741211,96.6500015258789,96.75,337359,0.0,0.0,0.0
2025-01-21 02:00:00+00:00,96.75,96.75,96.75,96.75,10209,0.0,0.0,0.0
2025-01-21 02:05:00+00:00,96.75,96.75,96.69999694824219,96.75,23502,0.0,0.0,0.0
2025-01-21 02:10:00+00:00,96.6500015258789,96.75,96.6500015258789,96.75,7285,0.0,0.0,0.0
2025-01-21 02:15:00+00:00,96.6500015258789,96.6500015258789,96.5,96.5,14057,0.0,0.0,0.0
2025-01-21 02:20:00+00:00,96.5999984741211,96.69999694824219,96.55000305175781,96.69999694824219,40701,0.0,0.0,0.0
2025-01-21 02:25:00+00:00,96.69999694824219,96.69999694824219,96.69999694824219,96.69999694824219,3252,0.0,0.0,0.0
2025-01-21 02:30:00+00:00,96.75,96.80000305175781,96.75,96.80000305175781,32188,0.0,0.0,0.0
2025-01-21 02:35:00+00:00,96.80000305175781,97.0,96.80000305175781,97.0,82923,0.0,0.0,0.0
2025-01-21 02:40:00+00:00,96.94999694824219,97.0,96.9000015258789,96.9000015258789,19346,0.0,0.0,0.0
2025-01-21 02:45:00+00:00,96.9000015258789,96.9000015258789,96.9000015258789,96.9000015258789,20100,0.0,0.0,0.0
2025-01-21 02:50:00+00:00,96.8499984741211,96.94999694824219,96.8499984741211,96.8499984741211,19490,0.0,0.0,0.0
2025-01-21 02:55:00+00:00,96.80000305175781,96.8499984741211,96.75,96.8499984741211,22200,0.0,0.0,0.0
2025-01-21 03:00:00+00:00,96.80000305175781,96.9000015258789,96.80000305175781,96.9000015258789,10073,0.0,0.0,0.0
2025-01-21 03:05:00+00:00,96.9000015258789,96.9000015258789,96.9000015258789,96.9000015258789,4110,0.0,0.0,0.0
2025-01-21 03:10:00+00:00,96.94999694824219,97.05000305175781,96.94999694824219,97.0,92214,0.0,0.0,0.0
2025-01-21 03:15:00+00:00,97.05000305175781,97.19999694824219,97.05000305175781,97.19999694824219,145459,0.0,0.0,0.0
2025-01-21 03:20:00+00:00,97.19999694824219,97.3499984741211,97.19999694824219,97.3499984741211,59737,0.0,0.0,0.0
2025-01-21 03:25:00+00:00,97.4000015258789,97.69999694824219,97.30000305175781,97.69999694824219,150417,0.0,0.0,0.0
2025-01-21 03:30:00+00:00,97.5999984741211,97.6500015258789,97.5,97.6500015258789,33110,0.0,0.0,0.0
2025-01-21 03:35:00+00:00,97.44999694824219,97.5999984741211,97.4000015258789,97.44999694824219,19400,0.0,0.0,0.0
2025-01-21 03:40:00+00:00,97.4000015258789,97.4000015258789,97.30000305175781,97.4000015258789,65104,0.0,0.0,0.0
2025-01-21 03:45:00+00:00,97.3499984741211,97.3499984741211,97.30000305175781,97.30000305175781,7246,0.0,0.0,0.0
2025-01-21 03:50:00+00:00,97.25,97.30000305175781,97.25,97.30000305175781,11677,0.0,0.0,0.0
2025-01-21 03:55:00+00:00,97.30000305175781,97.3499984741211,97.30000305175781,97.3499984741211,10181,0.0,0.0,0.0
2025-01-21 04:00:00+00:00,97.3499984741211,97.44999694824219,97.30000305175781,97.44999694824219,30286,0.0,0.0,0.0
2025-01-21 04:05:00+00:00,97.4000015258789,97.4000015258789,97.4000015258789,97.4000015258789,4020,0.0,0.0,0.0
2025-01-21 04:10:00+00:00,97.4000015258789,97.44999694824219,97.4000015258789,97.44999694824219,46527,0.0,0.0,0.0
2025-01-21 04:15:00+00:00,97.44999694824219,97.44999694824219,97.44999694824219,97.44999694824219,25502,0.0,0.0,0.0
2025-01-21 04:20:00+00:00,97.44999694824219,97.5,97.44999694824219,97.5,84137,0.0,0.0,0.0
2025-01-21 04:25:00+00:00,97.5,97.5,97.4000015258789,97.4000015258789,4690,0.0,0.0,0.0
2025-01-21 04:30:00+00:00,97.44999694824219,97.44999694824219,97.3499984741211,97.3499984741211,10128,0.0,0.0,0.0
2025-01-21 04:35:00+00:00,97.3499984741211,97.3499984741211,97.30000305175781,97.30000305175781,9563,0.0,0.0,0.0
2025-01-21 04:40:00+00:00,97.3499984741211,97.3499984741211,97.25,97.25,59832,0.0,0.0,0.0
2025-01-21 04:45:00+00:00,97.25,97.30000305175781,97.19999694824219,97.25,12560,0.0,0.0,0.0
2025-01-21 04:50:00+00:00,97.19999694824219,97.19999694824219,97.19999694824219,97.19999694824219,12165,0.0,0.0,0.0
2025-01-21 04:55:00+00:00,97.1500015258789,97.19999694824219,97.05000305175781,97.19999694824219,23152,0.0,0.0,0.0
2025-01-21 05:00:00+00:00,97.19999694824219,97.3499984741211,97.19999694824219,97.3499984741211,41052,0.0,0.0,0.0
2025-01-21 05:05:00+00:00,97.3499984741211,97.55000305175781,97.3499984741211,97.55000305175781,106978,0.0,0.0,0.0
2025-01-21 05:10:00+00:00,97.55000305175781,97.55000305175781,97.4000015258789,97.4000015258789,52452,0.0,0.0,0.0
2025-01-21 05:15:00+00:00,97.4000015258789,97.55000305175781,97.4000015258789,97.55000305175781,172806,0.0,0.0,0.0
2025-01-21 05:20:00+00:00,97.44999694824219,97.55000305175781,97.4000015258789,97.44999694824219,60638,0.0,0.0,0.0
2025-01-22 01:00:00+00:00,99.0999984741211,99.25,99.0,99.0999984741211,0,0.0,0.0,0.0
2025-01-22 01:05:00+00:00,99.0999984741211,99.1500015258789,99.0,99.05000305175781,270514,0.0,0.0,0.0
2025-01-22 01:10:00+00:00,99.05000305175781,99.0999984741211,98.94999694824219,99.0,278960,0.0,0.0,0.0
2025-01-22 01:15:00+00:00,99.0,99.25,99.0,99.1500015258789,255205,0.0,0.0,0.0
2025-01-22 01:20:00+00:00,99.1500015258789,99.19999694824219,99.0999984741211,99.19999694824219,116281,0.0,0.0,0.0
2025-01-22 01:25:00+00:00,99.1500015258789,99.30000305175781,99.05000305175781,99.30000305175781,312491,0.0,0.0,0.0
2025-01-22 01:30:00+00:00,99.19999694824219,99.55000305175781,99.1500015258789,99.5,343095,0.0,0.0,0.0
2025-01-22 01:35:00+00:00,99.5,99.5,99.4000015258789,99.44999694824219,68534,0.0,0.0,0.0
2025-01-22 01:40:00+00:00,99.4000015258789,99.55000305175781,99.3499984741211,99.55000305175781,162864,0.0,0.0,0.0
2025-01-22 01:45:00+00:00,99.5999984741211,99.69999694824219,99.5,99.55000305175781,260756,0.0,0.0,0.0
2025-01-22 01:50:00+00:00,99.55000305175781,99.94999694824219,99.55000305175781,99.9000015258789,490921,0.0,0.0,0.0
2025-01-22 01:55:00+00:00,99.94999694824219,99.94999694824219,99.75,99.80000305175781,130071,0.0,0.0,0.0
2025-01-22 02:00:00+00:00,99.75,99.8499984741211,99.75,99.80000305175781,70673,0.0,0.0,0.0
2025-01-22 02:05:00+00:00,99.80000305175781,99.8499984741211,99.80000305175781,99.80000305175781,84201,0.0,0.0,0.0
2025-01-22 02:10:00+00:00,99.8499984741211,99.94999694824219,99.80000305175781,99.94999694824219,207049,0.0,0.0,0.0
2025-01-22 02:15:00+00:00,99.94999694824219,100.1500015258789,99.94999694824219,100.05000305175781,809748,0.0,0.0,0.0
2025-01-22 02:20:00+00:00,100.05000305175781,100.0999984741211,100.0,100.05000305175781,135050,0.0,0.0,0.0
2025-01-22 02:25:00+00:00,100.05000305175781,100.0999984741211,100.0,100.05000305175781,75330,0.0,0.0,0.0
2025-01-22 02:30:00+00:00,100.05000305175781,100.05000305175781,99.75,99.75,41122,0.0,0.0,0.0
2025-01-22 02:35:00+00:00,99.69999694824219,99.75,99.55000305175781,99.69999694824219,204531,0.0,0.0,0.0
2025-01-22 02:40:00+00:00,99.75,99.75,99.5999984741211,99.5999984741211,21401,0.0,0.0,0.0
2025-01-22 02:45:00+00:00,99.5999984741211,99.6500015258789,99.5999984741211,99.5999984741211,19229,0.0,0.0,0.0
2025-01-22 02:50:00+00:00,99.5999984741211,99.5999984741211,99.4000015258789,99.4000015258789,70052,0.0,0.0,0.0
2025-01-22 02:55:00+00:00,99.4000015258789,99.5,99.3499984741211,99.3499984741211,12350,0.0,0.0,0.0
2025-01-22 03:00:00+00:00,99.3499984741211,99.4000015258789,99.3499984741211,99.3499984741211,23273,0.0,0.0,0.0
2025-01-22 03:05:00+00:00,99.3499984741211,99.44999694824219,99.30000305175781,99.44999694824219,34344,0.0,0.0,0.0
2025-01-22 03:10:00+00:00,99.4000015258789,99.44999694824219,99.4000015258789,99.44999694824219,11174,0.0,0.0,0.0
2025-01-22 03:15:00+00:00,99.44999694824219,99.5,99.4000015258789,99.4000015258789,14890,0.0,0.0,0.0
2025-01-22 03:20:00+00:00,99.44999694824219,99.44999694824219,99.4000015258789,99.4000015258789,13198,0.0,0.0,0.0
2025-01-22 03:25:00+00:00,99.44999694824219,99.44999694824219,99.4000015258789,99.44999694824219,28170,0.0,0.0,0.0
2025-01-22 03:30:00+00:00,99.44999694824219,99.5999984741211,99.44999694824219,99.5999984741211,74964,0.0,0.0,0.0
2025-01-22 03:35:00+00:00,99.5999984741211,99.6500015258789,99.5999984741211,99.6500015258789,36760,0.0,0.0,0.0
2025-01-22 03:40:00+00:00,99.6500015258789,99.6500015258789,99.5999984741211,99.5999984741211,8913,0.0,0.0,0.0
2025-01-22 03:45:00+00:00,99.5999984741211,99.5999984741211,99.5,99.5,19266,0.0,0.0,0.0
2025-01-22 03:50:00+00:00,99.5,99.5,99.44999694824219,99.44999694824219,5792,0.0,0.0,0.0
2025-01-22 03:55:00+00:00,99.5,99.5,99.5,99.5,53624,0.0,0.0,0.0
2025-01-22 04:00:00+00:00,99.5,99.55000305175781,99.5,99.55000305175781,34888,0.0,0.0,0.0
2025-01-22 04:05:00+00:00,99.5999984741211,99.5999984741211,99.55000305175781,99.5999984741211,111989,0.0,0.0,0.0
2025-01-22 04:10:00+00:00,99.5999984741211,99.6500015258789,99.5999984741211,99.6500015258789,56723,0.0,0.0,0.0
2025-01-22 04:15:00+00:00,99.6500015258789,99.6500015258789,99.55000305175781,99.5999984741211,48459,0.0,0.0,0.0
2025-01-22 04:20:00+00:00,99.55000305175781,99.55000305175781,99.4000015258789,99.44999694824219,45885,0.0,0.0,0.0
2025-01-22 04:25:00+00:00,99.44999694824219,99.44999694824219,99.4000015258789,99.44999694824219,17718,0.0,0.0,0.0
2025-01-22 04:30:00+00:00,99.44999694824219,99.6500015258789,99.44999694824219,99.6500015258789,143629,0.0,0.0,0.0
2025-01-22 04:35:00+00:00,99.69999694824219,99.8499984741211,99.69999694824219,99.8499984741211,153940,0.0,0.0,0.0
2025-01-22 04:40:00+00:00,99.8499984741211,99.9000015258789,99.80000305175781,99.8499984741211,161323,0.0,0.0,0.0
2025-01-22 04:45:00+00:00,99.8499984741211,99.9000015258789,99.8499984741211,99.8499984741211,18902,0.0,0.0,0.0
2025-01-22 04:50:00+00:00,99.8499984741211,99.9000015258789,99.80000305175781,99.8499984741211,40838,0.0,0.0,0.0
2025-01-22 04:55:00+00:00,99.8499984741211,99.8499984741211,99.80000305175781,99.80000305175781,39134,0.0,0.0,0.0
2025-01-22 05:00:00+00:00,99.80000305175781,99.8499984741211,99.69999694824219,99.75,98976,0.0,0.0,0.0
2025-01-22 05:05:00+00:00,99.75,99.80000305175781,99.69999694824219,99.75,114571,0.0,0.0,0.0
2025-01-22 05:10:00+00:00,99.80000305175781,99.9000015258789,99.75,99.9000015258789,351218,0.0,0.0,0.0
2025-01-22 05:15:00+00:00,99.9000015258789,100.0,99.9000015258789,99.94999694824219,515284,0.0,0.0,0.0
2025-01-22 05:20:00+00:00,99.94999694824219,100.0,99.94999694824219,100.0,155697,0.0,0.0,0.0
2025-02-03 01:00:00+00:00,91.80000305175781,91.80000305175781,91.0,91.30000305175781,0,0.0,0.0,0.0
2025-02-03 01:05:00+00:00,91.19999694824219,91.94999694824219,91.0,91.80000305175781,1444000,0.0,0.0,0.0
2025-02-03 01:10:00+00:00,91.80000305175781,93.0,91.69999694824219,92.80000305175781,1059029,0.0,0.0,0.0
2025-02-03 01:15:00+00:00,92.75,92.8499984741211,92.4000015258789,92.55000305175781,965594,0.0,0.0,0.0
2025-02-03 01:20:00+00:00,92.5,92.55000305175781,92.30000305175781,92.4000015258789,503195,0.0,0.0,0.0
2025-02-03 01:25:00+00:00,92.55000305175781,92.55000305175781,92.0999984741211,92.1500015258789,537960,0.0,0.0,0.0
2025-02-03 01:30:00+00:00,92.1500015258789,92.1500015258789,91.75,91.80000305175781,957923,0.0,0.0,0.0
2025-02-03 01:35:00+00:00,91.80000305175781,91.94999694824219,91.44999694824219,91.94999694824219,1281222,0.0,0.0,0.0
2025-02-03 01:40:00+00:00,92.0,92.0,91.4000015258789,91.44999694824219,599369,0.0,0.0,0.0
2025-02-03 01:45:00+00:00,91.3499984741211,91.5999984741211,91.30000305175781,91.44999694824219,306457,0.0,0.0,0.0
2025-02-03 01:50:00+00:00,91.4000015258789,91.75,91.4000015258789,91.44999694824219,258391,0.0,0.0,0.0
2025-02-03 01:55:00+00:00,91.5,91.55000305175781,91.44999694824219,91.5,151589,0.0,0.0,0.0
2025-02-03 02:00:00+00:00,91.44999694824219,91.5,91.3499984741211,91.3499984741211,444919,0.0,0.0,0.0
2025-02-03 02:05:00+00:00,91.4000015258789,91.5,91.25,91.25,521619,0.0,0.0,0.0
2025-02-03 02:10:00+00:00,91.25,91.30000305175781,91.25,91.30000305175781,147591,0.0,0.0,0.0
2025-02-03 02:15:00+00:00,91.30000305175781,91.44999694824219,91.25,91.30000305175781,272811,0.0,0.0,0.0
2025-02-03 02:20:00+00:00,91.25,91.4000015258789,91.1500015258789,91.4000015258789,419440,0.0,0.0,0.0
2025-02-03 02:25:00+00:00,91.4000015258789,91.4000015258789,91.30000305175781,91.4000015258789,68943,0.0,0.0,0.0
2025-02-03 02:30:00+00:00,91.4000015258789,91.4000015258789,91.25,91.30000305175781,171600,0.0,0.0,0.0
2025-02-03 02:35:00+00:00,91.30000305175781,91.3499984741211,91.25,91.30000305175781,64938,0.0,0.0,0.0
2025-02-03 02:40:00+00:00,91.25,91.25,91.0,91.0999984741211,708623,0.0,0.0,0.0
2025-02-03 02:45:00+00:00,91.0999984741211,91.1500015258789,91.05000305175781,91.1500015258789,123720,0.0,0.0,0.0
2025-02-03 02:50:00+00:00,91.0999984741211,91.0999984741211,90.94999694824219,91.0999984741211,977506,0.0,0.0,0.0
2025-02-03 02:55:00+00:00,91.0999984741211,91.44999694824219,91.05000305175781,91.30000305175781,48694,0.0,0.0,0.0
2025-02-03 03:00:00+00:00,91.25,91.25,91.05000305175781,91.05000305175781,104902,0.0,0.0,0.0
2025-02-03 03:05:00+00:00,91.0999984741211,91.0999984741211,91.0,91.0,226875,0.0,0.0,0.0
2025-02-03 03:10:00+00:00,91.0,91.0999984741211,91.0,91.05000305175781,122261,0.0,0.0,0.0
2025-02-03 03:15:00+00:00,91.05000305175781,91.05000305175781,90.94999694824219,91.05000305175781,177022,0.0,0.0,0.0
2025-02-03 03:20:00+00:00,91.19999694824219,91.25,91.19999694824219,91.25,39133,0.0,0.0,0.0
2025-02-03 03:25:00+00:00,91.19999694824219,91.19999694824219,91.19999694824219,91.19999694824219,75363,0.0,0.0,0.0
2025-02-03 03:30:00+00:00,91.25,91.55000305175781,91.25,91.5,68654,0.0,0.0,0.0
2025-02-03 03:35:00+00:00,91.5,91.55000305175781,91.4000015258789,91.44999694824219,61805,0.0,0.0,0.0
2025-02-03 03:40:00+00:00,91.44999694824219,91.5,91.3499984741211,91.3499984741211,88734,0.0,0.0,0.0
2025-02-03 03:45:00+00:00,91.4000015258789,91.4000015258789,91.30000305175781,91.4000015258789,50844,0.0,0.0,0.0
2025-02-03 03:50:00+00:00,91.4000015258789,91.44999694824219,91.4000015258789,91.44999694824219,25089,0.0,0.0,0.0
2025-02-03 03:55:00+00:00,91.4000015258789,91.44999694824219,91.3499984741211,91.4000015258789,88568,0.0,0.0,0.0
2025-02-03 04:00:00+00:00,91.3499984741211,91.44999694824219,91.30000305175781,91.4000015258789,57553,0.0,0.0,0.0
2025-02-03 04:05:00+00:00,91.4000015258789,91.4000015258789,91.1500015258789,91.1500015258789,158645,0.0,0.0,0.0
2025-02-03 04:10:00+00:00,91.1500015258789,91.1500015258789,91.0999984741211,91.0999984741211,72312,0.0,0.0,0.0
2025-02-03 04:15:00+00:00,91.19999694824219,91.30000305175781,91.19999694824219,91.30000305175781,17786,0.0,0.0,0.0
2025-02-03 04:20:00+00:00,91.3499984741211,91.4000015258789,91.30000305175781,91.4000015258789,45561,0.0,0.0,0.0
2025-02-03 04:25:00+00:00,91.44999694824219,91.44999694824219,91.3499984741211,91.4000015258789,94081,0.0,0.0,0.0
2025-02-03 04:30:00+00:00,91.4000015258789,91.4000015258789,91.30000305175781,91.30000305175781,177265,0.0,0.0,0.0
2025-02-03 04:35:00+00:00,91.30000305175781,91.30000305175781,91.05000305175781,91.05000305175781,316994,0.0,0.0,0.0
2025-02-03 04:40:00+00:00,91.0999984741211,91.25,91.0999984741211,91.25,30490,0.0,0.0,0.0
2025-02-03 04:45:00+00:00,91.25,91.55000305175781,91.25,91.55000305175781,107401,0.0,0.0,0.0
2025-02-03 04:50:00+00:00,91.5999984741211,91.75,91.55000305175781,91.75,191104,0.0,0.0,0.0
2025-02-03 04:55:00+00:00,91.80000305175781,91.8499984741211,91.6500015258789,91.6500015258789,125808,0.0,0.0,0.0
2025-02-03 05:00:00+00:00,91.5999984741211,91.5999984741211,91.4000015258789,91.44999694824219,138694,0.0,0.0,0.0
2025-02-03 05:05:00+00:00,91.44999694824219,91.5,91.4000015258789,91.44999694824219,100758,0.0,0.0,0.0
2025-02-03 05:10:00+00:00,91.44999694824219,91.5,91.44999694824219,91.44999694824219,129858,0.0,0.0,0.0
2025-02-03 05:15:00+00:00,91.5,91.6500015258789,91.44999694824219,91.6500015258789,179167,0.0,0.0,0.0
2025-02-03 05:20:00+00:00,91.6500015258789,91.75,91.5999984741211,91.75,283265,0.0,0.0,0.0
2025-02-04 01:00:00+00:00,93.1500015258789,93.4000015258789,93.0,93.05000305175781,0,0.0,0.0,0.0
2025-02-04 01:05:00+00:00,93.05000305175781,93.0999984741211,92.75,92.94999694824219,223000,0.0,0.0,0.0
2025-02-04 01:10:00+00:00,92.94999694824219,93.0,92.75,92.80000305175781,151048,0.0,0.0,0.0
2025-02-04 01:15:00+00:00,92.75,93.0,92.75,92.9000015258789,216294,0.0,0.0,0.0
2025-02-04 01:20:00+00:00,92.9000015258789,93.0,92.80000305175781,92.8499984741211,173753,0.0,0.0,0.0
2025-02-04 01:25:00+00:00,92.8499984741211,92.94999694824219,92.80000305175781,92.8499984741211,85721,0.0,0.0,0.0
2025-02-04 01:30:00+00:00,92.8499984741211,92.8499984741211,92.55000305175781,92.75,132556,0.0,0.0,0.0
2025-02-04 01:35:00+00:00,92.75,92.80000305175781,92.55000305175781,92.6500015258789,36121,0.0,0.0,0.0
2025-02-04 01:40:00+00:00,92.5999984741211,92.69999694824219,92.5999984741211,92.69999694824219,87656,0.0,0.0,0.0
2025-02-04 01:45:00+00:00,92.69999694824219,92.69999694824219,92.5,92.55000305175781,105912,0.0,0.0,0.0
2025-02-04 01:50:00+00:00,92.5,92.8499984741211,92.4000015258789,92.75,371547,0.0,0.0,0.0
2025-02-04 01:55:00+00:00,92.75,92.9000015258789,92.75,92.9000015258789,63535,0.0,0.0,0.0
2025-02-04 02:00:00+00:00,92.9000015258789,93.19999694824219,92.9000015258789,93.1500015258789,269728,0.0,0.0,0.0
2025-02-04 02:05:00+00:00,93.19999694824219,93.25,93.0999984741211,93.19999694824219,102645,0.0,0.0,0.0
2025-02-04 02:10:00+00:00,93.19999694824219,93.19999694824219,93.1500015258789,93.19999694824219,63204,0.0,0.0,0.0
2025-02-04 02:15:00+00:00,93.1500015258789,93.19999694824219,93.0999984741211,93.0999984741211,182445,0.0,0.0,0.0
2025-02-04 02:20:00+00:00,93.0999984741211,93.0999984741211,93.0,93.0,47497,0.0,0.0,0.0
2025-02-04 02:25:00+00:00,93.0,93.0,92.94999694824219,93.0,29811,0.0,0.0,0.0
2025-02-04 02:30:00+00:00,93.0,93.1500015258789,92.94999694824219,93.1500015258789,91715,0.0,0.0,0.0
2025-02-04 02:35:00+00:00,93.19999694824219,93.25,93.1500015258789,93.1500015258789,22441,0.0,0.0,0.0
2025-02-04 02:40:00+00:00,93.0999984741211,93.0999984741211,92.8499984741211,92.8499984741211,51346,0.0,0.0,0.0
2025-02-04 02:45:00+00:00,92.9000015258789,92.94999694824219,92.8499984741211,92.9000015258789,31057,0.0,0.0,0.0
2025-02-04 02:50:00+00:00,92.9000015258789,92.94999694824219,92.9000015258789,92.94999694824219,11468,0.0,0.0,0.0
2025-02-04 02:55:00+00:00,92.9000015258789,92.94999694824219,92.9000015258789,92.94999694824219,11792,0.0,0.0,0.0
2025-02-04 03:00:00+00:00,92.9000015258789,92.9000015258789,92.80000305175781,92.80000305175781,48601,0.0,0.0,0.0
2025-02-04 03:05:00+00:00,92.80000305175781,92.80000305175781,92.69999694824219,92.75,73594,0.0,0.0,0.0
2025-02-04 03:10:00+00:00,92.69999694824219,92.80000305175781,92.69999694824219,92.80000305175781,79014,0.0,0.0,0.0
2025-02-04 03:15:00+00:00,92.80000305175781,92.80000305175781,92.80000305175781,92.80000305175781,4335,0.0,0.0,0.0
2025-02-04 03:20:00+00:00,92.80000305175781,92.80000305175781,92.69999694824219,92.75,25681,0.0,0.0,0.0
2025-02-04 03:25:00+00:00,92.75,92.80000305175781,92.75,92.75,8620,0.0,0.0,0.0
2025-02-04 03:30:00+00:00,92.80000305175781,92.80000305175781,92.69999694824219,92.69999694824219,50871,0.0,0.0,0.0
2025-02-04 03:35:00+00:00,92.80000305175781,93.0,92.80000305175781,92.8499984741211,29124,0.0,0.0,0.0
2025-02-04 03:40:00+00:00,92.8499984741211,92.8499984741211,92.5999984741211,92.5999984741211,81759,0.0,0.0,0.0
2025-02-04 03:45:00+00:00,92.6500015258789,92.6500015258789,92.6500015258789,92.6500015258789,19250,0.0,0.0,0.0
2025-02-04 03:50:00+00:00,92.6500015258789,92.6500015258789,92.5999984741211,92.5999984741211,25816,0.0,0.0,0.0
2025-02-04 03:55:00+00:00,92.6500015258789,92.6500015258789,92.55000305175781,92.5999984741211,46160,0.0,0.0,0.0
2025-02-04 04:00:00+00:00,92.6500015258789,92.6500015258789,92.5999984741211,92.5999984741211,6206,0.0,0.0,0.0
2025-02-04 04:05:00+00:00,92.6500015258789,92.6500015258789,92.5999984741211,92.6500015258789,33191,0.0,0.0,0.0
2025-02-04 04:10:00+00:00,92.5999984741211,92.6500015258789,92.5999984741211,92.5999984741211,20364,0.0,0.0,0.0
2025-02-04 04:15:00+00:00,92.69999694824219,92.69999694824219,92.69999694824219,92.69999694824219,27383,0.0,0.0,0.0
2025-02-04 04:20:00+00:00,92.75,92.80000305175781,92.75,92.80000305175781,14865,0.0,0.0,0.0
2025-02-04 04:25:00+00:00,92.8499984741211,93.0999984741211,92.8499984741211,93.0999984741211,76805,0.0,0.0,0.0
2025-02-04 04:30:00+00:00,93.0,93.05000305175781,93.0,93.0,24442,0.0,0.0,0.0
2025-02-04 04:35:00+00:00,93.05000305175781,93.05000305175781,92.9000015258789,92.94999694824219,13912,0.0,0.0,0.0
2025-02-04 04:40:00+00:00,92.94999694824219,92.94999694824219,92.9000015258789,92.94999694824219,16607,0.0,0.0,0.0
2025-02-04 04:45:00+00:00,92.94999694824219,93.0,92.9000015258789,93.0,32730,0.0,0.0,0.0
2025-02-04 04:50:00+00:00,92.94999694824219,92.94999694824219,92.80000305175781,92.80000305175781,41734,0.0,0.0,0.0
2025-02-04 04:55:00+00:00,92.9000015258789,93.0,92.9000015258789,93.0,12900,0.0,0.0,0.0
2025-02-04 05:00:00+00:00,93.0,93.0,92.75,92.80000305175781,89066,0.0,0.0,0.0
2025-02-04 05:05:00+00:00,92.69999694824219,92.69999694824219,92.1500015258789,92.19999694824219,330823,0.0,0.0,0.0
2025-02-04 05:10:00+00:00,92.19999694824219,92.30000305175781,91.94999694824219,92.19999694824219,162366,0.0,0.0,0.0
2025-02-04 05:15:00+00:00,92.19999694824219,92.19999694824219,92.0,92.0999984741211,158276,0.0,0.0,0.0
2025-02-04 05:20:00+00:00,92.0999984741211,92.0999984741211,91.80000305175781,91.8499984741211,295042,0.0,0.0,0.0
2025-02-05 01:00:00+00:00,94.6500015258789,95.05000305175781,94.6500015258789,95.05000305175781,0,0.0,0.0,0.0
2025-02-05 01:05:00+00:00,95.0999984741211,95.4000015258789,95.0,95.3499984741211,487000,0.0,0.0,0.0
2025-02-05 01:10:00+00:00,95.3499984741211,95.8499984741211,95.30000305175781,95.80000305175781,599320,0.0,0.0,0.0
2025-02-05 01:15:00+00:00,95.80000305175781,96.0,95.69999694824219,95.75,212580,0.0,0.0,0.0
2025-02-05 01:20:00+00:00,95.75,95.8499984741211,95.69999694824219,95.80000305175781,127047,0.0,0.0,0.0
2025-02-05 01:25:00+00:00,95.80000305175781,96.0999984741211,95.75,96.0,454486,0.0,0.0,0.0
2025-02-05 01:30:00+00:00,95.75,95.75,95.5,95.69999694824219,95934,0.0,0.0,0.0
2025-02-05 01:35:00+00:00,95.69999694824219,95.80000305175781,95.5999984741211,95.75,133949,0.0,0.0,0.0
2025-02-05 01:40:00+00:00,95.75,95.94999694824219,95.75,95.94999694824219,147657,0.0,0.0,0.0
2025-02-05 01:45:00+00:00,95.9000015258789,95.9000015258789,95.75,95.80000305175781,25152,0.0,0.0,0.0
2025-02-05 01:50:00+00:00,95.75,95.9000015258789,95.75,95.8499984741211,60882,0.0,0.0,0.0
2025-02-05 01:55:00+00:00,95.80000305175781,95.80000305175781,95.55000305175781,95.55000305175781,30259,0.0,0.0,0.0
2025-02-05 02:00:00+00:00,95.5,95.55000305175781,95.44999694824219,95.55000305175781,49647,0.0,0.0,0.0
2025-02-05 02:05:00+00:00,95.55000305175781,95.6500015258789,95.55000305175781,95.6500015258789,51797,0.0,0.0,0.0
2025-02-05 02:10:00+00:00,95.6500015258789,96.19999694824219,95.6500015258789,96.0999984741211,359624,0.0,0.0,0.0
2025-02-05 02:15:00+00:00,96.0999984741211,96.0999984741211,95.80000305175781,95.9000015258789,111380,0.0,0.0,0.0
2025-02-05 02:20:00+00:00,95.9000015258789,95.94999694824219,95.80000305175781,95.80000305175781,75941,0.0,0.0,0.0
2025-02-05 02:25:00+00:00,95.80000305175781,95.8499984741211,95.75,95.80000305175781,50548,0.0,0.0,0.0
2025-02-05 02:30:00+00:00,95.80000305175781,95.80000305175781,95.75,95.75,11740,0.0,0.0,0.0
2025-02-05 02:35:00+00:00,95.75,95.80000305175781,95.69999694824219,95.80000305175781,23893,0.0,0.0,0.0
2025-02-05 02:40:00+00:00,95.8499984741211,95.9000015258789,95.80000305175781,95.8499984741211,28053,0.0,0.0,0.0
2025-02-05 02:45:00+00:00,95.9000015258789,96.0,95.9000015258789,96.0,109144,0.0,0.0,0.0
2025-02-05 02:50:00+00:00,96.0,96.0,95.94999694824219,96.0,30116,0.0,0.0,0.0
2025-02-05 02:55:00+00:00,96.05000305175781,96.0999984741211,96.0,96.0999984741211,105968,0.0,0.0,0.0
2025-02-05 03:00:00+00:00,96.0999984741211,96.1500015258789,96.05000305175781,96.05000305175781,53600,0.0,0.0,0.0
2025-02-05 03:05:00+00:00,96.0999984741211,96.1500015258789,96.0999984741211,96.0999984741211,18518,0.0,0.0,0.0
2025-02-05 03:10:00+00:00,96.0999984741211,96.1500015258789,96.05000305175781,96.05000305175781,27926,0.0,0.0,0.0
2025-02-05 03:15:00+00:00,96.05000305175781,96.05000305175781,96.0,96.0,17094,0.0,0.0,0.0
2025-02-05 03:20:00+00:00,96.0,96.05000305175781,95.94999694824219,96.0,42487,0.0,0.0,0.0
2025-02-05 03:25:00+00:00,95.94999694824219,96.0,95.80000305175781,95.9000015258789,16981,0.0,0.0,0.0
2025-02-05 03:30:00+00:00,95.9000015258789,96.05000305175781,95.9000015258789,95.94999694824219,30730,0.0,0.0,0.0
2025-02-05 03:35:00+00:00,95.8499984741211,95.9000015258789,95.8499984741211,95.9000015258789,12300,0.0,0.0,0.0
2025-02-05 03:40:00+00:00,95.9000015258789,95.9000015258789,95.8499984741211,95.8499984741211,5210,0.0,0.0,0.0
2025-02-05 03:45:00+00:00,95.80000305175781,95.80000305175781,95.75,95.80000305175781,8000,0.0,0.0,0.0
2025-02-05 03:50:00+00:00,95.80000305175781,95.80000305175781,95.75,95.75,6526,0.0,0.0,0.0
2025-02-05 03:55:00+00:00,95.75,95.75,95.69999694824219,95.69999694824219,27099,0.0,0.0,0.0
2025-02-05 04:00:00+00:00,95.69999694824219,95.75,95.69999694824219,95.75,30185,0.0,0.0,0.0
2025-02-05 04:05:00+00:00,95.75,95.8499984741211,95.75,95.8499984741211,36621,0.0,0.0,0.0
2025-02-05 04:10:00+00:00,95.8499984741211,95.8499984741211,95.75,95.75,13113,0.0,0.0,0.0
2025-02-05 04:15:00+00:00,95.75,95.75,95.6500015258789,95.69999694824219,115030,0.0,0.0,0.0
2025-02-05 04:20:00+00:00,95.69999694824219,95.75,95.69999694824219,95.75,17513,0.0,0.0,0.0
2025-02-05 04:25:00+00:00,95.69999694824219,95.80000305175781,95.69999694824219,95.80000305175781,127329,0.0,0.0,0.0
2025-02-05 04:30:00+00:00,95.80000305175781,95.80000305175781,95.80000305175781,95.80000305175781,35826,0.0,0.0,0.0
2025-02-05 04:35:00+00:00,95.80000305175781,95.94999694824219,95.80000305175781,95.9000015258789,70422,0.0,0.0,0.0
2025-02-05 04:40:00+00:00,95.9000015258789,96.05000305175781,95.9000015258789,96.05000305175781,138928,0.0,0.0,0.0
2025-02-05 04:45:00+00:00,96.0999984741211,96.0999984741211,96.0,96.0,24269,0.0,0.0,0.0
2025-02-05 04:50:00+00:00,96.0,96.0,95.75,95.75,22658,0.0,0.0,0.0
2025-02-05 04:55:00+00:00,95.69999694824219,95.80000305175781,95.69999694824219,95.80000305175781,23347,0.0,0.0,0.0
2025-02-05 05:00:00+00:00,95.80000305175781,95.80000305175781,95.75,95.75,28816,0.0,0.0,0.0
2025-02-05 05:05:00+00:00,95.80000305175781,95.80000305175781,95.4000015258789,95.44999694824219,207991,0.0,0.0,0.0
2025-02-05 05:10:00+00:00,95.5,95.55000305175781,95.44999694824219,95.5,71060,0.0,0.0,0.0
2025-02-05 05:15:00+00:00,95.5,95.5999984741211,95.44999694824219,95.5,63188,0.0,0.0,0.0
2025-02-05 05:20:00+00:00,95.5,95.5999984741211,95.44999694824219,95.5999984741211,61949,0.0,0.0,0.0
2025-02-06 01:00:00+00:00,96.69999694824219,96.8499984741211,96.6500015258789,96.8499984741211,0,0.0,0.0,0.0
2025-02-06 01:05:00+00:00,96.9000015258789,96.9000015258789,96.5,96.55000305175781,120911,0.0,0.0,0.0
2025-02-06 01:10:00+00:00,96.5,97.0,96.5,97.0,288114,0.0,0.0,0.0
2025-02-06 01:15:00+00:00,97.0,97.0,96.80000305175781,96.9000015258789,128999,0.0,0.0,0.0
2025-02-06 01:20:00+00:00,96.9000015258789,97.0,96.80000305175781,96.80000305175781,254372,0.0,0.0,0.0
2025-02-06 01:25:00+00:00,96.75,96.75,96.5999984741211,96.6500015258789,35394,0.0,0.0,0.0
2025-02-06 01:30:00+00:00,96.69999694824219,96.80000305175781,96.6500015258789,96.69999694824219,64480,0.0,0.0,0.0
2025-02-06 01:35:00+00:00,96.6500015258789,96.75,96.44999694824219,96.44999694824219,53983,0.0,0.0,0.0
2025-02-06 01:40:00+00:00,96.44999694824219,96.5,96.4000015258789,96.5,57642,0.0,0.0,0.0
2025-02-06 01:45:00+00:00,96.4000015258789,96.5999984741211,96.4000015258789,96.55000305175781,103154,0.0,0.0,0.0
2025-02-06 01:50:00+00:00,96.5,96.6500015258789,96.5,96.5999984741211,137939,0.0,0.0,0.0
2025-02-06 01:55:00+00:00,96.5999984741211,96.6500015258789,96.55000305175781,96.55000305175781,23755,0.0,0.0,0.0
2025-02-06 02:00:00+00:00,96.55000305175781,96.55000305175781,96.44999694824219,96.44999694824219,4003,0.0,0.0,0.0
2025-02-06 02:05:00+00:00,96.4000015258789,96.55000305175781,96.3499984741211,96.3499984741211,118654,0.0,0.0,0.0
2025-02-06 02:10:00+00:00,96.30000305175781,96.30000305175781,96.19999694824219,96.19999694824219,63641,0.0,0.0,0.0
2025-02-06 02:15:00+00:00,96.25,96.3499984741211,96.25,96.30000305175781,44079,0.0,0.0,0.0
2025-02-06 02:20:00+00:00,96.30000305175781,96.30000305175781,96.25,96.25,30224,0.0,0.0,0.0
2025-02-06 02:25:00+00:00,96.3499984741211,96.44999694824219,96.30000305175781,96.44999694824219,39786,0.0,0.0,0.0
2025-02-06 02:30:00+00:00,96.44999694824219,96.44999694824219,96.3499984741211,96.4000015258789,10555,0.0,0.0,0.0
2025-02-06 02:35:00+00:00,96.4000015258789,96.5,96.25,96.25,41927,0.0,0.0,0.0
2025-02-06 02:40:00+00:00,96.19999694824219,96.19999694824219,96.0999984741211,96.1500015258789,26177,0.0,0.0,0.0
2025-02-06 02:45:00+00:00,96.1500015258789,96.1500015258789,96.0999984741211,96.0999984741211,28056,0.0,0.0,0.0
2025-02-06 02:50:00+00:00,96.0999984741211,96.0999984741211,96.0,96.0,67621,0.0,0.0,0.0
2025-02-06 02:55:00+00:00,95.94999694824219,96.1500015258789,95.9000015258789,96.0,46039,0.0,0.0,0.0
2025-02-06 03:00:00+00:00,96.0,96.0,95.94999694824219,96.0,22237,0.0,0.0,0.0
2025-02-06 03:05:00+00:00,96.0,96.0999984741211,96.0,96.0999984741211,11327,0.0,0.0,0.0
2025-02-06 03:10:00+00:00,96.05000305175781,96.05000305175781,95.94999694824219,95.94999694824219,9253,0.0,0.0,0.0
2025-02-06 03:15:00+00:00,95.94999694824219,96.05000305175781,95.94999694824219,96.05000305175781,23210,0.0,0.0,0.0
2025-02-06 03:20:00+00:00,96.0999984741211,96.1500015258789,96.05000305175781,96.05000305175781,44444,0.0,0.0,0.0
2025-02-06 03:25:00+00:00,96.05000305175781,96.19999694824219,96.05000305175781,96.19999694824219,63077,0.0,0.0,0.0
2025-02-06 03:30:00+00:00,96.1500015258789,96.19999694824219,96.1500015258789,96.19999694824219,35083,0.0,0.0,0.0
2025-02-06 03:35:00+00:00,96.19999694824219,96.19999694824219,96.19999694824219,96.19999694824219,3067,0.0,0.0,0.0
2025-02-06 03:40:00+00:00,96.19999694824219,96.19999694824219,96.1500015258789,96.1500015258789,5500,0.0,0.0,0.0
2025-02-06 03:45:00+00:00,96.05000305175781,96.05000305175781,96.05000305175781,96.05000305175781,7829,0.0,0.0,0.0
2025-02-06 03:50:00+00:00,96.0999984741211,96.0999984741211,96.0999984741211,96.0999984741211,15199,0.0,0.0,0.0
2025-02-06 03:55:00+00:00,96.1500015258789,96.25,96.0999984741211,96.25,65511,0.0,0.0,0.0
2025-02-06 04:00:00+00:00,96.30000305175781,96.3499984741211,96.30000305175781,96.3499984741211,41279,0.0,0.0,0.0
2025-02-06 04:05:00+00:00,96.3499984741211,96.3499984741211,96.25,96.25,13606,0.0,0.0,0.0
2025-02-06 04:10:00+00:00,96.25,96.3499984741211,96.25,96.30000305175781,24000,0.0,0.0,0.0
2025-02-06 04:15:00+00:00,96.3499984741211,96.4000015258789,96.3499984741211,96.4000015258789,28104,0.0,0.0,0.0
2025-02-06 04:20:00+00:00,96.3499984741211,96.3499984741211,96.19999694824219,96.19999694824219,7410,0.0,0.0,0.0
2025-02-06 04:25:00+00:00,96.25,96.44999694824219,96.25,96.44999694824219,37241,0.0,0.0,0.0
2025-02-06 04:30:00+00:00,96.4000015258789,96.5999984741211,96.4000015258789,96.55000305175781,146798,0.0,0.0,0.0
2025-02-06 04:35:00+00:00,96.44999694824219,96.5,96.44999694824219,96.44999694824219,5555,0.0,0.0,0.0
2025-02-06 04:40:00+00:00,96.4000015258789,96.4000015258789,96.25,96.25,17200,0.0,0.0,0.0
2025-02-06 04:45:00+00:00,96.30000305175781,96.30000305175781,96.25,96.30000305175781,11740,0.0,0.0,0.0
2025-02-06 04:50:00+00:00,96.30000305175781,96.30000305175781,96.30000305175781,96.30000305175781,5314,0.0,0.0,0.0
2025-02-06 04:55:00+00:00,96.25,96.4000015258789,96.25,96.4000015258789,59643,0.0,0.0,0.0
2025-02-06 05:00:00+00:00,96.4000015258789,96.44999694824219,96.4000015258789,96.44999694824219,14737,0.0,0.0,0.0
2025-02-06 05:05:00+00:00,96.44999694824219,96.5,96.19999694824219,96.19999694824219,78747,0.0,0.0,0.0
2025-02-06 05:10:00+00:00,96.19999694824219,96.25,96.19999694824219,96.25,36434,0.0,0.0,0.0
2025-02-06 05:15:00+00:00,96.19999694824219,96.19999694824219,96.0999984741211,96.0999984741211,24985,0.0,0.0,0.0
2025-02-06 05:20:00+00:00,96.1500015258789,96.3499984741211,96.0999984741211,96.19999694824219,105337,0.0,0.0,0.0
2025-02-07 01:00:00+00:00,96.44999694824219,96.69999694824219,96.44999694824219,96.69999694824219,0,0.0,0.0,0.0
2025-02-07 01:05:00+00:00,96.69999694824219,96.9000015258789,96.6500015258789,96.69999694824219,186033,0.0,0.0,0.0
2025-02-07 01:10:00+00:00,96.75,96.8499984741211,96.5999984741211,96.69999694824219,85288,0.0,0.0,0.0
2025-02-07 01:15:00+00:00,96.5999984741211,96.75,96.5999984741211,96.75,115091,0.0,0.0,0.0
2025-02-07 01:20:00+00:00,96.6500015258789,96.69999694824219,96.5999984741211,96.69999694824219,65985,0.0,0.0,0.0
2025-02-07 01:25:00+00:00,96.5999984741211,96.5999984741211,96.5,96.5999984741211,53015,0.0,0.0,0.0
2025-02-07 01:30:00+00:00,96.55000305175781,96.5999984741211,96.5,96.5,18061,0.0,0.0,0.0
2025-02-07 01:35:00+00:00,96.44999694824219,96.55000305175781,96.4000015258789,96.55000305175781,105560,0.0,0.0,0.0
2025-02-07 01:40:00+00:00,96.55000305175781,96.55000305175781,96.5,96.5,31865,0.0,0.0,0.0
2025-02-07 01:45:00+00:00,96.55000305175781,96.6500015258789,96.55000305175781,96.5999984741211,101708,0.0,0.0,0.0
2025-02-07 01:50:00+00:00,96.5999984741211,96.8499984741211,96.5999984741211,96.80000305175781,221258,0.0,0.0,0.0
2025-02-07 01:55:00+00:00,96.8499984741211,96.9000015258789,96.8499984741211,96.8499984741211,124193,0.0,0.0,0.0
2025-02-07 02:00:00+00:00,96.9000015258789,97.19999694824219,96.9000015258789,97.05000305175781,337185,0.0,0.0,0.0
2025-02-07 02:05:00+00:00,97.05000305175781,97.05000305175781,96.9000015258789,96.9000015258789,19685,0.0,0.0,0.0
2025-02-07 02:10:00+00:00,96.9000015258789,97.0,96.9000015258789,97.0,21413,0.0,0.0,0.0
2025-02-07 02:15:00+00:00,97.0,97.05000305175781,96.94999694824219,97.05000305175781,0,0.0,0.0,0.0
2025-02-07 02:20:00+00:00,97.05000305175781,97.1500015258789,97.0,97.0999984741211,1938526,0.0,0.0,0.0
2025-02-07 02:25:00+00:00,97.1500015258789,97.25,97.1500015258789,97.19999694824219,112563,0.0,0.0,0.0
2025-02-07 02:30:00+00:00,97.25,97.25,97.05000305175781,97.05000305175781,30060,0.0,0.0,0.0
2025-02-07 02:35:00+00:00,97.0999984741211,97.0999984741211,97.05000305175781,97.0999984741211,21663,0.0,0.0,0.0
2025-02-07 02:40:00+00:00,97.1500015258789,97.1500015258789,97.0999984741211,97.0999984741211,13017,0.0,0.0,0.0
2025-02-07 02:45:00+00:00,97.0999984741211,97.1500015258789,97.0999984741211,97.1500015258789,37408,0.0,0.0,0.0
2025-02-07 02:50:00+00:00,97.1500015258789,97.19999694824219,97.0999984741211,97.0999984741211,9419,0.0,0.0,0.0
2025-02-07 02:55:00+00:00,97.0999984741211,97.25,97.0999984741211,97.1500015258789,143656,0.0,0.0,0.0
2025-02-07 03:00:00+00:00,97.19999694824219,97.19999694824219,97.0999984741211,97.1500015258789,28400,0.0,0.0,0.0
2025-02-07 03:05:00+00:00,97.19999694824219,97.3499984741211,97.19999694824219,97.3499984741211,156561,0.0,0.0,0.0
2025-02-07 03:10:00+00:00,97.3499984741211,97.4000015258789,97.30000305175781,97.3499984741211,76535,0.0,0.0,0.0
2025-02-07 03:15:00+00:00,97.3499984741211,97.4000015258789,97.3499984741211,97.4000015258789,28249,0.0,0.0,0.0
2025-02-07 03:20:00+00:00,97.30000305175781,97.30000305175781,97.25,97.25,2005,0.0,0.0,0.0
2025-02-07 03:25:00+00:00,97.25,97.25,97.19999694824219,97.25,29892,0.0,0.0,0.0
2025-02-07 03:30:00+00:00,97.30000305175781,97.3499984741211,97.25,97.25,36461,0.0,0.0,0.0
2025-02-07 03:35:00+00:00,97.25,97.30000305175781,97.19999694824219,97.19999694824219,17945,0.0,0.0,0.0
2025-02-07 03:40:00+00:00,97.19999694824219,97.25,97.19999694824219,97.25,9396,0.0,0.0,0.0
2025-02-07 03:45:00+00:00,97.25,97.25,97.1500015258789,97.19999694824219,33250,0.0,0.0,0.0
2025-02-07 03:50:00+00:00,97.19999694824219,97.25,97.19999694824219,97.25,50981,0.0,0.0,0.0
2025-02-07 03:55:00+00:00,97.25,97.30000305175781,97.19999694824219,97.25,24072,0.0,0.0,0.0
2025-02-07 04:00:00+00:00,97.25,97.25,97.19999694824219,97.19999694824219,9050,0.0,0.0,0.0
2025-02-07 04:05:00+00:00,97.25,97.30000305175781,97.1500015258789,97.30000305175781,13403,0.0,0.0,0.0
2025-02-07 04:10:00+00:00,97.19999694824219,97.25,97.19999694824219,97.25,9590,0.0,0.0,0.0
2025-02-07 04:15:00+00:00,97.19999694824219,97.19999694824219,97.1500015258789,97.1500015258789,8020,0.0,0.0,0.0
2025-02-07 04:20:00+00:00,97.1500015258789,97.25,97.1500015258789,97.25,17813,0.0,0.0,0.0
2025-02-07 04:25:00+00:00,97.19999694824219,97.19999694824219,97.1500015258789,97.19999694824219,19802,0.0,0.0,0.0
2025-02-07 04:30:00+00:00,97.19999694824219,97.19999694824219,97.1500015258789,97.1500015258789,46718,0.0,0.0,0.0
2025-02-07 04:35:00+00:00,97.19999694824219,97.30000305175781,97.19999694824219,97.30000305175781,123737,0.0,0.0,0.0
2025-02-07 04:40:00+00:00,97.30000305175781,97.3499984741211,97.30000305175781,97.3499984741211,10311,0.0,0.0,0.0
2025-02-07 04:45:00+00:00,97.3499984741211,97.3499984741211,97.25,97.25,20508,0.0,0.0,0.0
2025-02-07 04:50:00+00:00,97.19999694824219,97.25,97.1500015258789,97.19999694824219,29427,0.0,0.0,0.0
2025-02-07 04:55:00+00:00,97.19999694824219,97.25,97.19999694824219,97.19999694824219,36515,0.0,0.0,0.0
2025-02-07 05:00:00+00:00,97.25,97.5,97.25,97.5,467337,0.0,0.0,0.0
2025-02-07 05:05:00+00:00,97.44999694824219,97.55000305175781,97.44999694824219,97.5,45916,0.0,0.0,0.0
2025-02-07 05:10:00+00:00,97.55000305175781,97.5999984741211,97.55000305175781,97.55000305175781,107320,0.0,0.0,0.0
2025-02-07 05:15:00+00:00,97.5,97.55000305175781,97.44999694824219,97.5,50344,0.0,0.0,0.0
2025-02-07 05:20:00+00:00,97.5,97.6500015258789,97.4000015258789,97.6500015258789,183096,0.0,0.0,0.0
2025-02-10 01:00:00+00:00,96.5,96.6500015258789,96.3499984741211,96.4000015258789,0,0.0,0.0,0.0
2025-02-10 01:05:00+00:00,96.3499984741211,96.44999694824219,96.30000305175781,96.4000015258789,159000,0.0,0.0,0.0
2025-02-10 01:10:00+00:00,96.44999694824219,96.5,96.3499984741211,96.3499984741211,127345,0.0,0.0,0.0
2025-02-10 01:15:00+00:00,96.4000015258789,96.5,96.4000015258789,96.5,55652,0.0,0.0,0.0
2025-02-10 01:20:00+00:00,96.5,96.5,96.25,96.30000305175781,118959,0.0,0.0,0.0
2025-02-10 01:25:00+00:00,96.30000305175781,96.5,96.30000305175781,96.44999694824219,69780,0.0,0.0,0.0
2025-02-10 01:30:00+00:00,96.44999694824219,96.5,96.4000015258789,96.4000015258789,49314,0.0,0.0,0.0
2025-02-10 01:35:00+00:00,96.5,96.5999984741211,96.19999694824219,96.19999694824219,193029,0.0,0.0,0.0
2025-02-10 01:40:00+00:00,96.19999694824219,96.19999694824219,96.0,96.19999694824219,258514,0.0,0.0,0.0
2025-02-10 01:45:00+00:00,96.30000305175781,96.30000305175781,96.19999694824219,96.19999694824219,51623,0.0,0.0,0.0
2025-02-10 01:50:00+00:00,96.19999694824219,96.19999694824219,96.0999984741211,96.19999694824219,33751,0.0,0.0,0.0
2025-02-10 01:55:00+00:00,96.1500015258789,96.19999694824219,96.1500015258789,96.19999694824219,9828,0.0,0.0,0.0
2025-02-10 02:00:00+00:00,96.19999694824219,96.19999694824219,96.05000305175781,96.0999984741211,76681,0.0,0.0,0.0
2025-02-10 02:05:00+00:00,96.0999984741211,96.1500015258789,96.0999984741211,96.1500015258789,21045,0.0,0.0,0.0
2025-02-10 02:10:00+00:00,96.0999984741211,96.0999984741211,95.94999694824219,96.05000305175781,152355,0.0,0.0,0.0
2025-02-10 02:15:00+00:00,96.05000305175781,96.0999984741211,96.0,96.0,15236,0.0,0.0,0.0
2025-02-10 02:20:00+00:00,96.0,96.0,95.9000015258789,95.9000015258789,40233,0.0,0.0,0.0
2025-02-10 02:25:00+00:00,95.94999694824219,95.94999694824219,95.80000305175781,95.9000015258789,102783,0.0,0.0,0.0
2025-02-10 02:30:00+00:00,95.8499984741211,95.9000015258789,95.8499984741211,95.9000015258789,5898,0.0,0.0,0.0
2025-02-10 02:35:00+00:00,95.94999694824219,96.05000305175781,95.9000015258789,96.05000305175781,47401,0.0,0.0,0.0
2025-02-10 02:40:00+00:00,96.0999984741211,96.0999984741211,95.9000015258789,95.9000015258789,37274,0.0,0.0,0.0
2025-02-10 02:45:00+00:00,96.0,96.0,95.80000305175781,95.80000305175781,86243,0.0,0.0,0.0
2025-02-10 02:50:00+00:00,95.80000305175781,95.80000305175781,95.75,95.75,29020,0.0,0.0,0.0
2025-02-10 02:55:00+00:00,95.80000305175781,95.80000305175781,95.75,95.75,11630,0.0,0.0,0.0
2025-02-10 03:00:00+00:00,95.75,95.8499984741211,95.75,95.75,68668,0.0,0.0,0.0
2025-02-10 03:05:00+00:00,95.75,95.75,95.69999694824219,95.75,28082,0.0,0.0,0.0
2025-02-10 03:10:00+00:00,95.75,95.75,95.5999984741211,95.5999984741211,98495,0.0,0.0,0.0
2025-02-10 03:15:00+00:00,95.55000305175781,95.5999984741211,95.4000015258789,95.4000015258789,106002,0.0,0.0,0.0
2025-02-10 03:20:00+00:00,95.4000015258789,95.55000305175781,95.4000015258789,95.55000305175781,8860,0.0,0.0,0.0
2025-02-10 03:25:00+00:00,95.55000305175781,95.55000305175781,95.5,95.55000305175781,33177,0.0,0.0,0.0
2025-02-10 03:30:00+00:00,95.55000305175781,95.55000305175781,95.5,95.5,32583,0.0,0.0,0.0
2025-02-10 03:35:00+00:00,95.5,95.5,95.44999694824219,95.44999694824219,37456,0.0,0.0,0.0
2025-02-10 03:40:00+00:00,95.44999694824219,95.5,95.44999694824219,95.44999694824219,9269,0.0,0.0,0.0
2025-02-10 03:45:00+00:00,95.5,95.5,95.44999694824219,95.5,82324,0.0,0.0,0.0
2025-02-10 03:50:00+00:00,95.5,95.55000305175781,95.5,95.5,81338,0.0,0.0,0.0
2025-02-10 03:55:00+00:00,95.5999984741211,95.6500015258789,95.5999984741211,95.5999984741211,15027,0.0,0.0,0.0
2025-02-10 04:05:00+00:00,95.6500015258789,95.69999694824219,95.55000305175781,95.69999694824219,28295,0.0,0.0,0.0
2025-02-10 04:10:00+00:00,95.6500015258789,95.6500015258789,95.5,95.5,36413,0.0,0.0,0.0
2025-02-10 04:15:00+00:00,95.55000305175781,95.80000305175781,95.5,95.80000305175781,21686,0.0,0.0,0.0
2025-02-10 04:20:00+00:00,95.80000305175781,95.80000305175781,95.69999694824219,95.80000305175781,5402,0.0,0.0,0.0
2025-02-10 04:25:00+00:00,95.80000305175781,95.80000305175781,95.75,95.75,8886,0.0,0.0,0.0
2025-02-10 04:30:00+00:00,95.75,95.75,95.75,95.75,13945,0.0,0.0,0.0
2025-02-10 04:35:00+00:00,95.69999694824219,95.69999694824219,95.69999694824219,95.69999694824219,14241,0.0,0.0,0.0
2025-02-10 04:40:00+00:00,95.69999694824219,95.69999694824219,95.69999694824219,95.69999694824219,4050,0.0,0.0,0.0
2025-02-10 04:45:00+00:00,95.69999694824219,95.69999694824219,95.6500015258789,95.6500015258789,19777,0.0,0.0,0.0
2025-02-10 04:50:00+00:00,95.5999984741211,95.5999984741211,95.5999984741211,95.5999984741211,30355,0.0,0.0,0.0
2025-02-10 04:55:00+00:00,95.5999984741211,95.5999984741211,95.5,95.55000305175781,42529,0.0,0.0,0.0
2025-02-10 05:00:00+00:00,95.55000305175781,95.75,95.5,95.69999694824219,50983,0.0,0.0,0.0
2025-02-10 05:05:00+00:00,95.69999694824219,95.75,95.69999694824219,95.75,25501,0.0,0.0,0.0
2025-02-10 05:10:00+00:00,95.75,95.94999694824219,95.75,95.94999694824219,48508,0.0,0.0,0.0
2025-02-10 05:15:00+00:00,95.94999694824219,96.0,95.9000015258789,95.94999694824219,31010,0.0,0.0,0.0
2025-02-10 05:20:00+00:00,96.0,96.0999984741211,96.0,96.0,79333,0.0,0.0,0.0
2025-02-11 01:00:00+00:00,97.5999984741211,97.75,97.55000305175781,97.69999694824219,0,0.0,0.0,0.0
2025-02-11 01:05:00+00:00,97.80000305175781,97.94999694824219,97.6500015258789,97.94999694824219,228000,0.0,0.0,0.0
2025-02-11 01:10:00+00:00,98.0,98.0,97.8499984741211,97.9000015258789,238162,0.0,0.0,0.0
2025-02-11 01:15:00+00:00,97.9000015258789,98.0,97.9000015258789,97.94999694824219,184914,0.0,0.0,0.0
2025-02-11 01:20:00+00:00,97.94999694824219,97.94999694824219,97.6500015258789,97.69999694824219,124941,0.0,0.0,0.0
2025-02-11 01:25:00+00:00,97.6500015258789,97.69999694824219,97.44999694824219,97.44999694824219,70789,0.0,0.0,0.0
2025-02-11 01:30:00+00:00,97.44999694824219,97.75,97.44999694824219,97.69999694824219,39857,0.0,0.0,0.0
2025-02-11 01:35:00+00:00,97.69999694824219,97.69999694824219,97.5999984741211,97.6500015258789,23908,0.0,0.0,0.0
2025-02-11 01:40:00+00:00,97.5999984741211,97.5999984741211,97.4000015258789,97.5,72036,0.0,0.0,0.0
2025-02-11 01:45:00+00:00,97.5,97.5999984741211,97.5,97.5,15961,0.0,0.0,0.0
2025-02-11 01:50:00+00:00,97.5,97.5999984741211,97.44999694824219,97.5999984741211,23394,0.0,0.0,0.0
2025-02-11 01:55:00+00:00,97.55000305175781,97.6500015258789,97.5,97.55000305175781,53662,0.0,0.0,0.0
2025-02-11 02:00:00+00:00,97.55000305175781,97.5999984741211,97.5,97.5,13183,0.0,0.0,0.0
2025-02-11 02:05:00+00:00,97.5,97.5,97.30000305175781,97.30000305175781,60604,0.0,0.0,0.0
2025-02-11 02:10:00+00:00,97.25,97.30000305175781,97.25,97.25,21687,0.0,0.0,0.0
2025-02-11 02:15:00+00:00,97.25,97.30000305175781,97.05000305175781,97.05000305175781,63061,0.0,0.0,0.0
2025-02-11 02:20:00+00:00,97.0,97.1500015258789,97.0,97.1500015258789,63826,0.0,0.0,0.0
2025-02-11 02:25:00+00:00,97.0999984741211,97.19999694824219,97.0999984741211,97.1500015258789,9422,0.0,0.0,0.0
2025-02-11 02:30:00+00:00,97.1500015258789,97.1500015258789,97.05000305175781,97.05000305175781,21844,0.0,0.0,0.0
2025-02-11 02:35:00+00:00,97.05000305175781,97.0999984741211,97.05000305175781,97.05000305175781,15338,0.0,0.0,0.0
2025-02-11 02:40:00+00:00,97.0,97.05000305175781,96.8499984741211,97.0,32478,0.0,0.0,0.0
2025-02-11 02:45:00+00:00,97.0,97.05000305175781,97.0,97.05000305175781,17523,0.0,0.0,0.0
2025-02-11 02:50:00+00:00,97.05000305175781,97.05000305175781,97.0,97.0,17031,0.0,0.0,0.0
2025-02-11 02:55:00+00:00,96.94999694824219,96.94999694824219,96.8499984741211,96.8499984741211,33197,0.0,0.0,0.0
2025-02-11 03:00:00+00:00,96.80000305175781,96.80000305175781,96.80000305175781,96.80000305175781,14015,0.0,0.0,0.0
2025-02-11 03:05:00+00:00,96.75,96.80000305175781,96.75,96.80000305175781,7810,0.0,0.0,0.0
2025-02-11 03:10:00+00:00,96.75,96.75,96.5999984741211,96.75,39764,0.0,0.0,0.0
2025-02-11 03:15:00+00:00,96.75,96.80000305175781,96.75,96.75,7175,0.0,0.0,0.0
2025-02-11 03:20:00+00:00,96.75,96.8499984741211,96.75,96.8499984741211,44202,0.0,0.0,0.0
2025-02-11 03:25:00+00:00,96.9000015258789,96.94999694824219,96.9000015258789,96.94999694824219,33199,0.0,0.0,0.0
2025-02-11 03:30:00+00:00,96.94999694824219,96.94999694824219,96.9000015258789,96.9000015258789,5540,0.0,0.0,0.0
2025-02-11 03:35:00+00:00,96.9000015258789,96.9000015258789,96.9000015258789,96.9000015258789,4378,0.0,0.0,0.0
2025-02-11 03:40:00+00:00,96.8499984741211,96.8499984741211,96.80000305175781,96.80000305175781,14516,0.0,0.0,0.0
2025-02-11 03:45:00+00:00,96.75,96.75,96.75,96.75,4000,0.0,0.0,0.0
2025-02-11 03:50:00+00:00,96.69999694824219,96.69999694824219,96.5999984741211,96.6500015258789,46161,0.0,0.0,0.0
2025-02-11 03:55:00+00:00,96.5999984741211,96.6500015258789,96.5999984741211,96.5999984741211,23523,0.0,0.0,0.0
2025-02-11 04:00:00+00:00,96.5999984741211,96.6500015258789,96.5999984741211,96.6500015258789,13400,0.0,0.0,0.0
2025-02-11 04:05:00+00:00,96.6500015258789,96.69999694824219,96.6500015258789,96.69999694824219,13689,0.0,0.0,0.0
2025-02-11 04:10:00+00:00,96.6500015258789,96.75,96.6500015258789,96.6500015258789,8320,0.0,0.0,0.0
2025-02-11 04:15:00+00:00,96.69999694824219,96.75,96.69999694824219,96.75,20091,0.0,0.0,0.0
2025-02-11 04:20:00+00:00,96.75,96.75,96.5,96.55000305175781,21992,0.0,0.0,0.0
2025-02-11 04:25:00+00:00,96.55000305175781,96.55000305175781,96.55000305175781,96.55000305175781,25094,0.0,0.0,0.0
2025-02-11 04:30:00+00:00,96.5999984741211,96.6500015258789,96.5999984741211,96.6500015258789,17130,0.0,0.0,0.0
2025-02-11 04:35:00+00:00,96.6500015258789,96.6500015258789,96.5999984741211,96.5999984741211,6871,0.0,0.0,0.0
2025-02-11 04:40:00+00:00,96.5999984741211,96.5999984741211,96.55000305175781,96.55000305175781,7069,0.0,0.0,0.0
2025-02-11 04:45:00+00:00,96.55000305175781,96.55000305175781,96.5,96.5,17699,0.0,0.0,0.0
2025-02-11 04:50:00+00:00,96.5,96.55000305175781,96.5,96.55000305175781,48419,0.0,0.0,0.0
2025-02-11 04:55:00+00:00,96.55000305175781,96.55000305175781,96.55000305175781,96.55000305175781,41190,0.0,0.0,0.0
2025-02-11 05:00:00+00:00,96.5999984741211,96.75,96.5999984741211,96.69999694824219,40600,0.0,0.0,0.0
2025-02-11 05:05:00+00:00,96.69999694824219,96.94999694824219,96.69999694824219,96.94999694824219,140895,0.0,0.0,0.0
2025-02-11 05:10:00+00:00,96.9000015258789,96.9000015258789,96.8499984741211,96.8499984741211,8479,0.0,0.0,0.0
2025-02-11 05:15:00+00:00,96.80000305175781,96.9000015258789,96.75,96.9000015258789,36619,0.0,0.0,0.0
2025-02-11 05:20:00+00:00,96.8499984741211,96.94999694824219,96.8499984741211,96.9000015258789,28039,0.0,0.0,0.0
2025-02-12 01:00:00+00:00,97.75,98.0,97.75,97.94999694824219,0,0.0,0.0,0.0
2025-02-12 01:05:00+00:00,98.0,98.25,98.0,98.1500015258789,289129,0.0,0.0,0.0
2025-02-12 01:10:00+00:00,98.1500015258789,98.3499984741211,98.05000305175781,98.3499984741211,389250,0.0,0.0,0.0
2025-02-12 01:15:00+00:00,98.25,98.25,98.0,98.0,55985,0.0,0.0,0.0
2025-02-12 01:20:00+00:00,98.0,98.0,97.8499984741211,97.9000015258789,81578,0.0,0.0,0.0
2025-02-12 01:25:00+00:00,97.8499984741211,97.8499984741211,97.75,97.80000305175781,33194,0.0,0.0,0.0
2025-02-12 01:30:00+00:00,97.80000305175781,97.80000305175781,97.69999694824219,97.75,39956,0.0,0.0,0.0
2025-02-12 01:35:00+00:00,97.75,97.75,97.6500015258789,97.69999694824219,24551,0.0,0.0,0.0
2025-02-12 01:40:00+00:00,97.69999694824219,97.80000305175781,97.5999984741211,97.80000305175781,115806,0.0,0.0,0.0
2025-02-12 01:45:00+00:00,97.80000305175781,97.9000015258789,97.80000305175781,97.8499984741211,63507,0.0,0.0,0.0
2025-02-12 01:50:00+00:00,97.8499984741211,98.0,97.8499984741211,98.0,175485,0.0,0.0,0.0
2025-02-12 01:55:00+00:00,97.8499984741211,98.0,97.8499984741211,98.0,6200,0.0,0.0,0.0
2025-02-12 02:00:00+00:00,97.8499984741211,97.9000015258789,97.80000305175781,97.80000305175781,17265,0.0,0.0,0.0
2025-02-12 02:05:00+00:00,97.75,97.75,97.6500015258789,97.6500015258789,14981,0.0,0.0,0.0
2025-02-12 02:10:00+00:00,97.5999984741211,97.69999694824219,97.5999984741211,97.6500015258789,9547,0.0,0.0,0.0
2025-02-12 02:15:00+00:00,97.6500015258789,97.69999694824219,97.6500015258789,97.69999694824219,18498,0.0,0.0,0.0
2025-02-12 02:20:00+00:00,97.6500015258789,97.6500015258789,97.5999984741211,97.6500015258789,14772,0.0,0.0,0.0
2025-02-12 02:25:00+00:00,97.6500015258789,97.6500015258789,97.3499984741211,97.3499984741211,41850,0.0,0.0,0.0
2025-02-12 02:30:00+00:00,97.4000015258789,97.5,97.3499984741211,97.5,141281,0.0,0.0,0.0
2025-02-12 02:35:00+00:00,97.5,97.5,97.44999694824219,97.44999694824219,5438,0.0,0.0,0.0
2025-02-12 02:40:00+00:00,97.4000015258789,97.4000015258789,97.1500015258789,97.19999694824219,56251,0.0,0.0,0.0
2025-02-12 02:45:00+00:00,97.19999694824219,97.19999694824219,97.05000305175781,97.05000305175781,27633,0.0,0.0,0.0
2025-02-12 02:50:00+00:00,97.05000305175781,97.0999984741211,96.80000305175781,96.80000305175781,53331,0.0,0.0,0.0
2025-02-12 02:55:00+00:00,96.80000305175781,96.9000015258789,96.80000305175781,96.80000305175781,33655,0.0,0.0,0.0
2025-02-12 03:00:00+00:00,96.80000305175781,96.94999694824219,96.80000305175781,96.9000015258789,27246,0.0,0.0,0.0
2025-02-12 03:05:00+00:00,96.9000015258789,96.9000015258789,96.9000015258789,96.9000015258789,11286,0.0,0.0,0.0
2025-02-12 03:10:00+00:00,97.0,97.0,97.0,97.0,12168,0.0,0.0,0.0
2025-02-12 03:15:00+00:00,97.0,97.05000305175781,97.0,97.05000305175781,19680,0.0,0.0,0.0
2025-02-12 03:20:00+00:00,97.05000305175781,97.05000305175781,97.0,97.0,14673,0.0,0.0,0.0
2025-02-12 03:25:00+00:00,97.0,97.0,96.94999694824219,97.0,17554,0.0,0.0,0.0
2025-02-12 03:30:00+00:00,97.0,97.0,96.94999694824219,96.94999694824219,3091,0.0,0.0,0.0
2025-02-12 03:35:00+00:00,96.94999694824219,96.94999694824219,96.8499984741211,96.8499984741211,23758,0.0,0.0,0.0
2025-02-12 03:40:00+00:00,96.8499984741211,96.8499984741211,96.75,96.75,25714,0.0,0.0,0.0
2025-02-12 03:45:00+00:00,96.80000305175781,96.9000015258789,96.80000305175781,96.9000015258789,5183,0.0,0.0,0.0
2025-02-12 03:50:00+00:00,96.9000015258789,96.9000015258789,96.9000015258789,96.9000015258789,3532,0.0,0.0,0.0
2025-02-12 03:55:00+00:00,96.8499984741211,96.8499984741211,96.6500015258789,96.6500015258789,32369,0.0,0.0,0.0
2025-02-12 04:00:00+00:00,96.5999984741211,96.5999984741211,96.55000305175781,96.55000305175781,25975,0.0,0.0,0.0
2025-02-12 04:05:00+00:00,96.5999984741211,96.5999984741211,96.55000305175781,96.55000305175781,7725,0.0,0.0,0.0
2025-02-12 04:10:00+00:00,96.55000305175781,96.75,96.55000305175781,96.75,66182,0.0,0.0,0.0
2025-02-12 04:15:00+00:00,96.75,96.75,96.75,96.75,4782,0.0,0.0,0.0
2025-02-12 04:20:00+00:00,96.69999694824219,96.69999694824219,96.6500015258789,96.6500015258789,21751,0.0,0.0,0.0
2025-02-12 04:25:00+00:00,96.69999694824219,96.69999694824219,96.6500015258789,96.6500015258789,4832,0.0,0.0,0.0
2025-02-12 04:30:00+00:00,96.69999694824219,96.80000305175781,96.6500015258789,96.80000305175781,30648,0.0,0.0,0.0
2025-02-12 04:35:00+00:00,96.75,96.75,96.69999694824219,96.69999694824219,23852,0.0,0.0,0.0
2025-02-12 04:40:00+00:00,96.6500015258789,96.69999694824219,96.5999984741211,96.69999694824219,22765,0.0,0.0,0.0
2025-02-12 04:45:00+00:00,96.69999694824219,96.69999694824219,96.69999694824219,96.69999694824219,4410,0.0,0.0,0.0
2025-02-12 04:50:00+00:00,96.69999694824219,96.69999694824219,96.6500015258789,96.6500015258789,23068,0.0,0.0,0.0
2025-02-12 04:55:00+00:00,96.6500015258789,96.75,96.6500015258789,96.75,122033,0.0,0.0,0.0
2025-02-12 05:00:00+00:00,96.80000305175781,96.80000305175781,96.75,96.80000305175781,11685,0.0,0.0,0.0
2025-02-12 05:05:00+00:00,96.80000305175781,96.80000305175781,96.6500015258789,96.6500015258789,51050,0.0,0.0,0.0
2025-02-12 05:10:00+00:00,96.6500015258789,96.69999694824219,96.6500015258789,96.69999694824219,26111,0.0,0.0,0.0
2025-02-12 05:15:00+00:00,96.6500015258789,96.69999694824219,96.6500015258789,96.6500015258789,23083,0.0,0.0,0.0
2025-02-12 05:20:00+00:00,96.6500015258789,96.69999694824219,96.55000305175781,96.55000305175781,81815,0.0,0.0,0.0
2025-02-13 01:00:00+00:00,96.5,96.55000305175781,96.4000015258789,96.44999694824219,0,0.0,0.0,0.0
2025-02-13 01:05:00+00:00,96.4000015258789,96.6500015258789,96.4000015258789,96.5999984741211,66000,0.0,0.0,0.0
2025-02-13 01:10:00+00:00,96.6500015258789,96.75,96.5999984741211,96.75,74949,0.0,0.0,0.0
2025-02-13 01:15:00+00:00,96.75,96.75,96.6500015258789,96.6500015258789,53505,0.0,0.0,0.0
2025-02-13 01:20:00+00:00,96.5999984741211,96.5999984741211,96.25,96.25,136078,0.0,0.0,0.0
2025-02-13 01:25:00+00:00,96.25,96.4000015258789,96.0999984741211,96.3499984741211,58623,0.0,0.0,0.0
2025-02-13 01:30:00+00:00,96.4000015258789,96.5999984741211,96.4000015258789,96.5999984741211,20511,0.0,0.0,0.0
2025-02-13 01:35:00+00:00,96.5999984741211,96.6500015258789,96.5,96.6500015258789,23659,0.0,0.0,0.0
2025-02-13 01:40:00+00:00,96.69999694824219,96.69999694824219,96.6500015258789,96.6500015258789,42637,0.0,0.0,0.0
2025-02-13 01:45:00+00:00,96.6500015258789,96.75,96.6500015258789,96.75,33014,0.0,0.0,0.0
2025-02-13 01:50:00+00:00,96.75,96.8499984741211,96.75,96.80000305175781,153065,0.0,0.0,0.0
2025-02-13 01:55:00+00:00,96.8499984741211,96.94999694824219,96.8499984741211,96.8499984741211,81091,0.0,0.0,0.0
2025-02-13 02:00:00+00:00,96.80000305175781,96.94999694824219,96.80000305175781,96.94999694824219,31356,0.0,0.0,0.0
2025-02-13 02:05:00+00:00,96.8499984741211,96.94999694824219,96.8499984741211,96.8499984741211,25275,0.0,0.0,0.0
2025-02-13 02:10:00+00:00,96.80000305175781,96.80000305175781,96.80000305175781,96.80000305175781,5161,0.0,0.0,0.0
2025-02-13 02:15:00+00:00,96.80000305175781,96.9000015258789,96.75,96.75,37411,0.0,0.0,0.0
2025-02-13 02:20:00+00:00,96.69999694824219,96.69999694824219,96.6500015258789,96.6500015258789,12492,0.0,0.0,0.0
2025-02-13 02:25:00+00:00,96.69999694824219,96.69999694824219,96.6500015258789,96.6500015258789,57289,0.0,0.0,0.0
2025-02-13 02:30:00+00:00,96.69999694824219,97.05000305175781,96.69999694824219,96.9000015258789,307849,0.0,0.0,0.0
2025-02-13 02:35:00+00:00,96.80000305175781,96.9000015258789,96.80000305175781,96.9000015258789,12002,0.0,0.0,0.0
2025-02-13 02:40:00+00:00,96.80000305175781,96.9000015258789,96.75,96.9000015258789,18310,0.0,0.0,0.0
2025-02-13 02:45:00+00:00,96.94999694824219,97.0,96.94999694824219,97.0,15117,0.0,0.0,0.0
2025-02-13 02:50:00+00:00,97.05000305175781,97.05000305175781,97.0,97.0,12052,0.0,0.0,0.0
2025-02-13 02:55:00+00:00,97.05000305175781,97.0999984741211,97.0,97.0999984741211,28873,0.0,0.0,0.0
2025-02-13 03:00:00+00:00,97.0999984741211,97.0999984741211,97.0,97.0,10100,0.0,0.0,0.0
2025-02-13 03:05:00+00:00,96.94999694824219,96.94999694824219,96.94999694824219,96.94999694824219,3105,0.0,0.0,0.0
2025-02-13 03:10:00+00:00,97.0,97.05000305175781,97.0,97.0,18269,0.0,0.0,0.0
2025-02-13 03:15:00+00:00,96.94999694824219,97.0,96.94999694824219,97.0,3150,0.0,0.0,0.0
2025-02-13 03:20:00+00:00,97.0,97.0,97.0,97.0,13025,0.0,0.0,0.0
2025-02-13 03:25:00+00:00,97.0,97.0,96.94999694824219,96.94999694824219,7772,0.0,0.0,0.0
2025-02-13 03:30:00+00:00,97.0,97.05000305175781,97.0,97.0,15300,0.0,0.0,0.0
2025-02-13 03:35:00+00:00,97.05000305175781,97.19999694824219,97.05000305175781,97.19999694824219,76125,0.0,0.0,0.0
2025-02-13 03:40:00+00:00,97.25,97.3499984741211,97.25,97.3499984741211,45945,0.0,0.0,0.0
2025-02-13 03:45:00+00:00,97.4000015258789,97.4000015258789,97.3499984741211,97.3499984741211,32085,0.0,0.0,0.0
2025-02-13 03:50:00+00:00,97.3499984741211,97.3499984741211,97.25,97.25,7609,0.0,0.0,0.0
2025-02-13 03:55:00+00:00,97.25,97.25,97.19999694824219,97.19999694824219,8150,0.0,0.0,0.0
2025-02-13 04:00:00+00:00,97.25,97.25,97.25,97.25,13112,0.0,0.0,0.0
2025-02-13 04:05:00+00:00,97.25,97.25,97.19999694824219,97.25,28120,0.0,0.0,0.0
2025-02-13 04:10:00+00:00,97.25,97.25,97.19999694824219,97.19999694824219,7554,0.0,0.0,0.0
2025-02-13 04:15:00+00:00,97.0999984741211,97.1500015258789,97.0999984741211,97.1500015258789,10600,0.0,0.0,0.0
2025-02-13 04:20:00+00:00,97.1500015258789,97.25,97.1500015258789,97.25,44644,0.0,0.0,0.0
2025-02-13 04:25:00+00:00,97.25,97.30000305175781,97.25,97.30000305175781,14000,0.0,0.0,0.0
2025-02-13 04:30:00+00:00,97.25,97.30000305175781,97.25,97.30000305175781,38731,0.0,0.0,0.0
2025-02-13 04:35:00+00:00,97.25,97.3499984741211,97.25,97.3499984741211,19264,0.0,0.0,0.0
2025-02-13 04:40:00+00:00,97.30000305175781,97.30000305175781,97.30000305175781,97.30000305175781,13276,0.0,0.0,0.0
2025-02-13 04:45:00+00:00,97.25,97.25,97.19999694824219,97.19999694824219,7444,0.0,0.0,0.0
2025-02-13 04:50:00+00:00,97.19999694824219,97.19999694824219,97.1500015258789,97.1500015258789,9621,0.0,0.0,0.0
2025-02-13 04:55:00+00:00,97.1500015258789,97.1500015258789,97.05000305175781,97.05000305175781,20581,0.0,0.0,0.0
2025-02-13 05:00:00+00:00,97.05000305175781,97.25,97.0,97.25,34564,0.0,0.0,0.0
2025-02-13 05:05:00+00:00,97.25,97.25,97.19999694824219,97.25,23871,0.0,0.0,0.0
2025-02-13 05:10:00+00:00,97.30000305175781,97.3499984741211,97.25,97.25,45093,0.0,0.0,0.0
2025-02-13 05:15:00+00:00,97.25,97.25,97.19999694824219,97.19999694824219,15037,0.0,0.0,0.0
2025-02-13 05:20:00+00:00,97.19999694824219,97.25,97.0999984741211,97.19999694824219,30525,0.0,0.0,0.0
2025-02-14 01:00:00+00:00,96.05000305175781,96.05000305175781,95.80000305175781,95.9000015258789,0,0.0,0.0,0.0
2025-02-14 01:05:00+00:00,96.0,96.0,95.8499984741211,96.0,175000,0.0,0.0,0.0
2025-02-14 01:10:00+00:00,96.05000305175781,96.1500015258789,95.69999694824219,95.69999694824219,327955,0.0,0.0,0.0
2025-02-14 01:15:00+00:00,95.8499984741211,95.8499984741211,95.5999984741211,95.8499984741211,269714,0.0,0.0,0.0
2025-02-14 01:20:00+00:00,95.9000015258789,95.94999694824219,95.69999694824219,95.69999694824219,94854,0.0,0.0,0.0
2025-02-14 01:25:00+00:00,95.69999694824219,95.69999694824219,95.5999984741211,95.69999694824219,81016,0.0,0.0,0.0
2025-02-14 01:30:00+00:00,95.69999694824219,95.69999694824219,95.4000015258789,95.44999694824219,324672,0.0,0.0,0.0
2025-02-14 01:35:00+00:00,95.4000015258789,95.5999984741211,95.4000015258789,95.5,89566,0.0,0.0,0.0
2025-02-14 01:40:00+00:00,95.5999984741211,95.5999984741211,95.5,95.5,128822,0.0,0.0,0.0
2025-02-14 01:45:00+00:00,95.5,95.6500015258789,95.5,95.5999984741211,68047,0.0,0.0,0.0
2025-02-14 01:50:00+00:00,95.6500015258789,95.9000015258789,95.6500015258789,95.80000305175781,268225,0.0,0.0,0.0
2025-02-14 01:55:00+00:00,95.94999694824219,96.0,95.75,95.80000305175781,46961,0.0,0.0,0.0
2025-02-14 02:00:00+00:00,95.75,95.8499984741211,95.6500015258789,95.8499984741211,42162,0.0,0.0,0.0
2025-02-14 02:05:00+00:00,95.8499984741211,95.9000015258789,95.8499984741211,95.8499984741211,14851,0.0,0.0,0.0
2025-02-14 02:10:00+00:00,95.80000305175781,95.8499984741211,95.75,95.80000305175781,17030,0.0,0.0,0.0
2025-02-14 02:15:00+00:00,95.75,95.75,95.6500015258789,95.6500015258789,15942,0.0,0.0,0.0
2025-02-14 02:20:00+00:00,95.80000305175781,95.80000305175781,95.80000305175781,95.80000305175781,4100,0.0,0.0,0.0
2025-02-14 02:25:00+00:00,95.80000305175781,95.9000015258789,95.80000305175781,95.9000015258789,18460,0.0,0.0,0.0
2025-02-14 02:30:00+00:00,95.9000015258789,95.9000015258789,95.9000015258789,95.9000015258789,7175,0.0,0.0,0.0
2025-02-14 02:35:00+00:00,95.9000015258789,96.0999984741211,95.9000015258789,96.0,88521,0.0,0.0,0.0
2025-02-14 02:40:00+00:00,96.05000305175781,96.05000305175781,95.9000015258789,95.9000015258789,28294,0.0,0.0,0.0
2025-02-14 02:45:00+00:00,95.9000015258789,95.9000015258789,95.80000305175781,95.80000305175781,13900,0.0,0.0,0.0
2025-02-14 02:50:00+00:00,95.8499984741211,95.8499984741211,95.80000305175781,95.80000305175781,14576,0.0,0.0,0.0
2025-02-14 02:55:00+00:00,95.80000305175781,96.0,95.80000305175781,96.0,14411,0.0,0.0,0.0
2025-02-14 03:00:00+00:00,96.0,96.0,96.0,96.0,12479,0.0,0.0,0.0
2025-02-14 03:05:00+00:00,95.94999694824219,95.94999694824219,95.80000305175781,95.80000305175781,37230,0.0,0.0,0.0
2025-02-14 03:10:00+00:00,95.80000305175781,95.80000305175781,95.69999694824219,95.69999694824219,24034,0.0,0.0,0.0
2025-02-14 03:15:00+00:00,95.69999694824219,95.69999694824219,95.55000305175781,95.55000305175781,91908,0.0,0.0,0.0
2025-02-14 03:20:00+00:00,95.55000305175781,95.55000305175781,95.44999694824219,95.44999694824219,83753,0.0,0.0,0.0
2025-02-14 03:25:00+00:00,95.4000015258789,95.5,95.4000015258789,95.5,32461,0.0,0.0,0.0
2025-02-14 03:30:00+00:00,95.5,95.5,95.5,95.5,42674,0.0,0.0,0.0
2025-02-14 03:35:00+00:00,95.44999694824219,95.44999694824219,95.4000015258789,95.44999694824219,188218,0.0,0.0,0.0
2025-02-14 03:40:00+00:00,95.44999694824219,95.5,95.44999694824219,95.5,25594,0.0,0.0,0.0
2025-02-14 03:45:00+00:00,95.5,95.5,95.44999694824219,95.44999694824219,35371,0.0,0.0,0.0
2025-02-14 03:50:00+00:00,95.5,95.5,95.5,95.5,4191,0.0,0.0,0.0
2025-02-14 03:55:00+00:00,95.5,95.5,95.44999694824219,95.44999694824219,42185,0.0,0.0,0.0
2025-02-14 04:00:00+00:00,95.4000015258789,95.4000015258789,95.19999694824219,95.25,161759,0.0,0.0,0.0
2025-02-14 04:05:00+00:00,95.25,95.25,95.19999694824219,95.19999694824219,76545,0.0,0.0,0.0
2025-02-14 04:10:00+00:00,95.1500015258789,95.19999694824219,95.1500015258789,95.19999694824219,31058,0.0,0.0,0.0
2025-02-14 04:15:00+00:00,95.19999694824219,95.19999694824219,95.1500015258789,95.1500015258789,30426,0.0,0.0,0.0
2025-02-14 04:20:00+00:00,95.19999694824219,95.19999694824219,95.0999984741211,95.0999984741211,96781,0.0,0.0,0.0
2025-02-14 04:25:00+00:00,95.05000305175781,95.0999984741211,95.05000305175781,95.05000305175781,59049,0.0,0.0,0.0
2025-02-14 04:30:00+00:00,95.0999984741211,95.0999984741211,95.05000305175781,95.0999984741211,32898,0.0,0.0,0.0
2025-02-14 04:35:00+00:00,95.0999984741211,95.25,95.05000305175781,95.25,80649,0.0,0.0,0.0
2025-02-14 04:40:00+00:00,95.19999694824219,95.25,95.1500015258789,95.1500015258789,29104,0.0,0.0,0.0
2025-02-14 04:45:00+00:00,95.19999694824219,95.19999694824219,95.1500015258789,95.19999694824219,12340,0.0,0.0,0.0
2025-02-14 04:50:00+00:00,95.1500015258789,95.1500015258789,95.0999984741211,95.1500015258789,29420,0.0,0.0,0.0
2025-02-14 04:55:00+00:00,95.1500015258789,95.3499984741211,95.1500015258789,95.30000305175781,45246,0.0,0.0,0.0
2025-02-14 05:00:00+00:00,95.3499984741211,95.44999694824219,95.30000305175781,95.30000305175781,60226,0.0,0.0,0.0
2025-02-14 05:05:00+00:00,95.4000015258789,95.5999984741211,95.30000305175781,95.3499984741211,49978,0.0,0.0,0.0
2025-02-14 05:10:00+00:00,95.44999694824219,95.6500015258789,95.4000015258789,95.4000015258789,89710,0.0,0.0,0.0
2025-02-14 05:15:00+00:00,95.55000305175781,95.55000305175781,95.5,95.5,30833,0.0,0.0,0.0
2025-02-14 05:20:00+00:00,95.4000015258789,95.5,95.4000015258789,95.44999694824219,63599,0.0,0.0,0.0
2025-02-17 01:00:00+00:00,96.6500015258789,97.0,96.6500015258789,96.94999694824219,0,0.0,0.0,0.0
2025-02-17 01:05:00+00:00,97.0,97.05000305175781,96.8499984741211,96.8499984741211,226784,0.0,0.0,0.0
2025-02-17 01:10:00+00:00,96.80000305175781,96.9000015258789,96.75,96.80000305175781,99920,0.0,0.0,0.0
2025-02-17 01:15:00+00:00,96.8499984741211,97.19999694824219,96.75,97.1500015258789,410547,0.0,0.0,0.0
2025-02-17 01:20:00+00:00,97.1500015258789,97.4000015258789,97.1500015258789,97.3499984741211,263402,0.0,0.0,0.0
2025-02-17 01:25:00+00:00,97.3499984741211,97.55000305175781,97.30000305175781,97.4000015258789,213446,0.0,0.0,0.0
2025-02-17 01:30:00+00:00,97.4000015258789,97.55000305175781,97.4000015258789,97.44999694824219,102072,0.0,0.0,0.0
2025-02-17 01:35:00+00:00,97.5,97.6500015258789,97.4000015258789,97.5999984741211,181217,0.0,0.0,0.0
2025-02-17 01:40:00+00:00,97.6500015258789,97.69999694824219,97.5,97.6500015258789,69181,0.0,0.0,0.0
2025-02-17 01:45:00+00:00,97.5999984741211,97.6500015258789,97.4000015258789,97.5,63679,0.0,0.0,0.0
2025-02-17 01:50:00+00:00,97.5,97.75,97.5,97.69999694824219,183466,0.0,0.0,0.0
2025-02-17 01:55:00+00:00,97.6500015258789,97.75,97.6500015258789,97.69999694824219,34721,0.0,0.0,0.0
2025-02-17 02:00:00+00:00,97.5999984741211,97.69999694824219,97.55000305175781,97.55000305175781,64136,0.0,0.0,0.0
2025-02-17 02:05:00+00:00,97.69999694824219,97.69999694824219,97.5,97.55000305175781,29548,0.0,0.0,0.0
2025-02-17 02:10:00+00:00,97.55000305175781,97.5999984741211,97.5,97.5999984741211,23663,0.0,0.0,0.0
2025-02-17 02:15:00+00:00,97.5999984741211,97.5999984741211,97.55000305175781,97.55000305175781,33012,0.0,0.0,0.0
2025-02-17 02:20:00+00:00,97.55000305175781,97.5999984741211,97.55000305175781,97.5999984741211,71563,0.0,0.0,0.0
2025-02-17 02:25:00+00:00,97.5999984741211,97.8499984741211,97.55000305175781,97.75,262397,0.0,0.0,0.0
2025-02-17 02:30:00+00:00,97.75,97.80000305175781,97.75,97.75,36166,0.0,0.0,0.0
2025-02-17 02:35:00+00:00,97.75,97.8499984741211,97.75,97.8499984741211,37185,0.0,0.0,0.0
2025-02-17 02:40:00+00:00,97.8499984741211,97.9000015258789,97.8499984741211,97.9000015258789,47141,0.0,0.0,0.0
2025-02-17 02:45:00+00:00,97.94999694824219,98.0999984741211,97.94999694824219,98.0,408577,0.0,0.0,0.0
2025-02-17 02:50:00+00:00,98.0,98.0999984741211,98.0,98.0999984741211,48178,0.0,0.0,0.0
2025-02-17 02:55:00+00:00,98.0999984741211,98.1500015258789,98.0999984741211,98.1500015258789,117094,0.0,0.0,0.0
2025-02-17 03:00:00+00:00,98.1500015258789,98.1500015258789,98.0999984741211,98.0999984741211,29785,0.0,0.0,0.0
2025-02-17 03:05:00+00:00,98.0999984741211,98.1500015258789,98.05000305175781,98.0999984741211,99665,0.0,0.0,0.0
2025-02-17 03:10:00+00:00,98.0999984741211,98.0999984741211,98.0999984741211,98.0999984741211,97378,0.0,0.0,0.0
2025-02-17 03:15:00+00:00,98.0999984741211,98.1500015258789,98.0999984741211,98.1500015258789,54824,0.0,0.0,0.0
2025-02-17 03:20:00+00:00,98.1500015258789,98.25,98.1500015258789,98.25,148318,0.0,0.0,0.0
2025-02-17 03:25:00+00:00,98.25,98.30000305175781,98.1500015258789,98.19999694824219,58854,0.0,0.0,0.0
2025-02-17 03:30:00+00:00,98.19999694824219,98.25,98.19999694824219,98.19999694824219,26074,0.0,0.0,0.0
2025-02-17 03:35:00+00:00,98.1500015258789,98.25,98.1500015258789,98.19999694824219,17548,0.0,0.0,0.0
2025-02-17 03:40:00+00:00,98.19999694824219,98.25,98.19999694824219,98.25,84400,0.0,0.0,0.0
2025-02-17 03:45:00+00:00,98.25,98.30000305175781,98.19999694824219,98.19999694824219,19600,0.0,0.0,0.0
2025-02-17 03:50:00+00:00,98.19999694824219,98.30000305175781,98.19999694824219,98.30000305175781,153977,0.0,0.0,0.0
2025-02-17 03:55:00+00:00,98.30000305175781,98.3499984741211,98.25,98.30000305175781,40474,0.0,0.0,0.0
2025-02-17 04:00:00+00:00,98.30000305175781,98.3499984741211,98.30000305175781,98.30000305175781,17470,0.0,0.0,0.0
2025-02-17 04:05:00+00:00,98.30000305175781,98.30000305175781,98.19999694824219,98.19999694824219,16108,0.0,0.0,0.0
2025-02-17 04:10:00+00:00,98.19999694824219,98.19999694824219,98.0999984741211,98.0999984741211,24834,0.0,0.0,0.0
2025-02-17 04:15:00+00:00,98.0999984741211,98.0999984741211,98.0,98.0,16524,0.0,0.0,0.0
2025-02-17 04:20:00+00:00,98.05000305175781,98.0999984741211,98.0,98.0999984741211,51721,0.0,0.0,0.0
2025-02-17 04:25:00+00:00,98.05000305175781,98.05000305175781,98.0,98.0,20416,0.0,0.0,0.0
2025-02-17 04:30:00+00:00,98.05000305175781,98.05000305175781,98.05000305175781,98.05000305175781,61739,0.0,0.0,0.0
2025-02-17 04:35:00+00:00,98.0999984741211,98.0999984741211,98.0999984741211,98.0999984741211,32696,0.0,0.0,0.0
2025-02-17 04:40:00+00:00,98.0999984741211,98.1500015258789,98.0999984741211,98.1500015258789,46687,0.0,0.0,0.0
2025-02-17 04:45:00+00:00,98.1500015258789,98.19999694824219,98.1500015258789,98.19999694824219,14702,0.0,0.0,0.0
2025-02-17 04:50:00+00:00,98.19999694824219,98.25,98.19999694824219,98.25,160215,0.0,0.0,0.0
2025-02-17 04:55:00+00:00,98.30000305175781,98.30000305175781,98.25,98.30000305175781,111838,0.0,0.0,0.0
2025-02-17 05:00:00+00:00,98.30000305175781,98.3499984741211,98.25,98.25,22275,0.0,0.0,0.0
2025-02-17 05:05:00+00:00,98.19999694824219,98.19999694824219,98.19999694824219,98.19999694824219,8719,0.0,0.0,0.0
2025-02-17 05:10:00+00:00,98.19999694824219,98.19999694824219,98.1500015258789,98.1500015258789,42033,0.0,0.0,0.0
2025-02-17 05:15:00+00:00,98.1500015258789,98.19999694824219,98.1500015258789,98.1500015258789,130952,0.0,0.0,0.0
2025-02-17 05:20:00+00:00,98.1500015258789,98.19999694824219,98.0999984741211,98.0999984741211,97320,0.0,0.0,0.0
2025-02-18 01:00:00+00:00,98.19999694824219,98.30000305175781,97.94999694824219,97.94999694824219,0,0.0,0.0,0.0
2025-02-18 01:05:00+00:00,97.9000015258789,98.0,97.8499984741211,97.9000015258789,42393,0.0,0.0,0.0
2025-02-18 01:10:00+00:00,97.9000015258789,98.0999984741211,97.8499984741211,98.0999984741211,46270,0.0,0.0,0.0
2025-02-18 01:15:00+00:00,98.0,98.05000305175781,97.94999694824219,98.05000305175781,25522,0.0,0.0,0.0
2025-02-18 01:20:00+00:00,98.0,98.0999984741211,98.0,98.0999984741211,58900,0.0,0.0,0.0
2025-02-18 01:25:00+00:00,98.05000305175781,98.19999694824219,98.05000305175781,98.1500015258789,70756,0.0,0.0,0.0
2025-02-18 01:30:00+00:00,98.19999694824219,98.30000305175781,98.1500015258789,98.1500015258789,35678,0.0,0.0,0.0
2025-02-18 01:35:00+00:00,98.0999984741211,98.19999694824219,98.0999984741211,98.19999694824219,86043,0.0,0.0,0.0
2025-02-18 01:40:00+00:00,98.19999694824219,98.19999694824219,98.1500015258789,98.19999694824219,8170,0.0,0.0,0.0
2025-02-18 01:45:00+00:00,98.0999984741211,98.30000305175781,98.0999984741211,98.19999694824219,197770,0.0,0.0,0.0
2025-02-18 01:50:00+00:00,98.30000305175781,98.30000305175781,98.19999694824219,98.25,16089,0.0,0.0,0.0
2025-02-18 01:55:00+00:00,98.25,98.30000305175781,98.25,98.30000305175781,31466,0.0,0.0,0.0
2025-02-18 02:00:00+00:00,98.30000305175781,98.30000305175781,98.19999694824219,98.19999694824219,70079,0.0,0.0,0.0
2025-02-18 02:05:00+00:00,98.19999694824219,98.25,98.19999694824219,98.25,20339,0.0,0.0,0.0
2025-02-18 02:10:00+00:00,98.19999694824219,98.25,98.19999694824219,98.25,14006,0.0,0.0,0.0
2025-02-18 02:20:00+00:00,98.19999694824219,98.25,98.1500015258789,98.25,130190,0.0,0.0,0.0
2025-02-18 02:25:00+00:00,98.25,98.30000305175781,98.25,98.30000305175781,107090,0.0,0.0,0.0
2025-02-18 02:30:00+00:00,98.30000305175781,98.4000015258789,98.30000305175781,98.4000015258789,67237,0.0,0.0,0.0
2025-02-18 02:35:00+00:00,98.44999694824219,98.6500015258789,98.44999694824219,98.5999984741211,187710,0.0,0.0,0.0
2025-02-18 02:40:00+00:00,98.5999984741211,98.5999984741211,98.5,98.5,6451,0.0,0.0,0.0
2025-02-18 02:45:00+00:00,98.5,98.55000305175781,98.44999694824219,98.44999694824219,26009,0.0,0.0,0.0
2025-02-18 02:50:00+00:00,98.5,98.55000305175781,98.44999694824219,98.5,16602,0.0,0.0,0.0
2025-02-18 02:55:00+00:00,98.44999694824219,98.55000305175781,98.44999694824219,98.5,42756,0.0,0.0,0.0
2025-02-18 03:00:00+00:00,98.55000305175781,98.55000305175781,98.5,98.5,6401,0.0,0.0,0.0
2025-02-18 03:05:00+00:00,98.5,98.5,98.4000015258789,98.4000015258789,78740,0.0,0.0,0.0
2025-02-18 03:10:00+00:00,98.4000015258789,98.44999694824219,98.4000015258789,98.44999694824219,11081,0.0,0.0,0.0
2025-02-18 03:15:00+00:00,98.44999694824219,98.5,98.44999694824219,98.44999694824219,18028,0.0,0.0,0.0
2025-02-18 03:20:00+00:00,98.44999694824219,98.55000305175781,98.44999694824219,98.55000305175781,126595,0.0,0.0,0.0
2025-02-18 03:25:00+00:00,98.5999984741211,98.5999984741211,98.55000305175781,98.5999984741211,68536,0.0,0.0,0.0
2025-02-18 03:30:00+00:00,98.6500015258789,98.69999694824219,98.6500015258789,98.69999694824219,93240,0.0,0.0,0.0
2025-02-18 03:35:00+00:00,98.55000305175781,98.55000305175781,98.55000305175781,98.55000305175781,7091,0.0,0.0,0.0
2025-02-18 03:40:00+00:00,98.55000305175781,98.5999984741211,98.55000305175781,98.5999984741211,3206,0.0,0.0,0.0
2025-02-18 03:45:00+00:00,98.55000305175781,98.6500015258789,98.5,98.5,28581,0.0,0.0,0.0
2025-02-18 03:50:00+00:00,98.55000305175781,98.6500015258789,98.55000305175781,98.6500015258789,17570,0.0,0.0,0.0
2025-02-18 03:55:00+00:00,98.5999984741211,98.6500015258789,98.5999984741211,98.6500015258789,22121,0.0,0.0,0.0
2025-02-18 04:00:00+00:00,98.69999694824219,98.69999694824219,98.6500015258789,98.6500015258789,25931,0.0,0.0,0.0
2025-02-18 04:05:00+00:00,98.5999984741211,98.5999984741211,98.5999984741211,98.5999984741211,8291,0.0,0.0,0.0
2025-02-18 04:10:00+00:00,98.5999984741211,98.5999984741211,98.5999984741211,98.5999984741211,8283,0.0,0.0,0.0
2025-02-18 04:15:00+00:00,98.55000305175781,98.5999984741211,98.55000305175781,98.55000305175781,12250,0.0,0.0,0.0
2025-02-18 04:20:00+00:00,98.5,98.55000305175781,98.5,98.55000305175781,15061,0.0,0.0,0.0
2025-02-18 04:25:00+00:00,98.5,98.55000305175781,98.5,98.5,22374,0.0,0.0,0.0
2025-02-18 04:30:00+00:00,98.55000305175781,98.5999984741211,98.55000305175781,98.5999984741211,29151,0.0,0.0,0.0
2025-02-18 04:35:00+00:00,98.5999984741211,98.69999694824219,98.5999984741211,98.69999694824219,172142,0.0,0.0,0.0
2025-02-18 04:40:00+00:00,98.5999984741211,98.80000305175781,98.5999984741211,98.80000305175781,100174,0.0,0.0,0.0
2025-02-18 04:45:00+00:00,98.8499984741211,98.94999694824219,98.8499984741211,98.9000015258789,162239,0.0,0.0,0.0
2025-02-18 04:50:00+00:00,98.9000015258789,98.9000015258789,98.8499984741211,98.8499984741211,11663,0.0,0.0,0.0
2025-02-18 04:55:00+00:00,98.8499984741211,98.94999694824219,98.8499984741211,98.9000015258789,76416,0.0,0.0,0.0
2025-02-18 05:00:00+00:00,98.94999694824219,99.0,98.94999694824219,99.0,162089,0.0,0.0,0.0
2025-02-18 05:05:00+00:00,99.0,99.05000305175781,99.0,99.0,108169,0.0,0.0,0.0
2025-02-18 05:10:00+00:00,99.0,99.05000305175781,98.94999694824219,98.94999694824219,109680,0.0,0.0,0.0
2025-02-18 05:15:00+00:00,98.94999694824219,99.0999984741211,98.94999694824219,99.0,118327,0.0,0.0,0.0
2025-02-18 05:20:00+00:00,99.0,99.05000305175781,98.94999694824219,99.0,80881,0.0,0.0,0.0
2025-02-19 01:00:00+00:00,98.9000015258789,99.05000305175781,98.9000015258789,99.0,0,0.0,0.0,0.0
2025-02-19 01:05:00+00:00,99.0,99.05000305175781,98.8499984741211,98.9000015258789,83940,0.0,0.0,0.0
2025-02-19 01:10:00+00:00,98.9000015258789,98.9000015258789,98.9000015258789,98.9000015258789,15872,0.0,0.0,0.0
2025-02-19 01:15:00+00:00,98.9000015258789,99.0999984741211,98.9000015258789,99.0999984741211,132115,0.0,0.0,0.0
2025-02-19 01:20:00+00:00,99.0999984741211,99.1500015258789,99.05000305175781,99.0999984741211,42870,0.0,0.0,0.0
2025-02-19 01:25:00+00:00,99.1500015258789,99.25,99.1500015258789,99.19999694824219,106079,0.0,0.0,0.0
2025-02-19 01:30:00+00:00,99.19999694824219,99.25,99.05000305175781,99.05000305175781,36200,0.0,0.0,0.0
2025-02-19 01:35:00+00:00,99.05000305175781,99.3499984741211,99.05000305175781,99.3499984741211,97508,0.0,0.0,0.0
2025-02-19 01:40:00+00:00,99.3499984741211,99.5,99.3499984741211,99.5,123554,0.0,0.0,0.0
2025-02-19 01:45:00+00:00,99.5,99.5,99.4000015258789,99.44999694824219,46582,0.0,0.0,0.0
2025-02-19 01:50:00+00:00,99.44999694824219,99.44999694824219,99.3499984741211,99.3499984741211,24136,0.0,0.0,0.0
2025-02-19 01:55:00+00:00,99.30000305175781,99.30000305175781,99.0999984741211,99.1500015258789,24350,0.0,0.0,0.0
2025-02-19 02:00:00+00:00,99.1500015258789,99.19999694824219,99.0,99.0,25540,0.0,0.0,0.0
2025-02-19 02:05:00+00:00,98.94999694824219,98.94999694824219,98.69999694824219,98.94999694824219,46536,0.0,0.0,0.0
2025-02-19 02:10:00+00:00,98.94999694824219,98.94999694824219,98.8499984741211,98.8499984741211,24367,0.0,0.0,0.0
2025-02-19 02:15:00+00:00,98.9000015258789,98.9000015258789,98.80000305175781,98.80000305175781,14402,0.0,0.0,0.0
2025-02-19 02:20:00+00:00,98.80000305175781,98.80000305175781,98.75,98.75,21445,0.0,0.0,0.0
2025-02-19 02:25:00+00:00,98.69999694824219,98.69999694824219,98.5999984741211,98.69999694824219,43623,0.0,0.0,0.0
2025-02-19 02:30:00+00:00,98.69999694824219,98.80000305175781,98.6500015258789,98.80000305175781,43149,0.0,0.0,0.0
2025-02-19 02:35:00+00:00,98.75,98.80000305175781,98.75,98.80000305175781,4837,0.0,0.0,0.0
2025-02-19 02:40:00+00:00,98.80000305175781,98.80000305175781,98.75,98.75,9792,0.0,0.0,0.0
2025-02-19 02:45:00+00:00,98.80000305175781,98.80000305175781,98.80000305175781,98.80000305175781,22249,0.0,0.0,0.0
2025-02-19 02:50:00+00:00,98.8499984741211,98.8499984741211,98.8499984741211,98.8499984741211,5728,0.0,0.0,0.0
2025-02-19 02:55:00+00:00,98.8499984741211,98.9000015258789,98.8499984741211,98.9000015258789,6182,0.0,0.0,0.0
2025-02-19 03:00:00+00:00,98.9000015258789,98.94999694824219,98.9000015258789,98.94999694824219,5893,0.0,0.0,0.0
2025-02-19 03:05:00+00:00,99.0,99.0999984741211,98.9000015258789,99.05000305175781,73951,0.0,0.0,0.0
2025-02-19 03:10:00+00:00,99.0999984741211,99.0999984741211,99.05000305175781,99.05000305175781,7070,0.0,0.0,0.0
2025-02-19 03:15:00+00:00,99.05000305175781,99.0999984741211,99.05000305175781,99.0999984741211,9020,0.0,0.0,0.0
2025-02-19 03:20:00+00:00,99.0999984741211,99.1500015258789,99.0999984741211,99.1500015258789,11048,0.0,0.0,0.0
2025-02-19 03:25:00+00:00,99.0999984741211,99.0999984741211,99.0999984741211,99.0999984741211,11701,0.0,0.0,0.0
2025-02-19 03:30:00+00:00,99.0999984741211,99.1500015258789,99.0999984741211,99.1500015258789,32845,0.0,0.0,0.0
2025-02-19 03:35:00+00:00,99.1500015258789,99.19999694824219,99.1500015258789,99.19999694824219,28770,0.0,0.0,0.0
2025-02-19 03:40:00+00:00,99.25,99.3499984741211,99.25,99.25,39532,0.0,0.0,0.0
2025-02-19 03:45:00+00:00,99.25,99.30000305175781,99.19999694824219,99.19999694824219,18548,0.0,0.0,0.0
2025-02-19 03:50:00+00:00,99.19999694824219,99.19999694824219,99.19999694824219,99.19999694824219,11000,0.0,0.0,0.0
2025-02-19 03:55:00+00:00,99.19999694824219,99.25,99.19999694824219,99.25,45097,0.0,0.0,0.0
2025-02-19 04:00:00+00:00,99.25,99.25,99.19999694824219,99.19999694824219,3000,0.0,0.0,0.0
2025-02-19 04:05:00+00:00,99.19999694824219,99.19999694824219,99.1500015258789,99.1500015258789,7144,0.0,0.0,0.0
2025-02-19 04:10:00+00:00,99.0999984741211,99.0999984741211,99.0,99.0,17273,0.0,0.0,0.0
2025-02-19 04:15:00+00:00,99.0,99.05000305175781,99.0,99.05000305175781,13382,0.0,0.0,0.0
2025-02-19 04:20:00+00:00,99.05000305175781,99.0999984741211,99.05000305175781,99.0999984741211,40155,0.0,0.0,0.0
2025-02-19 04:25:00+00:00,99.0999984741211,99.1500015258789,99.0999984741211,99.1500015258789,18158,0.0,0.0,0.0
2025-02-19 04:30:00+00:00,99.1500015258789,99.1500015258789,99.05000305175781,99.05000305175781,16305,0.0,0.0,0.0
2025-02-19 04:35:00+00:00,99.0,99.05000305175781,98.80000305175781,98.80000305175781,43046,0.0,0.0,0.0
2025-02-19 04:40:00+00:00,98.75,98.75,98.6500015258789,98.75,18751,0.0,0.0,0.0
2025-02-19 04:45:00+00:00,98.69999694824219,98.69999694824219,98.5999984741211,98.5999984741211,69144,0.0,0.0,0.0
2025-02-19 04:50:00+00:00,98.5999984741211,98.6500015258789,98.55000305175781,98.6500015258789,16843,0.0,0.0,0.0
2025-02-19 04:55:00+00:00,98.6500015258789,98.80000305175781,98.6500015258789,98.80000305175781,42398,0.0,0.0,0.0
2025-02-19 05:00:00+00:00,98.80000305175781,98.80000305175781,98.5999984741211,98.69999694824219,55462,0.0,0.0,0.0
2025-02-19 05:05:00+00:00,98.69999694824219,98.80000305175781,98.69999694824219,98.75,25566,0.0,0.0,0.0
2025-02-19 05:10:00+00:00,98.75,98.80000305175781,98.75,98.75,17535,0.0,0.0,0.0
2025-02-19 05:15:00+00:00,98.75,98.75,98.69999694824219,98.75,21266,0.0,0.0,0.0
2025-02-19 05:20:00+00:00,98.75,98.75,98.69999694824219,98.69999694824219,30729,0.0,0.0,0.0
2025-02-20 01:00:00+00:00,98.3499984741211,98.3499984741211,98.05000305175781,98.0999984741211,0,0.0,0.0,0.0
2025-02-20 01:05:00+00:00,98.0999984741211,98.0999984741211,97.5999984741211,97.69999694824219,178000,0.0,0.0,0.0
2025-02-20 01:10:00+00:00,97.69999694824219,97.69999694824219,97.3499984741211,97.55000305175781,186134,0.0,0.0,0.0
2025-02-20 01:15:00+00:00,97.44999694824219,97.55000305175781,97.4000015258789,97.4000015258789,108354,0.0,0.0,0.0
2025-02-20 01:20:00+00:00,97.4000015258789,97.4000015258789,97.25,97.3499984741211,129841,0.0,0.0,0.0
2025-02-20 01:25:00+00:00,97.30000305175781,97.4000015258789,97.30000305175781,97.4000015258789,39842,0.0,0.0,0.0
2025-02-20 01:30:00+00:00,97.4000015258789,97.6500015258789,97.4000015258789,97.44999694824219,50930,0.0,0.0,0.0
2025-02-20 01:35:00+00:00,97.44999694824219,97.5999984741211,97.44999694824219,97.55000305175781,16525,0.0,0.0,0.0
2025-02-20 01:40:00+00:00,97.55000305175781,97.55000305175781,97.3499984741211,97.3499984741211,153085,0.0,0.0,0.0
2025-02-20 01:45:00+00:00,97.3499984741211,97.3499984741211,97.19999694824219,97.19999694824219,92076,0.0,0.0,0.0
2025-02-20 01:50:00+00:00,97.19999694824219,97.19999694824219,97.05000305175781,97.1500015258789,103895,0.0,0.0,0.0
2025-02-20 01:55:00+00:00,97.0999984741211,97.1500015258789,97.0999984741211,97.1500015258789,26439,0.0,0.0,0.0
2025-02-20 02:00:00+00:00,97.0999984741211,97.0999984741211,97.0,97.0999984741211,158022,0.0,0.0,0.0
2025-02-20 02:05:00+00:00,97.0999984741211,97.3499984741211,97.0999984741211,97.3499984741211,48691,0.0,0.0,0.0
2025-02-20 02:10:00+00:00,97.3499984741211,97.5999984741211,97.3499984741211,97.5999984741211,50764,0.0,0.0,0.0
2025-02-20 02:15:00+00:00,97.5999984741211,97.6500015258789,97.4000015258789,97.4000015258789,22539,0.0,0.0,0.0
2025-02-20 02:20:00+00:00,97.55000305175781,97.6500015258789,97.5,97.6500015258789,24588,0.0,0.0,0.0
2025-02-20 02:25:00+00:00,97.69999694824219,97.69999694824219,97.5,97.5,64669,0.0,0.0,0.0
2025-02-20 02:30:00+00:00,97.5,97.55000305175781,97.5,97.55000305175781,12507,0.0,0.0,0.0
2025-02-20 02:35:00+00:00,97.5,97.80000305175781,97.5,97.80000305175781,46005,0.0,0.0,0.0
2025-02-20 02:40:00+00:00,97.8499984741211,97.8499984741211,97.80000305175781,97.80000305175781,6115,0.0,0.0,0.0
2025-02-20 02:45:00+00:00,97.69999694824219,97.75,97.69999694824219,97.69999694824219,7681,0.0,0.0,0.0
2025-02-20 02:50:00+00:00,97.69999694824219,97.80000305175781,97.69999694824219,97.80000305175781,11025,0.0,0.0,0.0
2025-02-20 02:55:00+00:00,97.75,98.0,97.75,98.0,93543,0.0,0.0,0.0
2025-02-20 03:00:00+00:00,98.0,98.0,97.94999694824219,98.0,8402,0.0,0.0,0.0
2025-02-20 03:05:00+00:00,97.9000015258789,97.94999694824219,97.9000015258789,97.94999694824219,9250,0.0,0.0,0.0
2025-02-20 03:10:00+00:00,97.9000015258789,97.94999694824219,97.9000015258789,97.94999694824219,27223,0.0,0.0,0.0
2025-02-20 03:15:00+00:00,97.9000015258789,97.9000015258789,97.9000015258789,97.9000015258789,8312,0.0,0.0,0.0
2025-02-20 03:20:00+00:00,97.9000015258789,98.19999694824219,97.9000015258789,98.19999694824219,190044,0.0,0.0,0.0
2025-02-20 03:25:00+00:00,98.25,98.25,98.25,98.25,15470,0.0,0.0,0.0
2025-02-20 03:30:00+00:00,98.25,98.30000305175781,98.25,98.25,16000,0.0,0.0,0.0
2025-02-20 03:35:00+00:00,98.30000305175781,98.4000015258789,98.25,98.4000015258789,40560,0.0,0.0,0.0
2025-02-20 03:40:00+00:00,98.3499984741211,98.44999694824219,98.3499984741211,98.44999694824219,8913,0.0,0.0,0.0
2025-02-20 03:45:00+00:00,98.4000015258789,98.4000015258789,98.19999694824219,98.19999694824219,13364,0.0,0.0,0.0
2025-02-20 03:50:00+00:00,98.25,98.3499984741211,98.25,98.3499984741211,13863,0.0,0.0,0.0
2025-02-20 03:55:00+00:00,98.3499984741211,98.3499984741211,98.30000305175781,98.3499984741211,6760,0.0,0.0,0.0
2025-02-20 04:00:00+00:00,98.30000305175781,98.3499984741211,98.30000305175781,98.3499984741211,3455,0.0,0.0,0.0
2025-02-20 04:05:00+00:00,98.3499984741211,98.3499984741211,98.19999694824219,98.25,6349,0.0,0.0,0.0
2025-02-20 04:10:00+00:00,98.25,98.25,98.0999984741211,98.1500015258789,14257,0.0,0.0,0.0
2025-02-20 04:15:00+00:00,98.19999694824219,98.25,98.19999694824219,98.25,11000,0.0,0.0,0.0
2025-02-20 04:20:00+00:00,98.30000305175781,98.3499984741211,98.30000305175781,98.3499984741211,41481,0.0,0.0,0.0
2025-02-20 04:25:00+00:00,98.4000015258789,98.4000015258789,98.30000305175781,98.4000015258789,29690,0.0,0.0,0.0
2025-02-20 04:30:00+00:00,98.44999694824219,98.44999694824219,98.4000015258789,98.4000015258789,10360,0.0,0.0,0.0
2025-02-20 04:35:00+00:00,98.4000015258789,98.4000015258789,98.4000015258789,98.4000015258789,1403,0.0,0.0,0.0
2025-02-20 04:40:00+00:00,98.4000015258789,98.4000015258789,98.4000015258789,98.4000015258789,5165,0.0,0.0,0.0
2025-02-20 04:45:00+00:00,98.4000015258789,98.4000015258789,98.30000305175781,98.30000305175781,9277,0.0,0.0,0.0
2025-02-20 04:50:00+00:00,98.19999694824219,98.19999694824219,98.19999694824219,98.19999694824219,1585,0.0,0.0,0.0
2025-02-20 04:55:00+00:00,98.25,98.4000015258789,98.25,98.4000015258789,15406,0.0,0.0,0.0
2025-02-20 05:00:00+00:00,98.3499984741211,98.3499984741211,98.3499984741211,98.3499984741211,11235,0.0,0.0,0.0
2025-02-20 05:05:00+00:00,98.30000305175781,98.3499984741211,98.25,98.25,6280,0.0,0.0,0.0
2025-02-20 05:10:00+00:00,98.25,98.25,98.0999984741211,98.0999984741211,41967,0.0,0.0,0.0
2025-02-20 05:15:00+00:00,98.0999984741211,98.1500015258789,98.05000305175781,98.1500015258789,18391,0.0,0.0,0.0
2025-02-20 05:20:00+00:00,98.19999694824219,98.25,98.1500015258789,98.19999694824219,85943,0.0,0.0,0.0
2025-02-21 01:00:00+00:00,97.94999694824219,98.05000305175781,97.80000305175781,98.0,0,0.0,0.0,0.0
2025-02-21 01:05:00+00:00,97.94999694824219,98.0,97.80000305175781,97.80000305175781,44318,0.0,0.0,0.0
2025-02-21 01:10:00+00:00,97.80000305175781,97.80000305175781,97.69999694824219,97.80000305175781,62168,0.0,0.0,0.0
2025-02-21 01:15:00+00:00,97.8499984741211,98.0,97.8499984741211,97.94999694824219,37715,0.0,0.0,0.0
2025-02-21 01:20:00+00:00,97.9000015258789,98.0999984741211,97.9000015258789,98.0999984741211,12510,0.0,0.0,0.0
2025-02-21 01:25:00+00:00,98.0999984741211,98.19999694824219,98.0999984741211,98.19999694824219,21781,0.0,0.0,0.0
2025-02-21 01:30:00+00:00,98.19999694824219,98.19999694824219,98.0999984741211,98.0999984741211,18890,0.0,0.0,0.0
2025-02-21 01:35:00+00:00,98.0999984741211,98.8499984741211,98.0999984741211,98.80000305175781,200883,0.0,0.0,0.0
2025-02-21 01:40:00+00:00,98.8499984741211,99.05000305175781,98.8499984741211,99.05000305175781,128330,0.0,0.0,0.0
2025-02-21 01:45:00+00:00,99.05000305175781,99.05000305175781,98.8499984741211,98.8499984741211,66235,0.0,0.0,0.0
2025-02-21 01:50:00+00:00,98.9000015258789,98.94999694824219,98.8499984741211,98.8499984741211,22709,0.0,0.0,0.0
2025-02-21 01:55:00+00:00,98.9000015258789,98.94999694824219,98.9000015258789,98.9000015258789,25141,0.0,0.0,0.0
2025-02-21 02:00:00+00:00,98.94999694824219,98.94999694824219,98.69999694824219,98.69999694824219,78662,0.0,0.0,0.0
2025-02-21 02:05:00+00:00,98.69999694824219,99.30000305175781,98.69999694824219,99.30000305175781,340798,0.0,0.0,0.0
2025-02-21 02:10:00+00:00,99.30000305175781,99.30000305175781,99.1500015258789,99.25,71773,0.0,0.0,0.0
2025-02-21 02:15:00+00:00,99.30000305175781,99.44999694824219,99.19999694824219,99.3499984741211,112931,0.0,0.0,0.0
2025-02-21 02:20:00+00:00,99.4000015258789,99.44999694824219,99.3499984741211,99.4000015258789,26597,0.0,0.0,0.0
2025-02-21 02:25:00+00:00,99.4000015258789,99.5,99.3499984741211,99.44999694824219,51421,0.0,0.0,0.0
2025-02-21 02:30:00+00:00,99.4000015258789,99.4000015258789,99.30000305175781,99.3499984741211,42895,0.0,0.0,0.0
2025-02-21 02:35:00+00:00,99.3499984741211,99.55000305175781,99.3499984741211,99.5,198324,0.0,0.0,0.0
2025-02-21 02:40:00+00:00,99.5,99.55000305175781,99.5,99.55000305175781,68963,0.0,0.0,0.0
2025-02-21 02:45:00+00:00,99.5999984741211,99.6500015258789,99.55000305175781,99.6500015258789,191166,0.0,0.0,0.0
2025-02-21 02:50:00+00:00,99.6500015258789,99.6500015258789,99.5999984741211,99.5999984741211,17433,0.0,0.0,0.0
2025-02-21 02:55:00+00:00,99.55000305175781,99.55000305175781,99.5,99.55000305175781,45020,0.0,0.0,0.0
2025-02-21 03:00:00+00:00,99.55000305175781,99.55000305175781,99.44999694824219,99.5,47244,0.0,0.0,0.0
2025-02-21 03:05:00+00:00,99.55000305175781,99.5999984741211,99.5,99.5999984741211,78621,0.0,0.0,0.0
2025-02-21 03:10:00+00:00,99.55000305175781,99.55000305175781,99.55000305175781,99.55000305175781,21470,0.0,0.0,0.0
2025-02-21 03:15:00+00:00,99.55000305175781,99.69999694824219,99.55000305175781,99.69999694824219,124785,0.0,0.0,0.0
2025-02-21 03:20:00+00:00,99.69999694824219,99.69999694824219,99.6500015258789,99.69999694824219,50996,0.0,0.0,0.0
2025-02-21 03:25:00+00:00,99.69999694824219,99.75,99.69999694824219,99.75,55694,0.0,0.0,0.0
2025-02-21 03:30:00+00:00,99.75,99.75,99.69999694824219,99.69999694824219,30244,0.0,0.0,0.0
2025-02-21 03:35:00+00:00,99.6500015258789,99.6500015258789,99.6500015258789,99.6500015258789,13000,0.0,0.0,0.0
2025-02-21 03:40:00+00:00,99.69999694824219,99.75,99.69999694824219,99.75,54370,0.0,0.0,0.0
2025-02-21 03:45:00+00:00,99.75,99.80000305175781,99.75,99.75,40205,0.0,0.0,0.0
2025-02-21 03:50:00+00:00,99.75,99.75,99.69999694824219,99.69999694824219,21561,0.0,0.0,0.0
2025-02-21 03:55:00+00:00,99.75,99.80000305175781,99.69999694824219,99.69999694824219,51100,0.0,0.0,0.0
2025-02-21 04:00:00+00:00,99.69999694824219,99.80000305175781,99.69999694824219,99.75,149948,0.0,0.0,0.0
2025-02-21 04:05:00+00:00,99.75,99.80000305175781,99.69999694824219,99.75,105542,0.0,0.0,0.0
2025-02-21 04:10:00+00:00,99.69999694824219,99.80000305175781,99.69999694824219,99.80000305175781,106920,0.0,0.0,0.0
2025-02-21 04:15:00+00:00,99.80000305175781,99.80000305175781,99.69999694824219,99.69999694824219,3495,0.0,0.0,0.0
2025-02-21 04:20:00+00:00,99.69999694824219,99.75,99.69999694824219,99.69999694824219,25010,0.0,0.0,0.0
2025-02-21 04:25:00+00:00,99.75,99.75,99.69999694824219,99.75,80660,0.0,0.0,0.0
2025-02-21 04:30:00+00:00,99.80000305175781,99.80000305175781,99.75,99.75,93397,0.0,0.0,0.0
2025-02-21 04:35:00+00:00,99.75,99.75,99.6500015258789,99.75,34063,0.0,0.0,0.0
2025-02-21 04:40:00+00:00,99.75,99.75,99.6500015258789,99.6500015258789,22506,0.0,0.0,0.0
2025-02-21 04:45:00+00:00,99.6500015258789,99.6500015258789,99.5999984741211,99.6500015258789,68176,0.0,0.0,0.0
2025-02-21 04:50:00+00:00,99.69999694824219,99.69999694824219,99.6500015258789,99.69999694824219,53145,0.0,0.0,0.0
2025-02-21 04:55:00+00:00,99.69999694824219,99.75,99.69999694824219,99.75,95429,0.0,0.0,0.0
2025-02-21 05:00:00+00:00,99.75,99.8499984741211,99.75,99.8499984741211,225841,0.0,0.0,0.0
2025-02-21 05:05:00+00:00,99.8499984741211,99.8499984741211,99.80000305175781,99.80000305175781,51695,0.0,0.0,0.0
2025-02-21 05:10:00+00:00,99.8499984741211,99.9000015258789,99.8499984741211,99.9000015258789,140520,0.0,0.0,0.0
2025-02-21 05:15:00+00:00,99.9000015258789,99.94999694824219,99.9000015258789,99.94999694824219,58476,0.0,0.0,0.0
2025-02-21 05:20:00+00:00,99.94999694824219,99.94999694824219,99.80000305175781,99.80000305175781,46042,0.0,0.0,0.0
2025-02-24 01:00:00+00:00,98.0,98.19999694824219,97.94999694824219,98.05000305175781,0,0.0,0.0,0.0
2025-02-24 01:05:00+00:00,98.05000305175781,98.30000305175781,98.0,98.30000305175781,136092,0.0,0.0,0.0
2025-02-24 01:10:00+00:00,98.30000305175781,98.30000305175781,97.8499984741211,97.8499984741211,249278,0.0,0.0,0.0
2025-02-24 01:15:00+00:00,97.8499984741211,97.9000015258789,97.80000305175781,97.8499984741211,72505,0.0,0.0,0.0
2025-02-24 01:20:00+00:00,97.9000015258789,97.94999694824219,97.80000305175781,97.80000305175781,166970,0.0,0.0,0.0
2025-02-24 01:25:00+00:00,97.80000305175781,97.8499984741211,97.69999694824219,97.69999694824219,160864,0.0,0.0,0.0
2025-02-24 01:30:00+00:00,97.75,97.75,97.55000305175781,97.6500015258789,109925,0.0,0.0,0.0
2025-02-24 01:35:00+00:00,97.5999984741211,97.75,97.5999984741211,97.75,70351,0.0,0.0,0.0
2025-02-24 01:40:00+00:00,97.75,97.80000305175781,97.69999694824219,97.75,46737,0.0,0.0,0.0
2025-02-24 01:45:00+00:00,97.80000305175781,98.0999984741211,97.80000305175781,98.05000305175781,83745,0.0,0.0,0.0
2025-02-24 01:50:00+00:00,98.0,98.05000305175781,97.75,97.75,57272,0.0,0.0,0.0
2025-02-24 01:55:00+00:00,97.75,97.75,97.75,97.75,21604,0.0,0.0,0.0
2025-02-24 02:00:00+00:00,97.75,97.75,97.5999984741211,97.69999694824219,69888,0.0,0.0,0.0
2025-02-24 02:05:00+00:00,97.80000305175781,97.8499984741211,97.75,97.8499984741211,21456,0.0,0.0,0.0
2025-02-24 02:10:00+00:00,97.8499984741211,97.9000015258789,97.80000305175781,97.9000015258789,13713,0.0,0.0,0.0
2025-02-24 02:15:00+00:00,97.94999694824219,98.0999984741211,97.94999694824219,98.0,8000,0.0,0.0,0.0
2025-02-24 02:20:00+00:00,97.94999694824219,98.0,97.9000015258789,98.0,7470,0.0,0.0,0.0
2025-02-24 02:25:00+00:00,98.0,98.0,97.94999694824219,97.94999694824219,22267,0.0,0.0,0.0
2025-02-24 02:30:00+00:00,98.0,98.0999984741211,98.0,98.05000305175781,18893,0.0,0.0,0.0
2025-02-24 02:35:00+00:00,98.05000305175781,98.05000305175781,98.05000305175781,98.05000305175781,5336,0.0,0.0,0.0
2025-02-24 02:40:00+00:00,98.0999984741211,98.0999984741211,98.0,98.0,36946,0.0,0.0,0.0
2025-02-24 02:45:00+00:00,98.0999984741211,98.25,98.0999984741211,98.25,40052,0.0,0.0,0.0
2025-02-24 02:50:00+00:00,98.25,98.25,98.25,98.25,22560,0.0,0.0,0.0
2025-02-24 02:55:00+00:00,98.25,98.25,98.19999694824219,98.25,8410,0.0,0.0,0.0
2025-02-24 03:00:00+00:00,98.25,98.25,98.19999694824219,98.25,6511,0.0,0.0,0.0
2025-02-24 03:05:00+00:00,98.25,98.30000305175781,98.25,98.30000305175781,23145,0.0,0.0,0.0
2025-02-24 03:10:00+00:00,98.3499984741211,98.3499984741211,98.30000305175781,98.30000305175781,23295,0.0,0.0,0.0
2025-02-24 03:15:00+00:00,98.30000305175781,98.30000305175781,98.30000305175781,98.30000305175781,3255,0.0,0.0,0.0
2025-02-24 03:20:00+00:00,98.30000305175781,98.30000305175781,98.25,98.25,26650,0.0,0.0,0.0
2025-02-24 03:25:00+00:00,98.19999694824219,98.19999694824219,98.0999984741211,98.0999984741211,29243,0.0,0.0,0.0
2025-02-24 03:30:00+00:00,98.0999984741211,98.25,98.05000305175781,98.25,7103,0.0,0.0,0.0
2025-02-24 03:35:00+00:00,98.19999694824219,98.30000305175781,98.19999694824219,98.30000305175781,52457,0.0,0.0,0.0
2025-02-24 03:40:00+00:00,98.25,98.30000305175781,98.25,98.30000305175781,16333,0.0,0.0,0.0
2025-02-24 03:45:00+00:00,98.30000305175781,98.3499984741211,98.30000305175781,98.3499984741211,22280,0.0,0.0,0.0
2025-02-24 03:50:00+00:00,98.3499984741211,98.3499984741211,98.30000305175781,98.30000305175781,9323,0.0,0.0,0.0
2025-02-24 03:55:00+00:00,98.30000305175781,98.30000305175781,98.25,98.30000305175781,12724,0.0,0.0,0.0
2025-02-24 04:00:00+00:00,98.30000305175781,98.4000015258789,98.30000305175781,98.3499984741211,45719,0.0,0.0,0.0
2025-02-24 04:05:00+00:00,98.3499984741211,98.3499984741211,98.3499984741211,98.3499984741211,4154,0.0,0.0,0.0
2025-02-24 04:10:00+00:00,98.3499984741211,98.3499984741211,98.30000305175781,98.30000305175781,10798,0.0,0.0,0.0
2025-02-24 04:15:00+00:00,98.30000305175781,98.30000305175781,98.30000305175781,98.30000305175781,16313,0.0,0.0,0.0
2025-02-24 04:20:00+00:00,98.3499984741211,98.44999694824219,98.3499984741211,98.44999694824219,49841,0.0,0.0,0.0
2025-02-24 04:25:00+00:00,98.4000015258789,98.4000015258789,98.3499984741211,98.4000015258789,17908,0.0,0.0,0.0
2025-02-24 04:30:00+00:00,98.4000015258789,98.44999694824219,98.4000015258789,98.4000015258789,15000,0.0,0.0,0.0
2025-02-24 04:35:00+00:00,98.3499984741211,98.3499984741211,98.30000305175781,98.30000305175781,26134,0.0,0.0,0.0
2025-02-24 04:40:00+00:00,98.30000305175781,98.30000305175781,98.19999694824219,98.19999694824219,42395,0.0,0.0,0.0
2025-02-24 04:45:00+00:00,98.19999694824219,98.19999694824219,98.0999984741211,98.1500015258789,10732,0.0,0.0,0.0
2025-02-24 04:50:00+00:00,98.1500015258789,98.19999694824219,98.1500015258789,98.1500015258789,8969,0.0,0.0,0.0
2025-02-24 04:55:00+00:00,98.19999694824219,98.19999694824219,98.1500015258789,98.1500015258789,6512,0.0,0.0,0.0
2025-02-24 05:00:00+00:00,98.0999984741211,98.19999694824219,98.0999984741211,98.19999694824219,8529,0.0,0.0,0.0
2025-02-24 05:05:00+00:00,98.19999694824219,98.19999694824219,98.1500015258789,98.1500015258789,11738,0.0,0.0,0.0
2025-02-24 05:10:00+00:00,98.1500015258789,98.30000305175781,98.1500015258789,98.30000305175781,21437,0.0,0.0,0.0
2025-02-24 05:15:00+00:00,98.3499984741211,98.3499984741211,98.25,98.3499984741211,41021,0.0,0.0,0.0
2025-02-24 05:20:00+00:00,98.3499984741211,98.5,98.3499984741211,98.5,58078,0.0,0.0,0.0
2025-02-25 01:00:00+00:00,96.0999984741211,96.30000305175781,96.0,96.25,0,0.0,0.0,0.0
2025-02-25 01:05:00+00:00,96.19999694824219,96.30000305175781,95.6500015258789,95.69999694824219,766000,0.0,0.0,0.0
2025-02-25 01:10:00+00:00,95.75,95.75,95.44999694824219,95.5999984741211,464661,0.0,0.0,0.0
2025-02-25 01:15:00+00:00,95.55000305175781,95.5999984741211,95.5,95.55000305175781,253354,0.0,0.0,0.0
2025-02-25 01:20:00+00:00,95.5,95.5,95.25,95.4000015258789,425487,0.0,0.0,0.0
2025-02-25 01:25:00+00:00,95.3499984741211,95.5,95.1500015258789,95.3499984741211,202878,0.0,0.0,0.0
2025-02-25 01:30:00+00:00,95.5,95.75,95.5,95.6500015258789,159895,0.0,0.0,0.0
2025-02-25 01:35:00+00:00,95.5999984741211,95.5999984741211,95.4000015258789,95.44999694824219,119069,0.0,0.0,0.0
2025-02-25 01:40:00+00:00,95.55000305175781,95.80000305175781,95.55000305175781,95.75,37707,0.0,0.0,0.0
2025-02-25 01:45:00+00:00,95.75,95.9000015258789,95.69999694824219,95.9000015258789,105961,0.0,0.0,0.0
2025-02-25 01:50:00+00:00,95.9000015258789,95.9000015258789,95.80000305175781,95.8499984741211,52437,0.0,0.0,0.0
2025-02-25 01:55:00+00:00,95.80000305175781,95.94999694824219,95.75,95.80000305175781,41294,0.0,0.0,0.0
2025-02-25 02:00:00+00:00,95.8499984741211,96.4000015258789,95.80000305175781,96.30000305175781,91658,0.0,0.0,0.0
2025-02-25 02:05:00+00:00,96.25,96.3499984741211,96.19999694824219,96.30000305175781,42943,0.0,0.0,0.0
2025-02-25 02:10:00+00:00,96.25,96.3499984741211,96.19999694824219,96.3499984741211,55750,0.0,0.0,0.0
2025-02-25 02:15:00+00:00,96.3499984741211,96.3499984741211,96.25,96.25,30646,0.0,0.0,0.0
2025-02-25 02:20:00+00:00,96.30000305175781,96.30000305175781,96.0,96.0,71335,0.0,0.0,0.0
2025-02-25 02:25:00+00:00,96.05000305175781,96.1500015258789,96.05000305175781,96.1500015258789,6286,0.0,0.0,0.0
2025-02-25 02:30:00+00:00,96.1500015258789,96.19999694824219,96.0999984741211,96.19999694824219,10429,0.0,0.0,0.0
2025-02-25 02:35:00+00:00,96.19999694824219,96.3499984741211,96.19999694824219,96.3499984741211,32341,0.0,0.0,0.0
2025-02-25 02:40:00+00:00,96.3499984741211,96.5,96.3499984741211,96.4000015258789,91133,0.0,0.0,0.0
2025-02-25 02:45:00+00:00,96.4000015258789,96.55000305175781,96.4000015258789,96.55000305175781,13482,0.0,0.0,0.0
2025-02-25 02:50:00+00:00,96.55000305175781,96.69999694824219,96.55000305175781,96.69999694824219,36549,0.0,0.0,0.0
2025-02-25 02:55:00+00:00,96.6500015258789,96.69999694824219,96.5999984741211,96.6500015258789,16437,0.0,0.0,0.0
2025-02-25 03:00:00+00:00,96.6500015258789,96.6500015258789,96.5,96.55000305175781,25189,0.0,0.0,0.0
2025-02-25 03:05:00+00:00,96.55000305175781,96.55000305175781,96.5,96.5,27126,0.0,0.0,0.0
2025-02-25 03:10:00+00:00,96.55000305175781,96.5999984741211,96.55000305175781,96.5999984741211,27344,0.0,0.0,0.0
2025-02-25 03:15:00+00:00,96.5999984741211,96.5999984741211,96.55000305175781,96.55000305175781,16390,0.0,0.0,0.0
2025-02-25 03:20:00+00:00,96.5999984741211,96.5999984741211,96.5,96.5,10690,0.0,0.0,0.0
2025-02-25 03:25:00+00:00,96.5,96.5,96.44999694824219,96.44999694824219,24486,0.0,0.0,0.0
2025-02-25 03:30:00+00:00,96.4000015258789,96.4000015258789,96.3499984741211,96.3499984741211,38126,0.0,0.0,0.0
2025-02-25 03:35:00+00:00,96.3499984741211,96.3499984741211,96.3499984741211,96.3499984741211,2265,0.0,0.0,0.0
2025-02-25 03:40:00+00:00,96.4000015258789,96.4000015258789,96.30000305175781,96.30000305175781,13298,0.0,0.0,0.0
2025-02-25 03:45:00+00:00,96.3499984741211,96.3499984741211,96.3499984741211,96.3499984741211,3128,0.0,0.0,0.0
2025-02-25 03:50:00+00:00,96.4000015258789,96.4000015258789,96.4000015258789,96.4000015258789,9200,0.0,0.0,0.0
2025-02-25 03:55:00+00:00,96.3499984741211,96.44999694824219,96.3499984741211,96.44999694824219,5120,0.0,0.0,0.0
2025-02-25 04:00:00+00:00,96.5,96.5,96.4000015258789,96.4000015258789,9703,0.0,0.0,0.0
2025-02-25 04:05:00+00:00,96.3499984741211,96.5,96.3499984741211,96.44999694824219,11882,0.0,0.0,0.0
2025-02-25 04:10:00+00:00,96.44999694824219,96.44999694824219,96.44999694824219,96.44999694824219,6012,0.0,0.0,0.0
2025-02-25 04:15:00+00:00,96.4000015258789,96.5,96.4000015258789,96.5,32970,0.0,0.0,0.0
2025-02-25 04:20:00+00:00,96.44999694824219,96.44999694824219,96.44999694824219,96.44999694824219,1348,0.0,0.0,0.0
2025-02-25 04:25:00+00:00,96.5,96.55000305175781,96.5,96.5,16512,0.0,0.0,0.0
2025-02-25 04:30:00+00:00,96.5,96.5,96.1500015258789,96.1500015258789,211134,0.0,0.0,0.0
2025-02-25 04:35:00+00:00,96.19999694824219,96.25,96.19999694824219,96.19999694824219,22816,0.0,0.0,0.0
2025-02-25 04:40:00+00:00,96.25,96.25,96.19999694824219,96.25,29814,0.0,0.0,0.0
2025-02-25 04:45:00+00:00,96.1500015258789,96.19999694824219,96.05000305175781,96.05000305175781,72612,0.0,0.0,0.0
2025-02-25 04:50:00+00:00,96.0,96.0,95.94999694824219,95.94999694824219,101991,0.0,0.0,0.0
2025-02-25 04:55:00+00:00,96.0,96.05000305175781,96.0,96.05000305175781,65193,0.0,0.0,0.0
2025-02-25 05:00:00+00:00,96.05000305175781,96.1500015258789,96.0,96.1500015258789,68015,0.0,0.0,0.0
2025-02-25 05:05:00+00:00,96.1500015258789,96.19999694824219,96.1500015258789,96.1500015258789,29832,0.0,0.0,0.0
2025-02-25 05:10:00+00:00,96.1500015258789,96.19999694824219,96.1500015258789,96.19999694824219,24355,0.0,0.0,0.0
2025-02-25 05:15:00+00:00,96.1500015258789,96.30000305175781,96.1500015258789,96.30000305175781,74843,0.0,0.0,0.0
2025-02-25 05:20:00+00:00,96.30000305175781,96.3499984741211,96.0999984741211,96.30000305175781,117499,0.0,0.0,0.0
2025-02-26 01:00:00+00:00,95.5,95.55000305175781,95.0999984741211,95.19999694824219,0,0.0,0.0,0.0
2025-02-26 01:05:00+00:00,95.1500015258789,95.19999694824219,94.8499984741211,94.94999694824219,537000,0.0,0.0,0.0
2025-02-26 01:10:00+00:00,94.94999694824219,95.0,94.80000305175781,94.94999694824219,399598,0.0,0.0,0.0
2025-02-26 01:15:00+00:00,95.0,95.5,95.0,95.4000015258789,207778,0.0,0.0,0.0
2025-02-26 01:20:00+00:00,95.44999694824219,95.80000305175781,95.4000015258789,95.80000305175781,89605,0.0,0.0,0.0
2025-02-26 01:25:00+00:00,95.75,95.9000015258789,95.69999694824219,95.9000015258789,140126,0.0,0.0,0.0
2025-02-26 01:30:00+00:00,95.9000015258789,95.94999694824219,95.6500015258789,95.6500015258789,165163,0.0,0.0,0.0
2025-02-26 01:35:00+00:00,95.80000305175781,95.8499984741211,95.75,95.75,11718,0.0,0.0,0.0
2025-02-26 01:40:00+00:00,95.75,95.9000015258789,95.75,95.9000015258789,94436,0.0,0.0,0.0
2025-02-26 01:45:00+00:00,95.9000015258789,95.94999694824219,95.9000015258789,95.94999694824219,51499,0.0,0.0,0.0
2025-02-26 01:50:00+00:00,95.9000015258789,96.1500015258789,95.9000015258789,96.0999984741211,68351,0.0,0.0,0.0
2025-02-26 01:55:00+00:00,96.1500015258789,96.1500015258789,95.9000015258789,96.0,25712,0.0,0.0,0.0
2025-02-26 02:00:00+00:00,95.94999694824219,96.0,95.75,95.80000305175781,32533,0.0,0.0,0.0
2025-02-26 02:05:00+00:00,95.8499984741211,95.9000015258789,95.75,95.9000015258789,18921,0.0,0.0,0.0
2025-02-26 02:10:00+00:00,95.8499984741211,95.9000015258789,95.80000305175781,95.8499984741211,17101,0.0,0.0,0.0
2025-02-26 02:15:00+00:00,95.94999694824219,96.0,95.94999694824219,96.0,12250,0.0,0.0,0.0
2025-02-26 02:20:00+00:00,96.0,96.05000305175781,96.0,96.05000305175781,14130,0.0,0.0,0.0
2025-02-26 02:25:00+00:00,96.0999984741211,96.0999984741211,96.0,96.0,30239,0.0,0.0,0.0
2025-02-26 02:30:00+00:00,96.0,96.19999694824219,96.0,96.19999694824219,62255,0.0,0.0,0.0
2025-02-26 02:35:00+00:00,96.19999694824219,96.19999694824219,95.94999694824219,95.94999694824219,16140,0.0,0.0,0.0
2025-02-26 02:40:00+00:00,96.0,96.0,96.0,96.0,6490,0.0,0.0,0.0
2025-02-26 02:45:00+00:00,96.0,96.0,96.0,96.0,8709,0.0,0.0,0.0
2025-02-26 02:50:00+00:00,96.0999984741211,96.19999694824219,96.0999984741211,96.19999694824219,54230,0.0,0.0,0.0
2025-02-26 02:55:00+00:00,96.19999694824219,96.19999694824219,96.1500015258789,96.1500015258789,84300,0.0,0.0,0.0
2025-02-26 03:00:00+00:00,96.25,96.25,96.19999694824219,96.19999694824219,34160,0.0,0.0,0.0
2025-02-26 03:05:00+00:00,96.25,96.30000305175781,96.25,96.30000305175781,6678,0.0,0.0,0.0
2025-02-26 03:10:00+00:00,96.30000305175781,96.4000015258789,96.30000305175781,96.4000015258789,58445,0.0,0.0,0.0
2025-02-26 03:15:00+00:00,96.4000015258789,96.5,96.4000015258789,96.5,41910,0.0,0.0,0.0
2025-02-26 03:20:00+00:00,96.44999694824219,96.5999984741211,96.44999694824219,96.5999984741211,22210,0.0,0.0,0.0
2025-02-26 03:25:00+00:00,96.55000305175781,96.55000305175781,96.44999694824219,96.44999694824219,59668,0.0,0.0,0.0
2025-02-26 03:30:00+00:00,96.44999694824219,96.44999694824219,96.3499984741211,96.3499984741211,83147,0.0,0.0,0.0
2025-02-26 03:35:00+00:00,96.30000305175781,96.30000305175781,96.25,96.30000305175781,25073,0.0,0.0,0.0
2025-02-26 03:40:00+00:00,96.3499984741211,96.3499984741211,96.30000305175781,96.30000305175781,19487,0.0,0.0,0.0
2025-02-26 03:45:00+00:00,96.4000015258789,96.4000015258789,96.4000015258789,96.4000015258789,17243,0.0,0.0,0.0
2025-02-26 03:50:00+00:00,96.4000015258789,96.4000015258789,96.30000305175781,96.3499984741211,11023,0.0,0.0,0.0
2025-02-26 03:55:00+00:00,96.4000015258789,96.4000015258789,96.4000015258789,96.4000015258789,1000,0.0,0.0,0.0
2025-02-26 04:00:00+00:00,96.4000015258789,96.4000015258789,96.30000305175781,96.30000305175781,24109,0.0,0.0,0.0
2025-02-26 04:05:00+00:00,96.30000305175781,96.30000305175781,96.25,96.30000305175781,17131,0.0,0.0,0.0
2025-02-26 04:10:00+00:00,96.3499984741211,96.3499984741211,96.3499984741211,96.3499984741211,13430,0.0,0.0,0.0
2025-02-26 04:15:00+00:00,96.3499984741211,96.3499984741211,96.25,96.25,42417,0.0,0.0,0.0
2025-02-26 04:20:00+00:00,96.19999694824219,96.19999694824219,96.1500015258789,96.1500015258789,25056,0.0,0.0,0.0
2025-02-26 04:25:00+00:00,96.19999694824219,96.19999694824219,96.19999694824219,96.19999694824219,11604,0.0,0.0,0.0
2025-02-26 04:30:00+00:00,96.30000305175781,96.5,96.30000305175781,96.5,73536,0.0,0.0,0.0
2025-02-26 04:35:00+00:00,96.5,96.5,96.5,96.5,4485,0.0,0.0,0.0
2025-02-26 04:40:00+00:00,96.5,96.5,96.44999694824219,96.44999694824219,12714,0.0,0.0,0.0
2025-02-26 04:45:00+00:00,96.44999694824219,96.6500015258789,96.44999694824219,96.6500015258789,80493,0.0,0.0,0.0
2025-02-26 04:50:00+00:00,96.6500015258789,96.75,96.6500015258789,96.6500015258789,62951,0.0,0.0,0.0
2025-02-26 04:55:00+00:00,96.6500015258789,96.6500015258789,96.55000305175781,96.55000305175781,5026,0.0,0.0,0.0
2025-02-26 05:00:00+00:00,96.5999984741211,96.8499984741211,96.5999984741211,96.8499984741211,97390,0.0,0.0,0.0
2025-02-26 05:05:00+00:00,96.9000015258789,97.0,96.9000015258789,97.0,114778,0.0,0.0,0.0
2025-02-26 05:10:00+00:00,97.0,97.0,96.9000015258789,96.9000015258789,47640,0.0,0.0,0.0
2025-02-26 05:15:00+00:00,96.9000015258789,96.9000015258789,96.69999694824219,96.9000015258789,177805,0.0,0.0,0.0
2025-02-26 05:20:00+00:00,96.9000015258789,97.1500015258789,96.8499984741211,97.1500015258789,258579,0.0,0.0,0.0
2025-02-27 01:00:00+00:00,97.1500015258789,97.44999694824219,97.1500015258789,97.19999694824219,0,0.0,0.0,0.0
2025-02-27 01:05:00+00:00,97.1500015258789,97.1500015258789,96.94999694824219,97.0,416446,0.0,0.0,0.0
2025-02-27 01:10:00+00:00,97.05000305175781,97.25,97.05000305175781,97.19999694824219,27274,0.0,0.0,0.0
2025-02-27 01:15:00+00:00,97.19999694824219,97.30000305175781,97.1500015258789,97.30000305175781,48285,0.0,0.0,0.0
2025-02-27 01:20:00+00:00,97.1500015258789,97.1500015258789,96.9000015258789,96.94999694824219,262401,0.0,0.0,0.0
2025-02-27 01:25:00+00:00,96.94999694824219,97.0,96.9000015258789,96.94999694824219,115363,0.0,0.0,0.0
2025-02-27 01:30:00+00:00,96.94999694824219,97.0,96.94999694824219,96.94999694824219,77577,0.0,0.0,0.0
2025-02-27 01:35:00+00:00,96.94999694824219,97.0,96.9000015258789,96.9000015258789,66264,0.0,0.0,0.0
2025-02-27 01:40:00+00:00,96.9000015258789,97.1500015258789,96.8499984741211,96.8499984741211,149999,0.0,0.0,0.0
2025-02-27 01:45:00+00:00,96.8499984741211,96.9000015258789,96.75,96.75,63706,0.0,0.0,0.0
2025-02-27 01:50:00+00:00,96.75,96.75,96.5999984741211,96.5999984741211,43227,0.0,0.0,0.0
2025-02-27 01:55:00+00:00,96.5999984741211,96.69999694824219,96.5999984741211,96.6500015258789,39642,0.0,0.0,0.0
2025-02-27 02:00:00+00:00,96.6500015258789,96.6500015258789,96.5,96.55000305175781,46229,0.0,0.0,0.0
2025-02-27 02:05:00+00:00,96.55000305175781,96.55000305175781,95.5999984741211,95.6500015258789,543405,0.0,0.0,0.0
2025-02-27 02:10:00+00:00,95.5999984741211,95.94999694824219,95.5999984741211,95.8499984741211,81494,0.0,0.0,0.0
2025-02-27 02:15:00+00:00,95.8499984741211,95.8499984741211,95.19999694824219,95.3499984741211,325320,0.0,0.0,0.0
2025-02-27 02:20:00+00:00,95.3499984741211,95.94999694824219,95.30000305175781,95.80000305175781,76935,0.0,0.0,0.0
2025-02-27 02:25:00+00:00,95.8499984741211,95.8499984741211,95.5,95.6500015258789,74956,0.0,0.0,0.0
2025-02-27 02:30:00+00:00,95.5999984741211,95.75,95.5999984741211,95.6500015258789,44250,0.0,0.0,0.0
2025-02-27 02:35:00+00:00,95.5999984741211,95.5999984741211,95.4000015258789,95.5,98098,0.0,0.0,0.0
2025-02-27 02:40:00+00:00,95.44999694824219,95.5999984741211,95.4000015258789,95.4000015258789,51781,0.0,0.0,0.0
2025-02-27 02:45:00+00:00,95.44999694824219,95.5,95.25,95.30000305175781,158863,0.0,0.0,0.0
2025-02-27 02:50:00+00:00,95.44999694824219,95.44999694824219,95.0999984741211,95.0999984741211,261534,0.0,0.0,0.0
2025-02-27 02:55:00+00:00,95.19999694824219,95.30000305175781,95.1500015258789,95.30000305175781,45842,0.0,0.0,0.0
2025-02-27 03:00:00+00:00,95.4000015258789,95.44999694824219,95.4000015258789,95.44999694824219,27587,0.0,0.0,0.0
2025-02-27 03:05:00+00:00,95.4000015258789,95.4000015258789,95.25,95.25,35984,0.0,0.0,0.0
2025-02-27 03:10:00+00:00,95.55000305175781,95.55000305175781,95.44999694824219,95.44999694824219,9010,0.0,0.0,0.0
2025-02-27 03:15:00+00:00,95.44999694824219,95.55000305175781,95.44999694824219,95.55000305175781,30165,0.0,0.0,0.0
2025-02-27 03:20:00+00:00,95.55000305175781,95.55000305175781,95.5,95.5,27271,0.0,0.0,0.0
2025-02-27 03:25:00+00:00,95.5,95.5,95.4000015258789,95.44999694824219,38927,0.0,0.0,0.0
2025-02-27 03:30:00+00:00,95.44999694824219,95.55000305175781,95.4000015258789,95.4000015258789,25692,0.0,0.0,0.0
2025-02-27 03:35:00+00:00,95.5,95.5,95.4000015258789,95.4000015258789,15100,0.0,0.0,0.0
2025-02-27 03:40:00+00:00,95.3499984741211,95.3499984741211,95.30000305175781,95.30000305175781,40814,0.0,0.0,0.0
2025-02-27 03:45:00+00:00,95.4000015258789,95.4000015258789,95.3499984741211,95.3499984741211,10697,0.0,0.0,0.0
2025-02-27 03:50:00+00:00,95.3499984741211,95.3499984741211,95.19999694824219,95.19999694824219,121422,0.0,0.0,0.0
2025-02-27 03:55:00+00:00,95.19999694824219,95.25,95.19999694824219,95.19999694824219,22725,0.0,0.0,0.0
2025-02-27 04:00:00+00:00,95.19999694824219,95.19999694824219,95.1500015258789,95.1500015258789,95957,0.0,0.0,0.0
2025-02-27 04:05:00+00:00,95.19999694824219,95.19999694824219,95.1500015258789,95.19999694824219,53683,0.0,0.0,0.0
2025-02-27 04:10:00+00:00,95.19999694824219,95.25,95.19999694824219,95.19999694824219,54350,0.0,0.0,0.0
2025-02-27 04:15:00+00:00,95.30000305175781,95.4000015258789,95.30000305175781,95.4000015258789,12060,0.0,0.0,0.0
2025-02-27 04:20:00+00:00,95.44999694824219,95.44999694824219,95.4000015258789,95.4000015258789,18574,0.0,0.0,0.0
2025-02-27 04:25:00+00:00,95.4000015258789,95.4000015258789,95.4000015258789,95.4000015258789,12000,0.0,0.0,0.0
2025-02-27 04:30:00+00:00,95.4000015258789,95.44999694824219,95.4000015258789,95.44999694824219,16708,0.0,0.0,0.0
2025-02-27 04:35:00+00:00,95.4000015258789,95.5,95.4000015258789,95.5,34541,0.0,0.0,0.0
2025-02-27 04:40:00+00:00,95.44999694824219,95.5,95.25,95.25,66399,0.0,0.0,0.0
2025-02-27 04:45:00+00:00,95.25,95.25,95.19999694824219,95.25,50890,0.0,0.0,0.0
2025-02-27 04:50:00+00:00,95.19999694824219,95.19999694824219,95.0999984741211,95.0999984741211,65418,0.0,0.0,0.0
2025-02-27 04:55:00+00:00,95.19999694824219,95.30000305175781,95.0,95.19999694824219,692303,0.0,0.0,0.0
2025-02-27 05:00:00+00:00,95.25,95.25,95.1500015258789,95.1500015258789,37520,0.0,0.0,0.0
2025-02-27 05:05:00+00:00,95.25,95.25,95.1500015258789,95.1500015258789,55631,0.0,0.0,0.0
2025-02-27 05:10:00+00:00,95.1500015258789,95.19999694824219,95.1500015258789,95.1500015258789,80959,0.0,0.0,0.0
2025-02-27 05:15:00+00:00,95.1500015258789,95.19999694824219,95.0999984741211,95.19999694824219,72851,0.0,0.0,0.0
2025-02-27 05:20:00+00:00,95.19999694824219,95.3499984741211,95.1500015258789,95.30000305175781,155934,0.0,0.0,0.0
2025-03-03 01:00:00+00:00,92.5,92.55000305175781,91.25,91.94999694824219,0,0.0,0.0,0.0
2025-03-03 01:05:00+00:00,91.94999694824219,92.6500015258789,91.9000015258789,92.25,1443000,0.0,0.0,0.0
2025-03-03 01:10:00+00:00,92.19999694824219,92.25,91.80000305175781,91.9000015258789,1019501,0.0,0.0,0.0
2025-03-03 01:15:00+00:00,91.8499984741211,91.9000015258789,91.30000305175781,91.3499984741211,2139089,0.0,0.0,0.0
2025-03-03 01:20:00+00:00,91.44999694824219,91.69999694824219,91.3499984741211,91.5,511947,0.0,0.0,0.0
2025-03-03 01:25:00+00:00,91.44999694824219,91.75,91.4000015258789,91.5,563458,0.0,0.0,0.0
2025-03-03 01:30:00+00:00,91.5,91.69999694824219,91.3499984741211,91.5999984741211,543367,0.0,0.0,0.0
2025-03-03 01:35:00+00:00,91.5999984741211,91.6500015258789,91.0,91.19999694824219,2153189,0.0,0.0,0.0
2025-03-03 01:40:00+00:00,91.1500015258789,91.25,91.0,91.0,661885,0.0,0.0,0.0
2025-03-03 01:45:00+00:00,91.0,91.69999694824219,91.0,91.5,241912,0.0,0.0,0.0
2025-03-03 01:50:00+00:00,91.5,91.5999984741211,91.3499984741211,91.5999984741211,169855,0.0,0.0,0.0
2025-03-03 01:55:00+00:00,91.5999984741211,91.5999984741211,91.5,91.5,147668,0.0,0.0,0.0
2025-03-03 02:00:00+00:00,91.55000305175781,91.55000305175781,91.5,91.55000305175781,106251,0.0,0.0,0.0
2025-03-03 02:05:00+00:00,91.5,91.5999984741211,91.30000305175781,91.5,258401,0.0,0.0,0.0
2025-03-03 02:10:00+00:00,91.55000305175781,91.80000305175781,91.5,91.80000305175781,255880,0.0,0.0,0.0
2025-03-03 02:15:00+00:00,91.8499984741211,91.8499984741211,91.44999694824219,91.5,289257,0.0,0.0,0.0
2025-03-03 02:20:00+00:00,91.5999984741211,91.75,91.5999984741211,91.69999694824219,29376,0.0,0.0,0.0
2025-03-03 02:25:00+00:00,91.69999694824219,91.80000305175781,91.55000305175781,91.5999984741211,143098,0.0,0.0,0.0
2025-03-03 02:30:00+00:00,91.5,91.6500015258789,91.4000015258789,91.55000305175781,266118,0.0,0.0,0.0
2025-03-03 02:35:00+00:00,91.55000305175781,91.6500015258789,91.55000305175781,91.5999984741211,76054,0.0,0.0,0.0
2025-03-03 02:40:00+00:00,91.55000305175781,91.6500015258789,91.55000305175781,91.6500015258789,15790,0.0,0.0,0.0
2025-03-03 02:45:00+00:00,91.69999694824219,91.69999694824219,91.55000305175781,91.55000305175781,170539,0.0,0.0,0.0
2025-03-03 02:50:00+00:00,91.55000305175781,91.75,91.55000305175781,91.55000305175781,55931,0.0,0.0,0.0
2025-03-03 02:55:00+00:00,91.5999984741211,91.5999984741211,91.1500015258789,91.1500015258789,665082,0.0,0.0,0.0
2025-03-03 03:00:00+00:00,91.3499984741211,91.3499984741211,91.25,91.25,66466,0.0,0.0,0.0
2025-03-03 03:05:00+00:00,91.25,91.30000305175781,91.25,91.30000305175781,67425,0.0,0.0,0.0
2025-03-03 03:10:00+00:00,91.3499984741211,91.3499984741211,91.19999694824219,91.19999694824219,171940,0.0,0.0,0.0
2025-03-03 03:15:00+00:00,91.25,91.30000305175781,91.0999984741211,91.0999984741211,416311,0.0,0.0,0.0
2025-03-03 03:20:00+00:00,91.1500015258789,91.1500015258789,91.0,91.05000305175781,442321,0.0,0.0,0.0
2025-03-03 03:25:00+00:00,91.05000305175781,91.1500015258789,90.9000015258789,91.0999984741211,654205,0.0,0.0,0.0
2025-03-03 03:30:00+00:00,91.05000305175781,91.4000015258789,91.05000305175781,91.3499984741211,84125,0.0,0.0,0.0
2025-03-03 03:35:00+00:00,91.3499984741211,91.4000015258789,91.3499984741211,91.3499984741211,16329,0.0,0.0,0.0
2025-03-03 03:40:00+00:00,91.4000015258789,91.44999694824219,91.4000015258789,91.44999694824219,66767,0.0,0.0,0.0
2025-03-03 03:45:00+00:00,91.44999694824219,91.44999694824219,91.4000015258789,91.44999694824219,39742,0.0,0.0,0.0
2025-03-03 03:50:00+00:00,91.44999694824219,91.5,91.44999694824219,91.5,46224,0.0,0.0,0.0
2025-03-03 03:55:00+00:00,91.55000305175781,91.6500015258789,91.55000305175781,91.5999984741211,193213,0.0,0.0,0.0
2025-03-03 04:00:00+00:00,91.5999984741211,91.6500015258789,91.55000305175781,91.55000305175781,85539,0.0,0.0,0.0
2025-03-03 04:05:00+00:00,91.55000305175781,91.55000305175781,91.44999694824219,91.55000305175781,84541,0.0,0.0,0.0
2025-03-03 04:10:00+00:00,91.5999984741211,91.9000015258789,91.5999984741211,91.9000015258789,110646,0.0,0.0,0.0
2025-03-03 04:15:00+00:00,91.9000015258789,92.0,91.80000305175781,91.94999694824219,278591,0.0,0.0,0.0
2025-03-03 04:20:00+00:00,92.0,92.0,91.8499984741211,91.8499984741211,78310,0.0,0.0,0.0
2025-03-03 04:25:00+00:00,91.8499984741211,91.8499984741211,91.75,91.8499984741211,91974,0.0,0.0,0.0
2025-03-03 04:30:00+00:00,91.8499984741211,91.8499984741211,91.80000305175781,91.80000305175781,41885,0.0,0.0,0.0
2025-03-03 04:35:00+00:00,91.8499984741211,91.9000015258789,91.69999694824219,91.69999694824219,161296,0.0,0.0,0.0
2025-03-03 04:40:00+00:00,91.6500015258789,91.69999694824219,91.6500015258789,91.6500015258789,30085,0.0,0.0,0.0
2025-03-03 04:45:00+00:00,91.69999694824219,91.75,91.69999694824219,91.69999694824219,61065,0.0,0.0,0.0
2025-03-03 04:50:00+00:00,91.75,91.80000305175781,91.55000305175781,91.55000305175781,133302,0.0,0.0,0.0
2025-03-03 04:55:00+00:00,91.5999984741211,91.75,91.5999984741211,91.69999694824219,108671,0.0,0.0,0.0
2025-03-03 05:00:00+00:00,91.6500015258789,91.75,91.6500015258789,91.69999694824219,204975,0.0,0.0,0.0
2025-03-03 05:05:00+00:00,91.6500015258789,91.69999694824219,91.5,91.5,379776,0.0,0.0,0.0
2025-03-03 05:10:00+00:00,91.5,91.6500015258789,91.5,91.6500015258789,45326,0.0,0.0,0.0
2025-03-03 05:15:00+00:00,91.6500015258789,91.69999694824219,91.5999984741211,91.69999694824219,118939,0.0,0.0,0.0
2025-03-03 05:20:00+00:00,91.6500015258789,91.69999694824219,91.5,91.69999694824219,416634,0.0,0.0,0.0
2025-03-04 01:00:00+00:00,88.5999984741211,88.6500015258789,88.30000305175781,88.3499984741211,0,0.0,0.0,0.0
2025-03-04 01:05:00+00:00,88.3499984741211,88.6500015258789,88.30000305175781,88.5999984741211,875000,0.0,0.0,0.0
2025-03-04 01:10:00+00:00,88.69999694824219,88.9000015258789,88.5999984741211,88.6500015258789,681384,0.0,0.0,0.0
2025-03-04 01:15:00+00:00,88.69999694824219,88.80000305175781,88.44999694824219,88.5999984741211,830627,0.0,0.0,0.0
2025-03-04 01:20:00+00:00,88.5999984741211,88.8499984741211,88.5999984741211,88.75,238905,0.0,0.0,0.0
2025-03-04 01:25:00+00:00,88.75,88.75,88.5999984741211,88.75,222551,0.0,0.0,0.0
2025-03-04 01:30:00+00:00,88.80000305175781,89.0999984741211,88.80000305175781,88.94999694824219,451872,0.0,0.0,0.0
2025-03-04 01:35:00+00:00,89.0,89.0999984741211,88.9000015258789,89.0999984741211,145273,0.0,0.0,0.0
2025-03-04 01:40:00+00:00,89.0999984741211,89.25,89.05000305175781,89.19999694824219,168212,0.0,0.0,0.0
2025-03-04 01:45:00+00:00,89.1500015258789,89.5,89.1500015258789,89.4000015258789,208661,0.0,0.0,0.0
2025-03-04 01:50:00+00:00,89.30000305175781,89.3499984741211,89.1500015258789,89.30000305175781,115309,0.0,0.0,0.0
2025-03-04 01:55:00+00:00,89.3499984741211,89.4000015258789,88.94999694824219,88.94999694824219,499006,0.0,0.0,0.0
2025-03-04 02:00:00+00:00,89.0,89.44999694824219,89.0,89.4000015258789,44238,0.0,0.0,0.0
2025-03-04 02:05:00+00:00,89.4000015258789,89.5999984741211,89.30000305175781,89.5999984741211,109323,0.0,0.0,0.0
2025-03-04 02:10:00+00:00,89.6500015258789,89.80000305175781,89.5999984741211,89.6500015258789,200802,0.0,0.0,0.0
2025-03-04 02:15:00+00:00,89.69999694824219,89.75,89.6500015258789,89.75,71473,0.0,0.0,0.0
2025-03-04 02:20:00+00:00,89.75,89.8499984741211,89.69999694824219,89.8499984741211,207490,0.0,0.0,0.0
2025-03-04 02:25:00+00:00,89.8499984741211,89.94999694824219,89.80000305175781,89.94999694824219,58805,0.0,0.0,0.0
2025-03-04 02:30:00+00:00,89.9000015258789,90.05000305175781,89.9000015258789,90.0,85556,0.0,0.0,0.0
2025-03-04 02:35:00+00:00,90.0999984741211,90.3499984741211,90.05000305175781,90.30000305175781,156023,0.0,0.0,0.0
2025-03-04 02:40:00+00:00,90.3499984741211,90.5999984741211,90.30000305175781,90.5,204865,0.0,0.0,0.0
2025-03-04 02:45:00+00:00,90.5,90.5,90.3499984741211,90.5,70182,0.0,0.0,0.0
2025-03-04 02:50:00+00:00,90.5,90.55000305175781,90.44999694824219,90.5,34196,0.0,0.0,0.0
2025-03-04 02:55:00+00:00,90.55000305175781,90.55000305175781,90.25,90.25,125191,0.0,0.0,0.0
2025-03-04 03:00:00+00:00,90.25,90.4000015258789,90.25,90.30000305175781,62203,0.0,0.0,0.0
2025-03-04 03:05:00+00:00,90.30000305175781,90.3499984741211,90.19999694824219,90.19999694824219,80448,0.0,0.0,0.0
2025-03-04 03:10:00+00:00,90.19999694824219,90.5,90.19999694824219,90.5,54975,0.0,0.0,0.0
2025-03-04 03:15:00+00:00,90.4000015258789,90.4000015258789,90.25,90.3499984741211,67837,0.0,0.0,0.0
2025-03-04 03:20:00+00:00,90.4000015258789,90.5,90.3499984741211,90.4000015258789,35430,0.0,0.0,0.0
2025-03-04 03:25:00+00:00,90.44999694824219,90.69999694824219,90.4000015258789,90.5999984741211,61789,0.0,0.0,0.0
2025-03-04 03:30:00+00:00,90.6500015258789,90.6500015258789,90.5,90.5,43966,0.0,0.0,0.0
2025-03-04 03:35:00+00:00,90.5,90.5,90.4000015258789,90.4000015258789,68685,0.0,0.0,0.0
2025-03-04 03:40:00+00:00,90.3499984741211,90.44999694824219,90.30000305175781,90.44999694824219,125632,0.0,0.0,0.0
2025-03-04 03:45:00+00:00,90.5,90.6500015258789,90.5,90.5999984741211,34534,0.0,0.0,0.0
2025-03-04 03:50:00+00:00,90.5999984741211,90.69999694824219,90.5999984741211,90.69999694824219,33112,0.0,0.0,0.0
2025-03-04 03:55:00+00:00,90.69999694824219,90.75,90.69999694824219,90.75,54240,0.0,0.0,0.0
2025-03-04 04:00:00+00:00,90.75,90.80000305175781,90.69999694824219,90.69999694824219,28593,0.0,0.0,0.0
2025-03-04 04:05:00+00:00,90.75,90.8499984741211,90.75,90.8499984741211,69234,0.0,0.0,0.0
2025-03-04 04:10:00+00:00,90.8499984741211,91.0,90.8499984741211,90.94999694824219,52344,0.0,0.0,0.0
2025-03-04 04:15:00+00:00,90.94999694824219,91.0,90.9000015258789,90.9000015258789,107702,0.0,0.0,0.0
2025-03-04 04:20:00+00:00,90.9000015258789,91.1500015258789,90.9000015258789,91.1500015258789,57736,0.0,0.0,0.0
2025-03-04 04:25:00+00:00,91.0999984741211,91.1500015258789,91.0999984741211,91.0999984741211,55231,0.0,0.0,0.0
2025-03-04 04:30:00+00:00,91.0999984741211,91.1500015258789,91.0,91.0,85612,0.0,0.0,0.0
2025-03-04 04:35:00+00:00,91.05000305175781,91.05000305175781,90.6500015258789,90.69999694824219,119912,0.0,0.0,0.0
2025-03-04 04:40:00+00:00,90.69999694824219,90.69999694824219,90.5999984741211,90.6500015258789,46834,0.0,0.0,0.0
2025-03-04 04:45:00+00:00,90.6500015258789,90.69999694824219,90.6500015258789,90.69999694824219,11035,0.0,0.0,0.0
2025-03-04 04:50:00+00:00,90.69999694824219,90.75,90.6500015258789,90.69999694824219,14532,0.0,0.0,0.0
2025-03-04 04:55:00+00:00,90.69999694824219,90.8499984741211,90.69999694824219,90.75,39610,0.0,0.0,0.0
2025-03-04 05:00:00+00:00,90.75,90.75,90.55000305175781,90.69999694824219,117785,0.0,0.0,0.0
2025-03-04 05:05:00+00:00,90.80000305175781,90.94999694824219,90.80000305175781,90.8499984741211,56756,0.0,0.0,0.0
2025-03-04 05:10:00+00:00,90.8499984741211,90.8499984741211,90.69999694824219,90.80000305175781,84449,0.0,0.0,0.0
2025-03-04 05:15:00+00:00,90.80000305175781,90.9000015258789,90.55000305175781,90.55000305175781,158085,0.0,0.0,0.0
2025-03-04 05:20:00+00:00,90.5999984741211,90.80000305175781,90.5999984741211,90.69999694824219,161821,0.0,0.0,0.0
2025-03-05 01:00:00+00:00,92.30000305175781,92.4000015258789,91.75,91.75,0,0.0,0.0,0.0
2025-03-05 01:05:00+00:00,91.75,92.0999984741211,91.5999984741211,92.05000305175781,263000,0.0,0.0,0.0
2025-03-05 01:10:00+00:00,92.05000305175781,92.1500015258789,91.94999694824219,92.1500015258789,263956,0.0,0.0,0.0
2025-03-05 01:15:00+00:00,92.19999694824219,92.4000015258789,92.19999694824219,92.30000305175781,199982,0.0,0.0,0.0
2025-03-05 01:20:00+00:00,92.25,92.5,92.19999694824219,92.3499984741211,171424,0.0,0.0,0.0
2025-03-05 01:25:00+00:00,92.3499984741211,92.69999694824219,92.3499984741211,92.55000305175781,262174,0.0,0.0,0.0
2025-03-05 01:30:00+00:00,92.5999984741211,92.5999984741211,92.25,92.3499984741211,104424,0.0,0.0,0.0
2025-03-05 01:35:00+00:00,92.4000015258789,92.5999984741211,92.4000015258789,92.55000305175781,67914,0.0,0.0,0.0
2025-03-05 01:40:00+00:00,92.5999984741211,92.75,92.55000305175781,92.69999694824219,141301,0.0,0.0,0.0
2025-03-05 01:45:00+00:00,92.69999694824219,92.69999694824219,92.4000015258789,92.44999694824219,96869,0.0,0.0,0.0
2025-03-05 01:50:00+00:00,92.44999694824219,92.5999984741211,92.3499984741211,92.5999984741211,121162,0.0,0.0,0.0
2025-03-05 01:55:00+00:00,92.44999694824219,92.5999984741211,92.44999694824219,92.5999984741211,80213,0.0,0.0,0.0
2025-03-05 02:00:00+00:00,92.5999984741211,92.5999984741211,92.4000015258789,92.5999984741211,54522,0.0,0.0,0.0
2025-03-05 02:05:00+00:00,92.44999694824219,92.5999984741211,92.3499984741211,92.4000015258789,21596,0.0,0.0,0.0
2025-03-05 02:10:00+00:00,92.4000015258789,92.5,92.05000305175781,92.0999984741211,112130,0.0,0.0,0.0
2025-03-05 02:15:00+00:00,92.05000305175781,92.19999694824219,92.0,92.19999694824219,65224,0.0,0.0,0.0
2025-03-05 02:20:00+00:00,92.19999694824219,92.44999694824219,92.19999694824219,92.44999694824219,30260,0.0,0.0,0.0
2025-03-05 02:25:00+00:00,92.44999694824219,92.44999694824219,92.1500015258789,92.19999694824219,53146,0.0,0.0,0.0
2025-03-05 02:30:00+00:00,92.25,92.25,92.05000305175781,92.05000305175781,103864,0.0,0.0,0.0
2025-03-05 02:35:00+00:00,92.0999984741211,92.19999694824219,92.05000305175781,92.19999694824219,20530,0.0,0.0,0.0
2025-03-05 02:40:00+00:00,92.25,92.44999694824219,92.25,92.44999694824219,31983,0.0,0.0,0.0
2025-03-05 02:45:00+00:00,92.44999694824219,92.5,92.44999694824219,92.5,82339,0.0,0.0,0.0
2025-03-05 02:50:00+00:00,92.55000305175781,92.5999984741211,92.55000305175781,92.55000305175781,36656,0.0,0.0,0.0
2025-03-05 02:55:00+00:00,92.5999984741211,92.6500015258789,92.4000015258789,92.4000015258789,13715,0.0,0.0,0.0
2025-03-05 03:00:00+00:00,92.3499984741211,92.5,92.3499984741211,92.44999694824219,45786,0.0,0.0,0.0
2025-03-05 03:05:00+00:00,92.5,92.69999694824219,92.5,92.6500015258789,164796,0.0,0.0,0.0
2025-03-05 03:10:00+00:00,92.69999694824219,92.9000015258789,92.69999694824219,92.9000015258789,234458,0.0,0.0,0.0
2025-03-05 03:15:00+00:00,92.9000015258789,92.9000015258789,92.80000305175781,92.80000305175781,21347,0.0,0.0,0.0
2025-03-05 03:20:00+00:00,92.80000305175781,92.80000305175781,92.69999694824219,92.69999694824219,4505,0.0,0.0,0.0
2025-03-05 03:25:00+00:00,92.69999694824219,92.75,92.69999694824219,92.69999694824219,28566,0.0,0.0,0.0
2025-03-05 03:30:00+00:00,92.69999694824219,92.80000305175781,92.5999984741211,92.5999984741211,147390,0.0,0.0,0.0
2025-03-05 03:35:00+00:00,92.75,92.75,92.75,92.75,5554,0.0,0.0,0.0
2025-03-05 03:40:00+00:00,92.75,92.80000305175781,92.6500015258789,92.80000305175781,13550,0.0,0.0,0.0
2025-03-05 03:45:00+00:00,92.80000305175781,92.8499984741211,92.75,92.80000305175781,53440,0.0,0.0,0.0
2025-03-05 03:50:00+00:00,92.8499984741211,92.9000015258789,92.8499984741211,92.9000015258789,53372,0.0,0.0,0.0
2025-03-05 03:55:00+00:00,92.94999694824219,92.94999694824219,92.8499984741211,92.9000015258789,52417,0.0,0.0,0.0
2025-03-05 04:00:00+00:00,92.80000305175781,92.8499984741211,92.75,92.8499984741211,20002,0.0,0.0,0.0
2025-03-05 04:05:00+00:00,92.8499984741211,92.9000015258789,92.8499984741211,92.9000015258789,28300,0.0,0.0,0.0
2025-03-05 04:10:00+00:00,92.9000015258789,93.0,92.9000015258789,92.94999694824219,38428,0.0,0.0,0.0
2025-03-05 04:15:00+00:00,92.94999694824219,93.0,92.94999694824219,92.94999694824219,39515,0.0,0.0,0.0
2025-03-05 04:20:00+00:00,93.0,93.05000305175781,92.94999694824219,93.05000305175781,90044,0.0,0.0,0.0
2025-03-05 04:25:00+00:00,93.0,93.0999984741211,93.0,93.0999984741211,70053,0.0,0.0,0.0
2025-03-05 04:30:00+00:00,93.0999984741211,93.0999984741211,92.94999694824219,93.0,18817,0.0,0.0,0.0
2025-03-05 04:35:00+00:00,93.0,93.0,92.94999694824219,92.94999694824219,5300,0.0,0.0,0.0
2025-03-05 04:40:00+00:00,92.94999694824219,93.0,92.9000015258789,93.0,54415,0.0,0.0,0.0
2025-03-05 04:45:00+00:00,93.0,93.05000305175781,92.8499984741211,92.8499984741211,50819,0.0,0.0,0.0
2025-03-05 04:50:00+00:00,92.94999694824219,93.05000305175781,92.94999694824219,93.05000305175781,15640,0.0,0.0,0.0
2025-03-05 04:55:00+00:00,93.05000305175781,93.05000305175781,93.0,93.0,26661,0.0,0.0,0.0
2025-03-05 05:00:00+00:00,93.0,93.0999984741211,92.94999694824219,93.05000305175781,87135,0.0,0.0,0.0
2025-03-05 05:05:00+00:00,93.0999984741211,93.1500015258789,93.05000305175781,93.05000305175781,74445,0.0,0.0,0.0
2025-03-05 05:10:00+00:00,93.05000305175781,93.19999694824219,93.05000305175781,93.0999984741211,54465,0.0,0.0,0.0
2025-03-05 05:15:00+00:00,93.05000305175781,93.05000305175781,93.0,93.05000305175781,59324,0.0,0.0,0.0
2025-03-05 05:20:00+00:00,93.0,93.0999984741211,92.94999694824219,92.94999694824219,131117,0.0,0.0,0.0
2025-03-06 01:00:00+00:00,93.0999984741211,93.1500015258789,92.5999984741211,92.75,0,0.0,0.0,0.0
2025-03-06 01:05:00+00:00,92.75,92.80000305175781,92.6500015258789,92.69999694824219,103000,0.0,0.0,0.0
2025-03-06 01:10:00+00:00,92.6500015258789,92.8499984741211,92.6500015258789,92.8499984741211,97106,0.0,0.0,0.0
2025-03-06 01:15:00+00:00,92.8499984741211,92.94999694824219,92.75,92.75,143005,0.0,0.0,0.0
2025-03-06 01:20:00+00:00,92.69999694824219,92.75,92.6500015258789,92.6500015258789,54049,0.0,0.0,0.0
2025-03-06 01:25:00+00:00,92.75,92.75,92.4000015258789,92.44999694824219,118547,0.0,0.0,0.0
2025-03-06 01:30:00+00:00,92.44999694824219,92.44999694824219,92.30000305175781,92.3499984741211,84656,0.0,0.0,0.0
2025-03-06 01:35:00+00:00,92.30000305175781,92.4000015258789,92.19999694824219,92.19999694824219,110468,0.0,0.0,0.0
2025-03-06 01:40:00+00:00,92.19999694824219,92.19999694824219,91.94999694824219,92.05000305175781,181206,0.0,0.0,0.0
2025-03-06 01:45:00+00:00,92.0999984741211,92.25,92.0,92.25,24674,0.0,0.0,0.0
2025-03-06 01:50:00+00:00,92.30000305175781,92.3499984741211,92.30000305175781,92.3499984741211,14317,0.0,0.0,0.0
2025-03-06 01:55:00+00:00,92.4000015258789,92.5,92.4000015258789,92.4000015258789,19576,0.0,0.0,0.0
2025-03-06 02:00:00+00:00,92.44999694824219,92.5,92.3499984741211,92.3499984741211,27495,0.0,0.0,0.0
2025-03-06 02:05:00+00:00,92.3499984741211,92.4000015258789,92.3499984741211,92.4000015258789,9142,0.0,0.0,0.0
2025-03-06 02:10:00+00:00,92.5,92.5,92.25,92.25,59171,0.0,0.0,0.0
2025-03-06 02:15:00+00:00,92.30000305175781,92.30000305175781,92.1500015258789,92.1500015258789,55135,0.0,0.0,0.0
2025-03-06 02:20:00+00:00,92.19999694824219,92.19999694824219,92.0999984741211,92.0999984741211,32242,0.0,0.0,0.0
2025-03-06 02:25:00+00:00,92.1500015258789,92.1500015258789,92.1500015258789,92.1500015258789,14687,0.0,0.0,0.0
2025-03-06 02:30:00+00:00,92.25,92.3499984741211,92.25,92.3499984741211,7183,0.0,0.0,0.0
2025-03-06 02:35:00+00:00,92.30000305175781,92.30000305175781,91.8499984741211,91.9000015258789,239757,0.0,0.0,0.0
2025-03-06 02:40:00+00:00,91.9000015258789,91.94999694824219,91.69999694824219,91.69999694824219,116160,0.0,0.0,0.0
2025-03-06 02:45:00+00:00,91.69999694824219,91.80000305175781,91.5999984741211,91.80000305175781,69439,0.0,0.0,0.0
2025-03-06 02:50:00+00:00,91.8499984741211,92.0,91.8499984741211,92.0,14130,0.0,0.0,0.0
2025-03-06 02:55:00+00:00,92.0,92.0,91.8499984741211,91.8499984741211,22735,0.0,0.0,0.0
2025-03-06 03:00:00+00:00,91.8499984741211,91.8499984741211,91.69999694824219,91.80000305175781,40315,0.0,0.0,0.0
2025-03-06 03:05:00+00:00,91.80000305175781,91.80000305175781,91.69999694824219,91.69999694824219,46326,0.0,0.0,0.0
2025-03-06 03:10:00+00:00,91.69999694824219,91.69999694824219,91.5,91.5,152814,0.0,0.0,0.0
2025-03-06 03:15:00+00:00,91.5,91.75,91.5,91.69999694824219,22364,0.0,0.0,0.0
2025-03-06 03:20:00+00:00,91.69999694824219,91.69999694824219,91.5999984741211,91.69999694824219,16454,0.0,0.0,0.0
2025-03-06 03:25:00+00:00,91.69999694824219,91.80000305175781,91.69999694824219,91.75,25449,0.0,0.0,0.0
2025-03-06 03:30:00+00:00,91.69999694824219,91.69999694824219,91.55000305175781,91.5999984741211,71069,0.0,0.0,0.0
2025-03-06 03:35:00+00:00,91.69999694824219,91.69999694824219,91.6500015258789,91.6500015258789,9842,0.0,0.0,0.0
2025-03-06 03:40:00+00:00,91.6500015258789,91.75,91.6500015258789,91.69999694824219,20150,0.0,0.0,0.0
2025-03-06 03:45:00+00:00,91.69999694824219,91.8499984741211,91.69999694824219,91.8499984741211,37596,0.0,0.0,0.0
2025-03-06 03:50:00+00:00,91.9000015258789,91.94999694824219,91.9000015258789,91.9000015258789,12100,0.0,0.0,0.0
2025-03-06 03:55:00+00:00,91.8499984741211,91.8499984741211,91.80000305175781,91.8499984741211,8685,0.0,0.0,0.0
2025-03-06 04:00:00+00:00,91.8499984741211,91.9000015258789,91.8499984741211,91.9000015258789,9127,0.0,0.0,0.0
2025-03-06 04:05:00+00:00,91.9000015258789,91.94999694824219,91.8499984741211,91.94999694824219,17390,0.0,0.0,0.0
2025-03-06 04:10:00+00:00,91.9000015258789,91.9000015258789,91.8499984741211,91.9000015258789,10429,0.0,0.0,0.0
2025-03-06 04:15:00+00:00,91.9000015258789,91.9000015258789,91.9000015258789,91.9000015258789,8387,0.0,0.0,0.0
2025-03-06 04:20:00+00:00,91.9000015258789,91.94999694824219,91.80000305175781,91.80000305175781,106206,0.0,0.0,0.0
2025-03-06 04:25:00+00:00,91.80000305175781,91.9000015258789,91.80000305175781,91.8499984741211,12728,0.0,0.0,0.0
2025-03-06 04:30:00+00:00,91.9000015258789,92.05000305175781,91.9000015258789,92.05000305175781,32203,0.0,0.0,0.0
2025-03-06 04:35:00+00:00,92.05000305175781,92.05000305175781,91.94999694824219,92.05000305175781,46653,0.0,0.0,0.0
2025-03-06 04:40:00+00:00,92.1500015258789,92.19999694824219,92.0999984741211,92.19999694824219,17655,0.0,0.0,0.0
2025-03-06 04:45:00+00:00,92.25,92.25,92.1500015258789,92.19999694824219,18774,0.0,0.0,0.0
2025-03-06 04:50:00+00:00,92.19999694824219,92.19999694824219,92.1500015258789,92.1500015258789,45570,0.0,0.0,0.0
2025-03-06 04:55:00+00:00,92.1500015258789,92.1500015258789,92.0,92.0,80826,0.0,0.0,0.0
2025-03-06 05:00:00+00:00,92.0,92.0999984741211,92.0,92.05000305175781,21588,0.0,0.0,0.0
2025-03-06 05:05:00+00:00,92.0,92.0,91.9000015258789,91.9000015258789,41852,0.0,0.0,0.0
2025-03-06 05:10:00+00:00,91.94999694824219,92.0,91.8499984741211,92.0,103968,0.0,0.0,0.0
2025-03-06 05:15:00+00:00,92.0,92.0999984741211,91.94999694824219,91.94999694824219,65482,0.0,0.0,0.0
2025-03-06 05:20:00+00:00,92.0,92.05000305175781,91.94999694824219,92.05000305175781,128145,0.0,0.0,0.0
2025-03-07 01:00:00+00:00,90.69999694824219,90.75,90.3499984741211,90.44999694824219,0,0.0,0.0,0.0
2025-03-07 01:05:00+00:00,90.4000015258789,91.05000305175781,90.3499984741211,91.0,256314,0.0,0.0,0.0
2025-03-07 01:10:00+00:00,91.0999984741211,91.25,91.0,91.25,98747,0.0,0.0,0.0
2025-03-07 01:15:00+00:00,91.19999694824219,91.25,91.05000305175781,91.05000305175781,62812,0.0,0.0,0.0
2025-03-07 01:20:00+00:00,91.0,91.0,90.94999694824219,91.0,73461,0.0,0.0,0.0
2025-03-07 01:25:00+00:00,91.0,91.0999984741211,90.8499984741211,90.8499984741211,84961,0.0,0.0,0.0
2025-03-07 01:30:00+00:00,90.9000015258789,90.9000015258789,90.75,90.80000305175781,69578,0.0,0.0,0.0
2025-03-07 01:35:00+00:00,90.80000305175781,90.8499984741211,90.69999694824219,90.80000305175781,78222,0.0,0.0,0.0
2025-03-07 01:40:00+00:00,90.80000305175781,90.8499984741211,90.69999694824219,90.69999694824219,54617,0.0,0.0,0.0
2025-03-07 01:45:00+00:00,90.69999694824219,90.80000305175781,90.5999984741211,90.6500015258789,93905,0.0,0.0,0.0
2025-03-07 01:50:00+00:00,90.6500015258789,90.6500015258789,90.25,90.30000305175781,463058,0.0,0.0,0.0
2025-03-07 01:55:00+00:00,90.3499984741211,90.3499984741211,90.25,90.25,108255,0.0,0.0,0.0
2025-03-07 02:00:00+00:00,90.19999694824219,90.30000305175781,90.0999984741211,90.19999694824219,203187,0.0,0.0,0.0
2025-03-07 02:05:00+00:00,90.19999694824219,90.25,90.0,90.0,420405,0.0,0.0,0.0
2025-03-07 02:10:00+00:00,90.0,90.0999984741211,89.75,90.0,198138,0.0,0.0,0.0
2025-03-07 02:15:00+00:00,90.0999984741211,90.30000305175781,90.0999984741211,90.1500015258789,30652,0.0,0.0,0.0
2025-03-07 02:20:00+00:00,90.1500015258789,90.1500015258789,89.94999694824219,90.0,323992,0.0,0.0,0.0
2025-03-07 02:25:00+00:00,90.0,90.0999984741211,90.0,90.0,51333,0.0,0.0,0.0
2025-03-07 02:30:00+00:00,90.0,90.0,89.9000015258789,89.94999694824219,84923,0.0,0.0,0.0
2025-03-07 02:35:00+00:00,90.0999984741211,90.0999984741211,89.94999694824219,90.0999984741211,41676,0.0,0.0,0.0
2025-03-07 02:40:00+00:00,90.1500015258789,90.25,90.1500015258789,90.1500015258789,32494,0.0,0.0,0.0
2025-03-07 02:45:00+00:00,90.30000305175781,90.30000305175781,90.1500015258789,90.1500015258789,53583,0.0,0.0,0.0
2025-03-07 02:50:00+00:00,90.1500015258789,90.1500015258789,90.0999984741211,90.0999984741211,24259,0.0,0.0,0.0
2025-03-07 02:55:00+00:00,90.0999984741211,90.0999984741211,90.05000305175781,90.05000305175781,27637,0.0,0.0,0.0
2025-03-07 03:00:00+00:00,90.0999984741211,90.0999984741211,90.0,90.0,23228,0.0,0.0,0.0
2025-03-07 03:05:00+00:00,90.05000305175781,90.05000305175781,90.0,90.05000305175781,60654,0.0,0.0,0.0
2025-03-07 03:10:00+00:00,90.05000305175781,90.0999984741211,90.05000305175781,90.05000305175781,24512,0.0,0.0,0.0
2025-03-07 03:15:00+00:00,90.0999984741211,90.0999984741211,90.0999984741211,90.0999984741211,8000,0.0,0.0,0.0
2025-03-07 03:20:00+00:00,90.0999984741211,90.0999984741211,90.0,90.0,56113,0.0,0.0,0.0
2025-03-07 03:25:00+00:00,90.05000305175781,90.05000305175781,90.05000305175781,90.05000305175781,1418,0.0,0.0,0.0
2025-03-07 03:30:00+00:00,90.05000305175781,90.05000305175781,90.0,90.05000305175781,35521,0.0,0.0,0.0
2025-03-07 03:35:00+00:00,90.0999984741211,90.0999984741211,90.0,90.05000305175781,9506,0.0,0.0,0.0
2025-03-07 03:40:00+00:00,90.0999984741211,90.0999984741211,90.0,90.0,14558,0.0,0.0,0.0
2025-03-07 03:45:00+00:00,90.0,90.05000305175781,90.0,90.05000305175781,16698,0.0,0.0,0.0
2025-03-07 03:50:00+00:00,90.0999984741211,90.19999694824219,90.0999984741211,90.19999694824219,14297,0.0,0.0,0.0
2025-03-07 03:55:00+00:00,90.19999694824219,90.3499984741211,90.19999694824219,90.3499984741211,5903,0.0,0.0,0.0
2025-03-07 04:00:00+00:00,90.4000015258789,90.44999694824219,90.4000015258789,90.4000015258789,18500,0.0,0.0,0.0
2025-03-07 04:05:00+00:00,90.3499984741211,90.55000305175781,90.3499984741211,90.4000015258789,29360,0.0,0.0,0.0
2025-03-07 04:10:00+00:00,90.44999694824219,90.44999694824219,90.30000305175781,90.30000305175781,25924,0.0,0.0,0.0
2025-03-07 04:15:00+00:00,90.30000305175781,90.30000305175781,90.30000305175781,90.30000305175781,10185,0.0,0.0,0.0
2025-03-07 04:20:00+00:00,90.3499984741211,90.3499984741211,90.3499984741211,90.3499984741211,19093,0.0,0.0,0.0
2025-03-07 04:25:00+00:00,90.3499984741211,90.3499984741211,90.1500015258789,90.19999694824219,165929,0.0,0.0,0.0
2025-03-07 04:30:00+00:00,90.19999694824219,90.19999694824219,90.1500015258789,90.1500015258789,10967,0.0,0.0,0.0
2025-03-07 04:35:00+00:00,90.1500015258789,90.1500015258789,90.0999984741211,90.1500015258789,19966,0.0,0.0,0.0
2025-03-07 04:40:00+00:00,90.0999984741211,90.19999694824219,90.0999984741211,90.19999694824219,29980,0.0,0.0,0.0
2025-03-07 04:45:00+00:00,90.25,90.25,90.19999694824219,90.19999694824219,22869,0.0,0.0,0.0
2025-03-07 04:50:00+00:00,90.19999694824219,90.19999694824219,90.0,90.0,186866,0.0,0.0,0.0
2025-03-07 04:55:00+00:00,90.0,90.0999984741211,90.0,90.0999984741211,21271,0.0,0.0,0.0
2025-03-07 05:00:00+00:00,90.0999984741211,90.1500015258789,90.0999984741211,90.1500015258789,46236,0.0,0.0,0.0
2025-03-07 05:05:00+00:00,90.0999984741211,90.1500015258789,90.05000305175781,90.05000305175781,36768,0.0,0.0,0.0
2025-03-07 05:10:00+00:00,90.05000305175781,90.05000305175781,90.0,90.0,97131,0.0,0.0,0.0
2025-03-07 05:15:00+00:00,90.0,90.1500015258789,90.0,90.0999984741211,52114,0.0,0.0,0.0
2025-03-07 05:20:00+00:00,90.05000305175781,90.0999984741211,89.94999694824219,90.0,157672,0.0,0.0,0.0
2025-03-10 01:00:00+00:00,90.1500015258789,90.19999694824219,89.5,89.5999984741211,0,0.0,0.0,0.0
2025-03-10 01:05:00+00:00,89.5999984741211,89.75,89.19999694824219,89.25,306000,0.0,0.0,0.0
2025-03-10 01:10:00+00:00,89.1500015258789,89.19999694824219,88.5999984741211,88.8499984741211,724787,0.0,0.0,0.0
2025-03-10 01:15:00+00:00,88.8499984741211,89.4000015258789,88.8499984741211,89.0999984741211,125949,0.0,0.0,0.0
2025-03-10 01:20:00+00:00,89.1500015258789,89.25,88.8499984741211,89.05000305175781,182438,0.0,0.0,0.0
2025-03-10 01:25:00+00:00,89.0999984741211,89.0999984741211,88.80000305175781,88.80000305175781,223601,0.0,0.0,0.0
2025-03-10 01:30:00+00:00,88.80000305175781,89.0999984741211,88.75,89.0,117617,0.0,0.0,0.0
2025-03-10 01:35:00+00:00,89.05000305175781,89.19999694824219,88.9000015258789,89.1500015258789,92144,0.0,0.0,0.0
2025-03-10 01:40:00+00:00,89.1500015258789,89.19999694824219,88.80000305175781,88.8499984741211,196248,0.0,0.0,0.0
2025-03-10 01:45:00+00:00,88.80000305175781,88.8499984741211,88.44999694824219,88.44999694824219,545291,0.0,0.0,0.0
2025-03-10 01:50:00+00:00,88.5999984741211,89.05000305175781,88.5999984741211,89.05000305175781,157553,0.0,0.0,0.0
2025-03-10 01:55:00+00:00,89.05000305175781,89.25,89.05000305175781,89.25,51760,0.0,0.0,0.0
2025-03-10 02:00:00+00:00,89.30000305175781,89.30000305175781,89.25,89.25,82605,0.0,0.0,0.0
2025-03-10 02:05:00+00:00,89.25,89.25,89.1500015258789,89.25,32304,0.0,0.0,0.0
2025-03-10 02:10:00+00:00,89.25,89.4000015258789,89.19999694824219,89.4000015258789,95528,0.0,0.0,0.0
2025-03-10 02:15:00+00:00,89.44999694824219,89.6500015258789,89.44999694824219,89.5999984741211,122807,0.0,0.0,0.0
2025-03-10 02:20:00+00:00,89.5999984741211,89.5999984741211,89.5,89.5,122751,0.0,0.0,0.0
2025-03-10 02:25:00+00:00,89.5,89.6500015258789,89.44999694824219,89.5999984741211,132213,0.0,0.0,0.0
2025-03-10 02:30:00+00:00,89.6500015258789,89.8499984741211,89.6500015258789,89.80000305175781,42289,0.0,0.0,0.0
2025-03-10 02:35:00+00:00,89.8499984741211,90.0,89.8499984741211,90.0,31781,0.0,0.0,0.0
2025-03-10 02:40:00+00:00,89.94999694824219,90.05000305175781,89.80000305175781,89.80000305175781,97794,0.0,0.0,0.0
2025-03-10 02:45:00+00:00,89.80000305175781,89.9000015258789,89.80000305175781,89.80000305175781,11681,0.0,0.0,0.0
2025-03-10 02:50:00+00:00,89.80000305175781,89.80000305175781,89.75,89.80000305175781,7942,0.0,0.0,0.0
2025-03-10 02:55:00+00:00,89.80000305175781,89.80000305175781,89.69999694824219,89.69999694824219,18830,0.0,0.0,0.0
2025-03-10 03:00:00+00:00,89.69999694824219,89.69999694824219,89.5,89.5,68952,0.0,0.0,0.0
2025-03-10 03:05:00+00:00,89.55000305175781,89.5999984741211,89.5,89.55000305175781,30362,0.0,0.0,0.0
2025-03-10 03:10:00+00:00,89.5999984741211,89.5999984741211,89.25,89.25,76254,0.0,0.0,0.0
2025-03-10 03:15:00+00:00,89.19999694824219,89.25,89.19999694824219,89.25,5000,0.0,0.0,0.0
2025-03-10 03:20:00+00:00,89.25,89.30000305175781,89.25,89.25,11117,0.0,0.0,0.0
2025-03-10 03:25:00+00:00,89.30000305175781,89.30000305175781,89.19999694824219,89.19999694824219,67793,0.0,0.0,0.0
2025-03-10 03:30:00+00:00,89.3499984741211,89.3499984741211,89.3499984741211,89.3499984741211,3677,0.0,0.0,0.0
2025-03-10 03:35:00+00:00,89.3499984741211,89.4000015258789,89.3499984741211,89.4000015258789,19832,0.0,0.0,0.0
2025-03-10 03:40:00+00:00,89.5,89.5999984741211,89.5,89.5999984741211,10591,0.0,0.0,0.0
2025-03-10 03:45:00+00:00,89.6500015258789,89.6500015258789,89.5999984741211,89.6500015258789,6580,0.0,0.0,0.0
2025-03-10 03:50:00+00:00,89.5999984741211,89.5999984741211,89.55000305175781,89.55000305175781,17620,0.0,0.0,0.0
2025-03-10 03:55:00+00:00,89.5,89.5,89.4000015258789,89.4000015258789,23098,0.0,0.0,0.0
2025-03-10 04:00:00+00:00,89.4000015258789,89.44999694824219,89.4000015258789,89.44999694824219,6150,0.0,0.0,0.0
2025-03-10 04:05:00+00:00,89.4000015258789,89.5,89.4000015258789,89.5,14114,0.0,0.0,0.0
2025-03-10 04:10:00+00:00,89.5,89.5,89.5,89.5,11630,0.0,0.0,0.0
2025-03-10 04:15:00+00:00,89.5,89.5999984741211,89.5,89.5999984741211,8770,0.0,0.0,0.0
2025-03-10 04:20:00+00:00,89.6500015258789,89.6500015258789,89.5999984741211,89.6500015258789,18570,0.0,0.0,0.0
2025-03-10 04:25:00+00:00,89.5999984741211,89.69999694824219,89.5999984741211,89.6500015258789,17978,0.0,0.0,0.0
2025-03-10 04:30:00+00:00,89.5999984741211,89.5999984741211,89.55000305175781,89.55000305175781,7270,0.0,0.0,0.0
2025-03-10 04:35:00+00:00,89.55000305175781,89.55000305175781,89.44999694824219,89.44999694824219,41562,0.0,0.0,0.0
2025-03-10 04:40:00+00:00,89.44999694824219,89.5,89.4000015258789,89.44999694824219,30954,0.0,0.0,0.0
2025-03-10 04:45:00+00:00,89.44999694824219,89.44999694824219,89.44999694824219,89.44999694824219,1251,0.0,0.0,0.0
2025-03-10 04:50:00+00:00,89.5,89.5,89.3499984741211,89.5,44825,0.0,0.0,0.0
2025-03-10 04:55:00+00:00,89.4000015258789,89.4000015258789,89.4000015258789,89.4000015258789,27771,0.0,0.0,0.0
2025-03-10 05:00:00+00:00,89.4000015258789,89.5,89.4000015258789,89.4000015258789,71736,0.0,0.0,0.0
2025-03-10 05:05:00+00:00,89.4000015258789,89.44999694824219,89.3499984741211,89.44999694824219,26632,0.0,0.0,0.0
2025-03-10 05:10:00+00:00,89.5,89.5999984741211,89.5,89.55000305175781,26636,0.0,0.0,0.0
2025-03-10 05:15:00+00:00,89.55000305175781,89.55000305175781,89.5,89.55000305175781,29852,0.0,0.0,0.0
2025-03-10 05:20:00+00:00,89.55000305175781,89.55000305175781,89.4000015258789,89.4000015258789,128162,0.0,0.0,0.0
2025-03-11 01:00:00+00:00,85.30000305175781,85.3499984741211,84.19999694824219,84.30000305175781,0,0.0,0.0,0.0
2025-03-11 01:05:00+00:00,84.19999694824219,84.25,83.25,83.5,1722000,0.0,0.0,0.0
2025-03-11 01:10:00+00:00,83.44999694824219,84.0,83.3499984741211,83.55000305175781,992244,0.0,0.0,0.0
2025-03-11 01:15:00+00:00,83.55000305175781,84.1500015258789,83.5,84.1500015258789,571417,0.0,0.0,0.0
2025-03-11 01:20:00+00:00,84.05000305175781,84.5,83.9000015258789,84.30000305175781,516135,0.0,0.0,0.0
2025-03-11 01:25:00+00:00,84.30000305175781,84.30000305175781,83.9000015258789,84.05000305175781,508735,0.0,0.0,0.0
2025-03-11 01:30:00+00:00,84.05000305175781,84.44999694824219,83.80000305175781,83.9000015258789,482191,0.0,0.0,0.0
2025-03-11 01:35:00+00:00,83.94999694824219,84.94999694824219,83.8499984741211,84.80000305175781,569391,0.0,0.0,0.0
2025-03-11 01:40:00+00:00,84.8499984741211,85.0,84.75,84.94999694824219,373943,0.0,0.0,0.0
2025-03-11 01:45:00+00:00,85.0,85.30000305175781,84.6500015258789,85.1500015258789,442645,0.0,0.0,0.0
2025-03-11 01:50:00+00:00,85.19999694824219,85.5999984741211,85.1500015258789,85.5,388809,0.0,0.0,0.0
2025-03-11 01:55:00+00:00,85.44999694824219,85.5,85.0999984741211,85.5,172771,0.0,0.0,0.0
2025-03-11 02:00:00+00:00,85.5,85.5,85.25,85.30000305175781,207311,0.0,0.0,0.0
2025-03-11 02:05:00+00:00,85.4000015258789,85.75,85.3499984741211,85.5999984741211,149168,0.0,0.0,0.0
2025-03-11 02:10:00+00:00,85.6500015258789,85.6500015258789,85.30000305175781,85.5,189543,0.0,0.0,0.0
2025-03-11 02:15:00+00:00,85.55000305175781,85.94999694824219,85.5,85.94999694824219,175301,0.0,0.0,0.0
2025-03-11 02:20:00+00:00,85.94999694824219,86.1500015258789,85.8499984741211,86.1500015258789,181881,0.0,0.0,0.0
2025-03-11 02:25:00+00:00,86.19999694824219,86.19999694824219,85.8499984741211,85.9000015258789,153166,0.0,0.0,0.0
2025-03-11 02:30:00+00:00,85.80000305175781,85.8499984741211,85.5999984741211,85.5999984741211,86720,0.0,0.0,0.0
2025-03-11 02:35:00+00:00,85.6500015258789,85.75,85.5999984741211,85.69999694824219,53672,0.0,0.0,0.0
2025-03-11 02:40:00+00:00,85.69999694824219,85.75,85.5999984741211,85.6500015258789,109149,0.0,0.0,0.0
2025-03-11 02:45:00+00:00,85.6500015258789,85.6500015258789,85.30000305175781,85.30000305175781,193114,0.0,0.0,0.0
2025-03-11 02:50:00+00:00,85.30000305175781,85.69999694824219,85.30000305175781,85.69999694824219,39941,0.0,0.0,0.0
2025-03-11 02:55:00+00:00,85.69999694824219,85.69999694824219,85.6500015258789,85.6500015258789,35780,0.0,0.0,0.0
2025-03-11 03:00:00+00:00,85.5999984741211,86.05000305175781,85.5999984741211,85.94999694824219,140556,0.0,0.0,0.0
2025-03-11 03:05:00+00:00,85.94999694824219,86.19999694824219,85.9000015258789,86.1500015258789,74066,0.0,0.0,0.0
2025-03-11 03:10:00+00:00,86.1500015258789,86.3499984741211,86.0999984741211,86.25,79580,0.0,0.0,0.0
2025-03-11 03:15:00+00:00,86.25,86.25,86.0999984741211,86.0999984741211,39160,0.0,0.0,0.0
2025-03-11 03:20:00+00:00,86.1500015258789,86.1500015258789,85.75,85.80000305175781,143693,0.0,0.0,0.0
2025-03-11 03:25:00+00:00,85.80000305175781,85.8499984741211,85.69999694824219,85.8499984741211,36562,0.0,0.0,0.0
2025-03-11 03:30:00+00:00,85.80000305175781,85.80000305175781,85.5999984741211,85.69999694824219,97751,0.0,0.0,0.0
2025-03-11 03:35:00+00:00,85.69999694824219,85.69999694824219,85.5,85.5999984741211,97550,0.0,0.0,0.0
2025-03-11 03:40:00+00:00,85.5999984741211,85.69999694824219,85.55000305175781,85.69999694824219,24628,0.0,0.0,0.0
2025-03-11 03:45:00+00:00,85.69999694824219,85.75,85.6500015258789,85.6500015258789,24266,0.0,0.0,0.0
2025-03-11 03:50:00+00:00,85.6500015258789,85.6500015258789,85.5999984741211,85.5999984741211,40177,0.0,0.0,0.0
2025-03-11 03:55:00+00:00,85.5999984741211,85.6500015258789,85.55000305175781,85.6500015258789,97571,0.0,0.0,0.0
2025-03-11 04:00:00+00:00,85.6500015258789,85.80000305175781,85.6500015258789,85.75,12697,0.0,0.0,0.0
2025-03-11 04:05:00+00:00,85.69999694824219,85.80000305175781,85.69999694824219,85.80000305175781,40370,0.0,0.0,0.0
2025-03-11 04:10:00+00:00,85.80000305175781,86.0,85.80000305175781,85.94999694824219,22808,0.0,0.0,0.0
2025-03-11 04:15:00+00:00,85.94999694824219,86.05000305175781,85.9000015258789,86.05000305175781,59555,0.0,0.0,0.0
2025-03-11 04:20:00+00:00,86.0,86.25,86.0,86.19999694824219,55892,0.0,0.0,0.0
2025-03-11 04:25:00+00:00,86.25,86.4000015258789,86.19999694824219,86.30000305175781,78018,0.0,0.0,0.0
2025-03-11 04:30:00+00:00,86.30000305175781,86.4000015258789,86.25,86.3499984741211,99513,0.0,0.0,0.0
2025-03-11 04:35:00+00:00,86.3499984741211,86.44999694824219,86.25,86.25,81281,0.0,0.0,0.0
2025-03-11 04:40:00+00:00,86.25,86.30000305175781,86.19999694824219,86.19999694824219,50329,0.0,0.0,0.0
2025-03-11 04:45:00+00:00,86.19999694824219,86.25,86.19999694824219,86.25,29108,0.0,0.0,0.0
2025-03-11 04:50:00+00:00,86.30000305175781,86.3499984741211,86.19999694824219,86.30000305175781,78097,0.0,0.0,0.0
2025-03-11 04:55:00+00:00,86.25,86.4000015258789,86.25,86.4000015258789,56758,0.0,0.0,0.0
2025-03-11 05:00:00+00:00,86.4000015258789,86.4000015258789,86.19999694824219,86.19999694824219,77809,0.0,0.0,0.0
2025-03-11 05:05:00+00:00,86.19999694824219,86.19999694824219,86.05000305175781,86.0999984741211,66731,0.0,0.0,0.0
2025-03-11 05:10:00+00:00,86.1500015258789,86.1500015258789,86.0999984741211,86.1500015258789,83720,0.0,0.0,0.0
2025-03-11 05:15:00+00:00,86.1500015258789,86.25,86.0,86.0,233879,0.0,0.0,0.0
2025-03-11 05:20:00+00:00,86.0,86.19999694824219,86.0,86.19999694824219,131799,0.0,0.0,0.0
2025-03-12 01:00:00+00:00,86.5999984741211,86.5999984741211,86.30000305175781,86.4000015258789,0,0.0,0.0,0.0
2025-03-12 01:05:00+00:00,86.4000015258789,86.75,86.3499984741211,86.5999984741211,118000,0.0,0.0,0.0
2025-03-12 01:10:00+00:00,86.69999694824219,86.9000015258789,86.5999984741211,86.8499984741211,195011,0.0,0.0,0.0
2025-03-12 01:15:00+00:00,86.9000015258789,87.0,86.75,86.75,111095,0.0,0.0,0.0
2025-03-12 01:20:00+00:00,86.75,87.0,86.69999694824219,87.0,83062,0.0,0.0,0.0
2025-03-12 01:25:00+00:00,87.0,87.0,86.75,86.75,43744,0.0,0.0,0.0
2025-03-12 01:30:00+00:00,86.75,86.8499984741211,86.75,86.75,32085,0.0,0.0,0.0
2025-03-12 01:35:00+00:00,86.75,87.05000305175781,86.75,87.05000305175781,131925,0.0,0.0,0.0
2025-03-12 01:40:00+00:00,87.05000305175781,87.1500015258789,87.0,87.0999984741211,42595,0.0,0.0,0.0
2025-03-12 01:45:00+00:00,87.1500015258789,87.30000305175781,87.1500015258789,87.30000305175781,70810,0.0,0.0,0.0
2025-03-12 01:50:00+00:00,87.30000305175781,87.44999694824219,87.30000305175781,87.4000015258789,86656,0.0,0.0,0.0
2025-03-12 01:55:00+00:00,87.44999694824219,87.5,87.4000015258789,87.44999694824219,39561,0.0,0.0,0.0
2025-03-12 02:00:00+00:00,87.44999694824219,87.5999984741211,87.4000015258789,87.5999984741211,90188,0.0,0.0,0.0
2025-03-12 02:05:00+00:00,87.5,87.69999694824219,87.5,87.5999984741211,93779,0.0,0.0,0.0
2025-03-12 02:10:00+00:00,87.5999984741211,87.75,87.55000305175781,87.69999694824219,63600,0.0,0.0,0.0
2025-03-12 02:15:00+00:00,87.69999694824219,87.94999694824219,87.69999694824219,87.9000015258789,74110,0.0,0.0,0.0
2025-03-12 02:20:00+00:00,87.9000015258789,87.9000015258789,87.75,87.80000305175781,31890,0.0,0.0,0.0
2025-03-12 02:25:00+00:00,87.80000305175781,87.80000305175781,87.69999694824219,87.75,53197,0.0,0.0,0.0
2025-03-12 02:30:00+00:00,87.80000305175781,87.8499984741211,87.75,87.80000305175781,23784,0.0,0.0,0.0
2025-03-12 02:35:00+00:00,87.80000305175781,87.9000015258789,87.80000305175781,87.9000015258789,29847,0.0,0.0,0.0
2025-03-12 02:40:00+00:00,87.80000305175781,87.94999694824219,87.75,87.94999694824219,56137,0.0,0.0,0.0
2025-03-12 02:45:00+00:00,87.94999694824219,88.1500015258789,87.94999694824219,88.1500015258789,80176,0.0,0.0,0.0
2025-03-12 02:50:00+00:00,88.1500015258789,88.30000305175781,88.1500015258789,88.30000305175781,39803,0.0,0.0,0.0
2025-03-12 02:55:00+00:00,88.30000305175781,88.30000305175781,88.19999694824219,88.19999694824219,57094,0.0,0.0,0.0
2025-03-12 03:00:00+00:00,88.19999694824219,88.4000015258789,88.19999694824219,88.4000015258789,67550,0.0,0.0,0.0
2025-03-12 03:05:00+00:00,88.4000015258789,88.4000015258789,88.30000305175781,88.4000015258789,38393,0.0,0.0,0.0
2025-03-12 03:10:00+00:00,88.3499984741211,88.3499984741211,88.19999694824219,88.25,25950,0.0,0.0,0.0
2025-03-12 03:15:00+00:00,88.19999694824219,88.19999694824219,87.8499984741211,87.94999694824219,59539,0.0,0.0,0.0
2025-03-12 03:20:00+00:00,87.94999694824219,87.94999694824219,87.80000305175781,87.80000305175781,15268,0.0,0.0,0.0
2025-03-12 03:25:00+00:00,87.8499984741211,88.0,87.8499984741211,87.9000015258789,54154,0.0,0.0,0.0
2025-03-12 03:30:00+00:00,87.80000305175781,87.80000305175781,87.69999694824219,87.69999694824219,17719,0.0,0.0,0.0
2025-03-12 03:35:00+00:00,87.6500015258789,87.9000015258789,87.6500015258789,87.9000015258789,22099,0.0,0.0,0.0
2025-03-12 03:40:00+00:00,87.9000015258789,87.9000015258789,87.9000015258789,87.9000015258789,5442,0.0,0.0,0.0
2025-03-12 03:45:00+00:00,87.9000015258789,87.94999694824219,87.9000015258789,87.9000015258789,16473,0.0,0.0,0.0
2025-03-12 03:50:00+00:00,87.9000015258789,87.9000015258789,87.9000015258789,87.9000015258789,12287,0.0,0.0,0.0
2025-03-12 03:55:00+00:00,87.8499984741211,87.8499984741211,87.5999984741211,87.5999984741211,55022,0.0,0.0,0.0
2025-03-12 04:00:00+00:00,87.55000305175781,87.55000305175781,87.3499984741211,87.3499984741211,107145,0.0,0.0,0.0
2025-03-12 04:05:00+00:00,87.4000015258789,87.4000015258789,87.25,87.30000305175781,51444,0.0,0.0,0.0
2025-03-12 04:10:00+00:00,87.30000305175781,87.44999694824219,87.30000305175781,87.3499984741211,41230,0.0,0.0,0.0
2025-03-12 04:15:00+00:00,87.30000305175781,87.44999694824219,87.30000305175781,87.3499984741211,16153,0.0,0.0,0.0
2025-03-12 04:20:00+00:00,87.3499984741211,87.4000015258789,87.30000305175781,87.4000015258789,46785,0.0,0.0,0.0
2025-03-12 04:25:00+00:00,87.44999694824219,87.55000305175781,87.4000015258789,87.5,14680,0.0,0.0,0.0
2025-03-12 04:30:00+00:00,87.4000015258789,87.4000015258789,87.25,87.25,31505,0.0,0.0,0.0
2025-03-12 04:35:00+00:00,87.30000305175781,87.3499984741211,87.19999694824219,87.19999694824219,25960,0.0,0.0,0.0
2025-03-12 04:40:00+00:00,87.19999694824219,87.19999694824219,86.94999694824219,86.94999694824219,85072,0.0,0.0,0.0
2025-03-12 04:45:00+00:00,86.94999694824219,86.94999694824219,86.69999694824219,86.69999694824219,119617,0.0,0.0,0.0
2025-03-12 04:50:00+00:00,86.69999694824219,86.8499984741211,86.6500015258789,86.75,60415,0.0,0.0,0.0
2025-03-12 04:55:00+00:00,86.80000305175781,86.8499984741211,86.75,86.80000305175781,21845,0.0,0.0,0.0
2025-03-12 05:00:00+00:00,86.80000305175781,86.9000015258789,86.75,86.75,22540,0.0,0.0,0.0
2025-03-12 05:05:00+00:00,86.8499984741211,87.0,86.80000305175781,87.0,27013,0.0,0.0,0.0
2025-03-12 05:10:00+00:00,87.0,87.0999984741211,87.0,87.0999984741211,39494,0.0,0.0,0.0
2025-03-12 05:15:00+00:00,87.0999984741211,87.0999984741211,86.94999694824219,87.0,52841,0.0,0.0,0.0
2025-03-12 05:20:00+00:00,87.0,87.05000305175781,86.8499984741211,86.94999694824219,122363,0.0,0.0,0.0
2025-03-13 01:00:00+00:00,89.19999694824219,89.4000015258789,89.0,89.05000305175781,0,0.0,0.0,0.0
2025-03-13 01:05:00+00:00,89.0,89.0,88.69999694824219,88.69999694824219,153000,0.0,0.0,0.0
2025-03-13 01:10:00+00:00,88.69999694824219,88.9000015258789,88.55000305175781,88.9000015258789,182980,0.0,0.0,0.0
2025-03-13 01:15:00+00:00,88.8499984741211,88.9000015258789,88.69999694824219,88.75,49580,0.0,0.0,0.0
2025-03-13 01:20:00+00:00,88.75,88.75,88.6500015258789,88.6500015258789,59685,0.0,0.0,0.0
2025-03-13 01:25:00+00:00,88.5999984741211,88.6500015258789,88.5,88.6500015258789,116410,0.0,0.0,0.0
2025-03-13 01:30:00+00:00,88.6500015258789,88.6500015258789,88.25,88.3499984741211,132163,0.0,0.0,0.0
2025-03-13 01:35:00+00:00,88.5,88.55000305175781,88.30000305175781,88.3499984741211,111505,0.0,0.0,0.0
2025-03-13 01:40:00+00:00,88.3499984741211,88.44999694824219,88.3499984741211,88.44999694824219,56134,0.0,0.0,0.0
2025-03-13 01:45:00+00:00,88.5,88.5,88.4000015258789,88.4000015258789,58765,0.0,0.0,0.0
2025-03-13 01:50:00+00:00,88.4000015258789,88.5999984741211,88.3499984741211,88.5999984741211,59912,0.0,0.0,0.0
2025-03-13 01:55:00+00:00,88.5999984741211,88.69999694824219,88.5999984741211,88.6500015258789,20549,0.0,0.0,0.0
2025-03-13 02:00:00+00:00,88.55000305175781,88.5999984741211,88.5,88.5,47748,0.0,0.0,0.0
2025-03-13 02:05:00+00:00,88.44999694824219,88.5,88.4000015258789,88.44999694824219,23461,0.0,0.0,0.0
2025-03-13 02:10:00+00:00,88.44999694824219,88.69999694824219,88.44999694824219,88.69999694824219,20481,0.0,0.0,0.0
2025-03-13 02:15:00+00:00,88.55000305175781,88.55000305175781,88.19999694824219,88.19999694824219,77366,0.0,0.0,0.0
2025-03-13 02:20:00+00:00,88.19999694824219,88.19999694824219,88.0999984741211,88.1500015258789,47598,0.0,0.0,0.0
2025-03-13 02:25:00+00:00,88.1500015258789,88.1500015258789,88.05000305175781,88.05000305175781,30683,0.0,0.0,0.0
2025-03-13 02:30:00+00:00,88.0,88.0,87.80000305175781,87.94999694824219,109338,0.0,0.0,0.0
2025-03-13 02:35:00+00:00,87.94999694824219,88.0,87.9000015258789,88.0,19150,0.0,0.0,0.0
2025-03-13 02:40:00+00:00,87.94999694824219,88.0999984741211,87.9000015258789,87.9000015258789,40730,0.0,0.0,0.0
2025-03-13 02:45:00+00:00,87.8499984741211,87.9000015258789,87.80000305175781,87.8499984741211,30415,0.0,0.0,0.0
2025-03-13 02:50:00+00:00,87.80000305175781,87.80000305175781,87.5999984741211,87.5999984741211,98406,0.0,0.0,0.0
2025-03-13 02:55:00+00:00,87.5999984741211,87.5999984741211,87.30000305175781,87.3499984741211,56099,0.0,0.0,0.0
2025-03-13 03:00:00+00:00,87.3499984741211,87.5,87.25,87.5,106312,0.0,0.0,0.0
2025-03-13 03:05:00+00:00,87.5,87.5,87.1500015258789,87.19999694824219,168491,0.0,0.0,0.0
2025-03-13 03:10:00+00:00,87.0999984741211,87.3499984741211,87.0999984741211,87.19999694824219,32595,0.0,0.0,0.0
2025-03-13 03:15:00+00:00,87.19999694824219,87.19999694824219,86.9000015258789,87.0,92599,0.0,0.0,0.0
2025-03-13 03:20:00+00:00,87.0,87.05000305175781,86.94999694824219,86.94999694824219,26844,0.0,0.0,0.0
2025-03-13 03:25:00+00:00,86.94999694824219,86.94999694824219,86.75,86.9000015258789,107702,0.0,0.0,0.0
2025-03-13 03:30:00+00:00,86.9000015258789,86.9000015258789,86.69999694824219,86.80000305175781,66746,0.0,0.0,0.0
2025-03-13 03:35:00+00:00,86.75,86.75,86.1500015258789,86.44999694824219,202657,0.0,0.0,0.0
2025-03-13 03:40:00+00:00,86.5999984741211,86.5999984741211,86.44999694824219,86.44999694824219,27502,0.0,0.0,0.0
2025-03-13 03:45:00+00:00,86.44999694824219,86.55000305175781,86.3499984741211,86.5,38061,0.0,0.0,0.0
2025-03-13 03:50:00+00:00,86.55000305175781,86.55000305175781,86.4000015258789,86.5,59744,0.0,0.0,0.0
2025-03-13 03:55:00+00:00,86.5,86.5,86.19999694824219,86.4000015258789,148063,0.0,0.0,0.0
2025-03-13 04:00:00+00:00,86.4000015258789,86.6500015258789,86.3499984741211,86.5999984741211,82355,0.0,0.0,0.0
2025-03-13 04:05:00+00:00,86.69999694824219,86.8499984741211,86.69999694824219,86.80000305175781,76411,0.0,0.0,0.0
2025-03-13 04:10:00+00:00,86.80000305175781,86.80000305175781,86.6500015258789,86.69999694824219,182391,0.0,0.0,0.0
2025-03-13 04:15:00+00:00,86.75,86.75,86.6500015258789,86.6500015258789,83118,0.0,0.0,0.0
2025-03-13 04:20:00+00:00,86.6500015258789,86.6500015258789,86.55000305175781,86.55000305175781,31128,0.0,0.0,0.0
2025-03-13 04:25:00+00:00,86.55000305175781,86.55000305175781,86.25,86.30000305175781,78167,0.0,0.0,0.0
2025-03-13 04:30:00+00:00,86.30000305175781,86.30000305175781,86.05000305175781,86.0999984741211,88210,0.0,0.0,0.0
2025-03-13 04:35:00+00:00,86.0999984741211,86.0999984741211,85.75,85.75,140473,0.0,0.0,0.0
2025-03-13 04:40:00+00:00,85.75,85.8499984741211,85.5999984741211,85.8499984741211,109352,0.0,0.0,0.0
2025-03-13 04:45:00+00:00,85.8499984741211,86.0,85.75,85.9000015258789,95314,0.0,0.0,0.0
2025-03-13 04:50:00+00:00,85.94999694824219,85.94999694824219,85.8499984741211,85.8499984741211,59941,0.0,0.0,0.0
2025-03-13 04:55:00+00:00,85.8499984741211,85.8499984741211,85.75,85.80000305175781,87012,0.0,0.0,0.0
2025-03-13 05:00:00+00:00,85.80000305175781,85.94999694824219,85.75,85.75,102248,0.0,0.0,0.0
2025-03-13 05:05:00+00:00,85.75,85.80000305175781,85.55000305175781,85.5999984741211,297743,0.0,0.0,0.0
2025-03-13 05:10:00+00:00,85.55000305175781,85.6500015258789,85.5,85.6500015258789,109297,0.0,0.0,0.0
2025-03-13 05:15:00+00:00,85.6500015258789,85.6500015258789,85.55000305175781,85.6500015258789,110559,0.0,0.0,0.0
2025-03-13 05:20:00+00:00,85.6500015258789,85.69999694824219,85.5999984741211,85.69999694824219,175586,0.0,0.0,0.0
2025-03-14 01:00:00+00:00,85.9000015258789,85.9000015258789,85.3499984741211,85.5,0,0.0,0.0,0.0
2025-03-14 01:05:00+00:00,85.44999694824219,85.55000305175781,84.80000305175781,85.55000305175781,373000,0.0,0.0,0.0
2025-03-14 01:10:00+00:00,85.5999984741211,85.9000015258789,85.44999694824219,85.8499984741211,294326,0.0,0.0,0.0
2025-03-14 01:15:00+00:00,85.8499984741211,86.0,85.75,85.80000305175781,218424,0.0,0.0,0.0
2025-03-14 01:20:00+00:00,85.80000305175781,85.94999694824219,85.5999984741211,85.80000305175781,176883,0.0,0.0,0.0
2025-03-14 01:25:00+00:00,85.80000305175781,85.80000305175781,85.55000305175781,85.6500015258789,72834,0.0,0.0,0.0
2025-03-14 01:30:00+00:00,85.55000305175781,85.5999984741211,85.1500015258789,85.25,81016,0.0,0.0,0.0
2025-03-14 01:35:00+00:00,85.25,85.30000305175781,85.0999984741211,85.25,50283,0.0,0.0,0.0
2025-03-14 01:40:00+00:00,85.30000305175781,85.69999694824219,85.25,85.69999694824219,92974,0.0,0.0,0.0
2025-03-14 01:45:00+00:00,85.6500015258789,85.6500015258789,85.19999694824219,85.19999694824219,43915,0.0,0.0,0.0
2025-03-14 01:50:00+00:00,85.1500015258789,85.4000015258789,85.1500015258789,85.30000305175781,32450,0.0,0.0,0.0
2025-03-14 01:55:00+00:00,85.3499984741211,85.3499984741211,85.0999984741211,85.19999694824219,80441,0.0,0.0,0.0
2025-03-14 02:00:00+00:00,85.19999694824219,85.3499984741211,84.94999694824219,85.05000305175781,227362,0.0,0.0,0.0
2025-03-14 02:05:00+00:00,85.0,85.1500015258789,85.0,85.0,46069,0.0,0.0,0.0
2025-03-14 02:10:00+00:00,84.94999694824219,85.0,84.80000305175781,84.94999694824219,63995,0.0,0.0,0.0
2025-03-14 02:15:00+00:00,85.0,85.1500015258789,84.94999694824219,85.0,66125,0.0,0.0,0.0
2025-03-14 02:20:00+00:00,85.0,85.0,84.8499984741211,85.0,28266,0.0,0.0,0.0
2025-03-14 02:25:00+00:00,85.0,85.3499984741211,85.0,85.3499984741211,73358,0.0,0.0,0.0
2025-03-14 02:30:00+00:00,85.3499984741211,85.4000015258789,85.19999694824219,85.19999694824219,60895,0.0,0.0,0.0
2025-03-14 02:35:00+00:00,85.1500015258789,85.19999694824219,85.1500015258789,85.19999694824219,8250,0.0,0.0,0.0
2025-03-14 02:40:00+00:00,85.19999694824219,85.19999694824219,85.1500015258789,85.1500015258789,10802,0.0,0.0,0.0
2025-03-14 02:45:00+00:00,85.1500015258789,85.4000015258789,85.1500015258789,85.4000015258789,40739,0.0,0.0,0.0
2025-03-14 02:50:00+00:00,85.44999694824219,85.55000305175781,85.44999694824219,85.55000305175781,31929,0.0,0.0,0.0
2025-03-14 02:55:00+00:00,85.55000305175781,85.55000305175781,85.4000015258789,85.44999694824219,68515,0.0,0.0,0.0
2025-03-14 03:00:00+00:00,85.44999694824219,85.75,85.44999694824219,85.75,138931,0.0,0.0,0.0
2025-03-14 03:05:00+00:00,85.75,85.80000305175781,85.5,85.5,27784,0.0,0.0,0.0
2025-03-14 03:10:00+00:00,85.5,85.55000305175781,85.4000015258789,85.5,34708,0.0,0.0,0.0
2025-03-14 03:15:00+00:00,85.5,85.6500015258789,85.5,85.6500015258789,10176,0.0,0.0,0.0
2025-03-14 03:20:00+00:00,85.5999984741211,85.75,85.5999984741211,85.75,417060,0.0,0.0,0.0
2025-03-14 03:25:00+00:00,85.69999694824219,85.69999694824219,85.5999984741211,85.5999984741211,20485,0.0,0.0,0.0
2025-03-14 03:30:00+00:00,85.5999984741211,85.75,85.5999984741211,85.75,112252,0.0,0.0,0.0
2025-03-14 03:35:00+00:00,85.80000305175781,85.94999694824219,85.75,85.94999694824219,50585,0.0,0.0,0.0
2025-03-14 03:40:00+00:00,85.94999694824219,86.0,85.9000015258789,85.9000015258789,45480,0.0,0.0,0.0
2025-03-14 03:45:00+00:00,85.94999694824219,85.94999694824219,85.69999694824219,85.69999694824219,36224,0.0,0.0,0.0
2025-03-14 03:50:00+00:00,85.69999694824219,85.8499984741211,85.6500015258789,85.6500015258789,34615,0.0,0.0,0.0
2025-03-14 03:55:00+00:00,85.69999694824219,85.75,85.6500015258789,85.6500015258789,26310,0.0,0.0,0.0
2025-03-14 04:00:00+00:00,85.6500015258789,85.6500015258789,85.6500015258789,85.6500015258789,2910,0.0,0.0,0.0
2025-03-14 04:05:00+00:00,85.6500015258789,85.6500015258789,85.6500015258789,85.6500015258789,11510,0.0,0.0,0.0
2025-03-14 04:10:00+00:00,85.6500015258789,85.6500015258789,85.5999984741211,85.5999984741211,21691,0.0,0.0,0.0
2025-03-14 04:15:00+00:00,85.5999984741211,85.69999694824219,85.5999984741211,85.69999694824219,12900,0.0,0.0,0.0
2025-03-14 04:20:00+00:00,85.69999694824219,85.75,85.69999694824219,85.75,22769,0.0,0.0,0.0
2025-03-14 04:25:00+00:00,85.75,85.75,85.5999984741211,85.5999984741211,23686,0.0,0.0,0.0
2025-03-14 04:30:00+00:00,85.5999984741211,85.5999984741211,85.5,85.5,43066,0.0,0.0,0.0
2025-03-14 04:35:00+00:00,85.5,85.5,85.5,85.5,7432,0.0,0.0,0.0
2025-03-14 04:40:00+00:00,85.5,85.6500015258789,85.5,85.6500015258789,15497,0.0,0.0,0.0
2025-03-14 04:45:00+00:00,85.6500015258789,85.75,85.5999984741211,85.5999984741211,18477,0.0,0.0,0.0
2025-03-14 04:50:00+00:00,85.6500015258789,85.69999694824219,85.5999984741211,85.69999694824219,7389,0.0,0.0,0.0
2025-03-14 04:55:00+00:00,85.69999694824219,85.8499984741211,85.69999694824219,85.8499984741211,52453,0.0,0.0,0.0
2025-03-14 05:00:00+00:00,85.8499984741211,85.8499984741211,85.8499984741211,85.8499984741211,50869,0.0,0.0,0.0
2025-03-14 05:05:00+00:00,85.9000015258789,85.9000015258789,85.80000305175781,85.8499984741211,29844,0.0,0.0,0.0
2025-03-14 05:10:00+00:00,85.8499984741211,85.8499984741211,85.75,85.75,32943,0.0,0.0,0.0
2025-03-14 05:15:00+00:00,85.75,85.80000305175781,85.75,85.75,41295,0.0,0.0,0.0
2025-03-14 05:20:00+00:00,85.75,85.75,85.55000305175781,85.5999984741211,121349,0.0,0.0,0.0
2025-03-17 01:00:00+00:00,87.0999984741211,87.19999694824219,86.80000305175781,86.80000305175781,0,0.0,0.0,0.0
2025-03-17 01:05:00+00:00,86.75,87.0999984741211,86.6500015258789,86.8499984741211,201000,0.0,0.0,0.0
2025-03-17 01:10:00+00:00,87.0,87.05000305175781,86.80000305175781,86.9000015258789,121038,0.0,0.0,0.0
2025-03-17 01:15:00+00:00,86.9000015258789,87.25,86.8499984741211,87.25,243910,0.0,0.0,0.0
2025-03-17 01:20:00+00:00,87.25,87.30000305175781,87.05000305175781,87.30000305175781,100405,0.0,0.0,0.0
2025-03-17 01:25:00+00:00,87.30000305175781,87.30000305175781,87.05000305175781,87.1500015258789,61270,0.0,0.0,0.0
2025-03-17 01:30:00+00:00,87.05000305175781,87.0999984741211,87.05000305175781,87.05000305175781,33216,0.0,0.0,0.0
2025-03-17 01:35:00+00:00,87.0,87.05000305175781,86.94999694824219,86.94999694824219,59906,0.0,0.0,0.0
2025-03-17 01:40:00+00:00,87.0,87.5999984741211,87.0,87.5999984741211,209797,0.0,0.0,0.0
2025-03-17 01:45:00+00:00,87.6500015258789,87.9000015258789,87.6500015258789,87.8499984741211,150146,0.0,0.0,0.0
2025-03-17 01:50:00+00:00,87.9000015258789,88.05000305175781,87.8499984741211,88.0,153617,0.0,0.0,0.0
2025-03-17 01:55:00+00:00,87.9000015258789,87.9000015258789,87.75,87.75,19922,0.0,0.0,0.0
2025-03-17 02:00:00+00:00,87.80000305175781,87.8499984741211,87.4000015258789,87.4000015258789,146951,0.0,0.0,0.0
2025-03-17 02:05:00+00:00,87.4000015258789,87.4000015258789,87.30000305175781,87.3499984741211,113180,0.0,0.0,0.0
2025-03-17 02:10:00+00:00,87.30000305175781,87.30000305175781,86.94999694824219,86.94999694824219,96048,0.0,0.0,0.0
2025-03-17 02:15:00+00:00,87.0999984741211,87.30000305175781,87.0999984741211,87.1500015258789,23305,0.0,0.0,0.0
2025-03-17 02:20:00+00:00,87.0999984741211,87.0999984741211,86.94999694824219,87.0999984741211,16315,0.0,0.0,0.0
2025-03-17 02:25:00+00:00,87.25,87.44999694824219,87.25,87.44999694824219,41606,0.0,0.0,0.0
2025-03-17 02:30:00+00:00,87.5,87.5999984741211,87.5,87.5999984741211,34689,0.0,0.0,0.0
2025-03-17 02:35:00+00:00,87.5999984741211,87.80000305175781,87.5999984741211,87.80000305175781,50787,0.0,0.0,0.0
2025-03-17 02:40:00+00:00,87.80000305175781,87.80000305175781,87.69999694824219,87.69999694824219,89157,0.0,0.0,0.0
2025-03-17 02:45:00+00:00,87.69999694824219,87.75,87.5,87.5,21177,0.0,0.0,0.0
2025-03-17 02:50:00+00:00,87.5,87.5,87.5,87.5,13138,0.0,0.0,0.0
2025-03-17 02:55:00+00:00,87.6500015258789,87.6500015258789,87.44999694824219,87.44999694824219,30136,0.0,0.0,0.0
2025-03-17 03:00:00+00:00,87.5,87.5,87.4000015258789,87.4000015258789,23233,0.0,0.0,0.0
2025-03-17 03:05:00+00:00,87.3499984741211,87.44999694824219,87.30000305175781,87.30000305175781,7240,0.0,0.0,0.0
2025-03-17 03:10:00+00:00,87.30000305175781,87.30000305175781,87.25,87.25,12943,0.0,0.0,0.0
2025-03-17 03:15:00+00:00,87.25,87.30000305175781,87.19999694824219,87.30000305175781,23810,0.0,0.0,0.0
2025-03-17 03:20:00+00:00,87.30000305175781,87.30000305175781,87.30000305175781,87.30000305175781,2000,0.0,0.0,0.0
2025-03-17 03:25:00+00:00,87.30000305175781,87.30000305175781,87.30000305175781,87.30000305175781,3367,0.0,0.0,0.0
2025-03-17 03:30:00+00:00,87.30000305175781,87.3499984741211,87.25,87.30000305175781,10130,0.0,0.0,0.0
2025-03-17 03:35:00+00:00,87.30000305175781,87.3499984741211,87.30000305175781,87.3499984741211,9754,0.0,0.0,0.0
2025-03-17 03:40:00+00:00,87.3499984741211,87.3499984741211,87.25,87.25,7505,0.0,0.0,0.0
2025-03-17 03:45:00+00:00,87.19999694824219,87.25,87.19999694824219,87.25,3143,0.0,0.0,0.0
2025-03-17 03:50:00+00:00,87.30000305175781,87.30000305175781,87.30000305175781,87.30000305175781,2986,0.0,0.0,0.0
2025-03-17 03:55:00+00:00,87.25,87.25,87.1500015258789,87.1500015258789,22689,0.0,0.0,0.0
2025-03-17 04:00:00+00:00,87.19999694824219,87.4000015258789,87.1500015258789,87.3499984741211,84295,0.0,0.0,0.0
2025-03-17 04:05:00+00:00,87.3499984741211,87.3499984741211,87.1500015258789,87.1500015258789,26455,0.0,0.0,0.0
2025-03-17 04:10:00+00:00,87.0999984741211,87.0999984741211,87.0,87.05000305175781,43026,0.0,0.0,0.0
2025-03-17 04:15:00+00:00,87.1500015258789,87.19999694824219,87.1500015258789,87.19999694824219,8673,0.0,0.0,0.0
2025-03-17 04:20:00+00:00,87.30000305175781,87.4000015258789,87.30000305175781,87.30000305175781,24221,0.0,0.0,0.0
2025-03-17 04:25:00+00:00,87.25,87.25,87.25,87.25,2703,0.0,0.0,0.0
2025-03-17 04:30:00+00:00,87.30000305175781,87.30000305175781,87.25,87.30000305175781,10306,0.0,0.0,0.0
2025-03-17 04:35:00+00:00,87.3499984741211,87.3499984741211,87.3499984741211,87.3499984741211,8111,0.0,0.0,0.0
2025-03-17 04:40:00+00:00,87.3499984741211,87.3499984741211,87.3499984741211,87.3499984741211,2000,0.0,0.0,0.0
2025-03-17 04:45:00+00:00,87.30000305175781,87.30000305175781,87.19999694824219,87.19999694824219,15514,0.0,0.0,0.0
2025-03-17 04:50:00+00:00,87.19999694824219,87.19999694824219,87.1500015258789,87.19999694824219,18540,0.0,0.0,0.0
2025-03-17 04:55:00+00:00,87.1500015258789,87.1500015258789,87.0999984741211,87.0999984741211,28163,0.0,0.0,0.0
2025-03-17 05:00:00+00:00,87.0999984741211,87.0999984741211,87.0,87.0,32525,0.0,0.0,0.0
2025-03-17 05:05:00+00:00,86.94999694824219,86.94999694824219,86.80000305175781,86.80000305175781,71213,0.0,0.0,0.0
2025-03-17 05:10:00+00:00,86.80000305175781,86.80000305175781,86.5999984741211,86.5999984741211,68103,0.0,0.0,0.0
2025-03-17 05:15:00+00:00,86.5999984741211,86.80000305175781,86.5999984741211,86.75,38755,0.0,0.0,0.0
2025-03-17 05:20:00+00:00,86.75,86.75,86.55000305175781,86.69999694824219,54195,0.0,0.0,0.0
2025-03-18 01:00:00+00:00,88.0,88.0999984741211,87.75,88.05000305175781,0,0.0,0.0,0.0
2025-03-18 01:05:00+00:00,88.0999984741211,88.30000305175781,88.05000305175781,88.30000305175781,260071,0.0,0.0,0.0
2025-03-18 01:10:00+00:00,88.3499984741211,88.44999694824219,88.25,88.3499984741211,105559,0.0,0.0,0.0
2025-03-18 01:15:00+00:00,88.3499984741211,88.3499984741211,88.1500015258789,88.19999694824219,76614,0.0,0.0,0.0
2025-03-18 01:20:00+00:00,88.25,88.4000015258789,88.25,88.3499984741211,85157,0.0,0.0,0.0
2025-03-18 01:25:00+00:00,88.3499984741211,88.44999694824219,88.3499984741211,88.4000015258789,45822,0.0,0.0,0.0
2025-03-18 01:30:00+00:00,88.4000015258789,88.4000015258789,88.05000305175781,88.1500015258789,80782,0.0,0.0,0.0
2025-03-18 01:35:00+00:00,88.05000305175781,88.05000305175781,88.0,88.0,30824,0.0,0.0,0.0
2025-03-18 01:40:00+00:00,88.0,88.05000305175781,88.0,88.05000305175781,29877,0.0,0.0,0.0
2025-03-18 01:45:00+00:00,88.05000305175781,88.05000305175781,87.8499984741211,87.9000015258789,98220,0.0,0.0,0.0
2025-03-18 01:50:00+00:00,87.9000015258789,88.0,87.75,87.75,66709,0.0,0.0,0.0
2025-03-18 01:55:00+00:00,87.75,87.75,87.5,87.55000305175781,119078,0.0,0.0,0.0
2025-03-18 02:00:00+00:00,87.55000305175781,87.5999984741211,87.44999694824219,87.5999984741211,49229,0.0,0.0,0.0
2025-03-18 02:05:00+00:00,87.5999984741211,87.80000305175781,87.5999984741211,87.80000305175781,27307,0.0,0.0,0.0
2025-03-18 02:10:00+00:00,87.80000305175781,87.80000305175781,87.5999984741211,87.5999984741211,23127,0.0,0.0,0.0
2025-03-18 02:15:00+00:00,87.6500015258789,87.80000305175781,87.6500015258789,87.75,15193,0.0,0.0,0.0
2025-03-18 02:20:00+00:00,87.6500015258789,87.6500015258789,87.44999694824219,87.44999694824219,45410,0.0,0.0,0.0
2025-03-18 02:25:00+00:00,87.5,87.5,87.30000305175781,87.30000305175781,52224,0.0,0.0,0.0
2025-03-18 02:30:00+00:00,87.3499984741211,87.4000015258789,87.30000305175781,87.4000015258789,34117,0.0,0.0,0.0
2025-03-18 02:35:00+00:00,87.5,87.5,87.5,87.5,5200,0.0,0.0,0.0
2025-03-18 02:40:00+00:00,87.44999694824219,87.44999694824219,87.30000305175781,87.30000305175781,47305,0.0,0.0,0.0
2025-03-18 02:45:00+00:00,87.25,87.25,87.19999694824219,87.25,8644,0.0,0.0,0.0
2025-03-18 02:50:00+00:00,87.25,87.30000305175781,87.19999694824219,87.30000305175781,18156,0.0,0.0,0.0
2025-03-18 02:55:00+00:00,87.30000305175781,87.3499984741211,87.30000305175781,87.30000305175781,5529,0.0,0.0,0.0
2025-03-18 03:00:00+00:00,87.4000015258789,87.5,87.4000015258789,87.44999694824219,20416,0.0,0.0,0.0
2025-03-18 03:05:00+00:00,87.5,87.5,87.3499984741211,87.3499984741211,14450,0.0,0.0,0.0
2025-03-18 03:10:00+00:00,87.4000015258789,87.5,87.4000015258789,87.4000015258789,7058,0.0,0.0,0.0
2025-03-18 03:15:00+00:00,87.4000015258789,87.4000015258789,87.25,87.25,28148,0.0,0.0,0.0
2025-03-18 03:20:00+00:00,87.3499984741211,87.3499984741211,87.30000305175781,87.30000305175781,5120,0.0,0.0,0.0
2025-03-18 03:25:00+00:00,87.30000305175781,87.30000305175781,87.30000305175781,87.30000305175781,1011,0.0,0.0,0.0
2025-03-18 03:30:00+00:00,87.4000015258789,87.5,87.4000015258789,87.5,77493,0.0,0.0,0.0
2025-03-18 03:35:00+00:00,87.5,87.5,87.44999694824219,87.44999694824219,12290,0.0,0.0,0.0
2025-03-18 03:40:00+00:00,87.5,87.55000305175781,87.5,87.5,16009,0.0,0.0,0.0
2025-03-18 03:45:00+00:00,87.5,87.5999984741211,87.5,87.55000305175781,306025,0.0,0.0,0.0
2025-03-18 03:50:00+00:00,87.55000305175781,87.55000305175781,87.55000305175781,87.55000305175781,1073,0.0,0.0,0.0
2025-03-18 03:55:00+00:00,87.55000305175781,87.6500015258789,87.55000305175781,87.6500015258789,7680,0.0,0.0,0.0
2025-03-18 04:00:00+00:00,87.6500015258789,87.69999694824219,87.5999984741211,87.5999984741211,48107,0.0,0.0,0.0
2025-03-18 04:05:00+00:00,87.69999694824219,87.69999694824219,87.6500015258789,87.69999694824219,14391,0.0,0.0,0.0
2025-03-18 04:10:00+00:00,87.69999694824219,87.69999694824219,87.69999694824219,87.69999694824219,3199,0.0,0.0,0.0
2025-03-18 04:15:00+00:00,87.5999984741211,87.6500015258789,87.5999984741211,87.6500015258789,4550,0.0,0.0,0.0
2025-03-18 04:20:00+00:00,87.6500015258789,87.6500015258789,87.5999984741211,87.6500015258789,10833,0.0,0.0,0.0
2025-03-18 04:25:00+00:00,87.6500015258789,87.69999694824219,87.6500015258789,87.69999694824219,9210,0.0,0.0,0.0
2025-03-18 04:30:00+00:00,87.6500015258789,87.6500015258789,87.6500015258789,87.6500015258789,9182,0.0,0.0,0.0
2025-03-18 04:35:00+00:00,87.6500015258789,87.6500015258789,87.5999984741211,87.5999984741211,20412,0.0,0.0,0.0
2025-03-18 04:40:00+00:00,87.5999984741211,87.5999984741211,87.5,87.5,49617,0.0,0.0,0.0
2025-03-18 04:45:00+00:00,87.5,87.5,87.5,87.5,25429,0.0,0.0,0.0
2025-03-18 04:50:00+00:00,87.55000305175781,87.5999984741211,87.55000305175781,87.5999984741211,8550,0.0,0.0,0.0
2025-03-18 04:55:00+00:00,87.5999984741211,87.5999984741211,87.55000305175781,87.5999984741211,55378,0.0,0.0,0.0
2025-03-18 05:00:00+00:00,87.5999984741211,87.69999694824219,87.5999984741211,87.69999694824219,24293,0.0,0.0,0.0
2025-03-18 05:05:00+00:00,87.6500015258789,87.6500015258789,87.5999984741211,87.6500015258789,37168,0.0,0.0,0.0
2025-03-18 05:10:00+00:00,87.6500015258789,87.6500015258789,87.55000305175781,87.55000305175781,29683,0.0,0.0,0.0
2025-03-18 05:15:00+00:00,87.55000305175781,87.55000305175781,87.5,87.5,34206,0.0,0.0,0.0
2025-03-18 05:20:00+00:00,87.5,87.5999984741211,87.44999694824219,87.5,59803,0.0,0.0,0.0
2025-03-19 01:00:00+00:00,87.3499984741211,87.55000305175781,87.3499984741211,87.5,0,0.0,0.0,0.0
2025-03-19 01:05:00+00:00,87.55000305175781,87.6500015258789,87.44999694824219,87.5999984741211,25732,0.0,0.0,0.0
2025-03-19 01:10:00+00:00,87.5999984741211,87.5999984741211,87.0999984741211,87.0999984741211,115603,0.0,0.0,0.0
2025-03-19 01:15:00+00:00,87.1500015258789,87.19999694824219,87.0,87.0,74049,0.0,0.0,0.0
2025-03-19 01:20:00+00:00,87.0,87.4000015258789,87.0,87.4000015258789,36928,0.0,0.0,0.0
2025-03-19 01:25:00+00:00,87.4000015258789,87.5,87.4000015258789,87.4000015258789,34750,0.0,0.0,0.0
2025-03-19 01:30:00+00:00,87.3499984741211,87.3499984741211,87.1500015258789,87.25,69756,0.0,0.0,0.0
2025-03-19 01:35:00+00:00,87.25,87.25,87.0,87.05000305175781,35192,0.0,0.0,0.0
2025-03-19 01:40:00+00:00,87.05000305175781,87.0999984741211,87.0,87.0999984741211,8840,0.0,0.0,0.0
2025-03-19 01:45:00+00:00,87.0999984741211,87.0999984741211,87.05000305175781,87.05000305175781,31659,0.0,0.0,0.0
2025-03-19 01:50:00+00:00,87.0,87.1500015258789,87.0,87.0,22240,0.0,0.0,0.0
2025-03-19 01:55:00+00:00,87.0,87.05000305175781,86.94999694824219,86.94999694824219,39637,0.0,0.0,0.0
2025-03-19 02:00:00+00:00,86.94999694824219,86.94999694824219,86.69999694824219,86.69999694824219,79845,0.0,0.0,0.0
2025-03-19 02:05:00+00:00,86.80000305175781,86.80000305175781,86.6500015258789,86.80000305175781,34240,0.0,0.0,0.0
2025-03-19 02:10:00+00:00,86.69999694824219,86.8499984741211,86.69999694824219,86.69999694824219,47811,0.0,0.0,0.0
2025-03-19 02:15:00+00:00,86.6500015258789,86.75,86.5999984741211,86.6500015258789,117669,0.0,0.0,0.0
2025-03-19 02:20:00+00:00,86.6500015258789,86.6500015258789,86.44999694824219,86.44999694824219,179747,0.0,0.0,0.0
2025-03-19 02:25:00+00:00,86.5,86.55000305175781,86.3499984741211,86.44999694824219,55732,0.0,0.0,0.0
2025-03-19 02:30:00+00:00,86.44999694824219,86.44999694824219,86.25,86.25,171441,0.0,0.0,0.0
2025-03-19 02:35:00+00:00,86.25,86.3499984741211,86.1500015258789,86.30000305175781,60367,0.0,0.0,0.0
2025-03-19 02:40:00+00:00,86.25,86.30000305175781,86.19999694824219,86.25,37703,0.0,0.0,0.0
2025-03-19 02:45:00+00:00,86.25,86.44999694824219,86.19999694824219,86.4000015258789,34649,0.0,0.0,0.0
2025-03-19 02:50:00+00:00,86.4000015258789,86.4000015258789,86.3499984741211,86.4000015258789,19247,0.0,0.0,0.0
2025-03-19 02:55:00+00:00,86.4000015258789,86.4000015258789,86.3499984741211,86.3499984741211,66651,0.0,0.0,0.0
2025-03-19 03:00:00+00:00,86.3499984741211,86.5999984741211,86.3499984741211,86.5999984741211,5836,0.0,0.0,0.0
2025-03-19 03:05:00+00:00,86.5999984741211,86.69999694824219,86.5999984741211,86.5999984741211,43476,0.0,0.0,0.0
2025-03-19 03:10:00+00:00,86.5999984741211,86.5999984741211,86.44999694824219,86.44999694824219,33322,0.0,0.0,0.0
2025-03-19 03:15:00+00:00,86.44999694824219,86.44999694824219,86.4000015258789,86.44999694824219,7416,0.0,0.0,0.0
2025-03-19 03:20:00+00:00,86.4000015258789,86.5,86.4000015258789,86.4000015258789,30813,0.0,0.0,0.0
2025-03-19 03:25:00+00:00,86.4000015258789,86.4000015258789,86.19999694824219,86.19999694824219,98655,0.0,0.0,0.0
2025-03-19 03:30:00+00:00,86.19999694824219,86.30000305175781,86.19999694824219,86.30000305175781,16000,0.0,0.0,0.0
2025-03-19 03:35:00+00:00,86.3499984741211,86.3499984741211,86.1500015258789,86.1500015258789,41266,0.0,0.0,0.0
2025-03-19 03:40:00+00:00,86.30000305175781,86.30000305175781,86.1500015258789,86.1500015258789,22250,0.0,0.0,0.0
2025-03-19 03:45:00+00:00,86.19999694824219,86.30000305175781,86.19999694824219,86.30000305175781,28740,0.0,0.0,0.0
2025-03-19 03:50:00+00:00,86.25,86.3499984741211,86.25,86.3499984741211,12240,0.0,0.0,0.0
2025-03-19 03:55:00+00:00,86.3499984741211,86.4000015258789,86.3499984741211,86.3499984741211,32247,0.0,0.0,0.0
2025-03-19 04:00:00+00:00,86.4000015258789,86.4000015258789,86.30000305175781,86.3499984741211,24862,0.0,0.0,0.0
2025-03-19 04:05:00+00:00,86.25,86.25,86.1500015258789,86.1500015258789,48941,0.0,0.0,0.0
2025-03-19 04:10:00+00:00,86.1500015258789,86.1500015258789,86.0,86.0,149511,0.0,0.0,0.0
2025-03-19 04:15:00+00:00,86.0,86.0,85.9000015258789,85.94999694824219,61937,0.0,0.0,0.0
2025-03-19 04:20:00+00:00,85.94999694824219,86.0,85.9000015258789,85.94999694824219,56988,0.0,0.0,0.0
2025-03-19 04:25:00+00:00,85.94999694824219,85.94999694824219,85.8499984741211,85.9000015258789,36937,0.0,0.0,0.0
2025-03-19 04:30:00+00:00,85.9000015258789,85.9000015258789,85.6500015258789,85.6500015258789,127486,0.0,0.0,0.0
2025-03-19 04:35:00+00:00,85.69999694824219,85.75,85.55000305175781,85.5999984741211,100093,0.0,0.0,0.0
2025-03-19 04:40:00+00:00,85.5999984741211,85.6500015258789,85.55000305175781,85.6500015258789,64349,0.0,0.0,0.0
2025-03-19 04:45:00+00:00,85.5999984741211,85.69999694824219,85.5999984741211,85.69999694824219,47816,0.0,0.0,0.0
2025-03-19 04:50:00+00:00,85.6500015258789,85.69999694824219,85.55000305175781,85.69999694824219,74080,0.0,0.0,0.0
2025-03-19 04:55:00+00:00,85.69999694824219,85.69999694824219,85.55000305175781,85.6500015258789,151984,0.0,0.0,0.0
2025-03-19 05:00:00+00:00,85.6500015258789,85.6500015258789,85.55000305175781,85.55000305175781,105239,0.0,0.0,0.0
2025-03-19 05:05:00+00:00,85.5,85.75,85.5,85.75,81156,0.0,0.0,0.0
2025-03-19 05:10:00+00:00,85.75,85.9000015258789,85.75,85.80000305175781,35845,0.0,0.0,0.0
2025-03-19 05:15:00+00:00,85.80000305175781,85.9000015258789,85.75,85.80000305175781,128940,0.0,0.0,0.0
2025-03-19 05:20:00+00:00,85.75,85.9000015258789,85.69999694824219,85.9000015258789,66389,0.0,0.0,0.0
2025-03-20 01:00:00+00:00,87.4000015258789,87.9000015258789,87.3499984741211,87.9000015258789,0,0.0,0.0,0.0
2025-03-20 01:05:00+00:00,87.80000305175781,88.0,87.75,87.94999694824219,237000,0.0,0.0,0.0
2025-03-20 01:10:00+00:00,87.94999694824219,88.25,87.94999694824219,88.19999694824219,308309,0.0,0.0,0.0
2025-03-20 01:15:00+00:00,88.19999694824219,88.19999694824219,87.94999694824219,88.0,83647,0.0,0.0,0.0
2025-03-20 01:20:00+00:00,87.94999694824219,88.0,87.75,87.75,57276,0.0,0.0,0.0
2025-03-20 01:25:00+00:00,87.80000305175781,87.80000305175781,87.69999694824219,87.80000305175781,79031,0.0,0.0,0.0
2025-03-20 01:30:00+00:00,87.80000305175781,87.9000015258789,87.80000305175781,87.80000305175781,27431,0.0,0.0,0.0
2025-03-20 01:35:00+00:00,87.69999694824219,87.69999694824219,87.5,87.5999984741211,40299,0.0,0.0,0.0
2025-03-20 01:40:00+00:00,87.55000305175781,87.55000305175781,87.30000305175781,87.3499984741211,62706,0.0,0.0,0.0
2025-03-20 01:45:00+00:00,87.3499984741211,87.5999984741211,87.3499984741211,87.5999984741211,40589,0.0,0.0,0.0
2025-03-20 01:50:00+00:00,87.5999984741211,87.69999694824219,87.55000305175781,87.69999694824219,180467,0.0,0.0,0.0
2025-03-20 01:55:00+00:00,87.69999694824219,87.75,87.6500015258789,87.6500015258789,21724,0.0,0.0,0.0
2025-03-20 02:00:00+00:00,87.69999694824219,87.75,87.5999984741211,87.75,40132,0.0,0.0,0.0
2025-03-20 02:05:00+00:00,87.75,87.80000305175781,87.55000305175781,87.55000305175781,19907,0.0,0.0,0.0
2025-03-20 02:10:00+00:00,87.5,87.5999984741211,87.5,87.5999984741211,32815,0.0,0.0,0.0
2025-03-20 02:15:00+00:00,87.5999984741211,87.80000305175781,87.5999984741211,87.80000305175781,75123,0.0,0.0,0.0
2025-03-20 02:20:00+00:00,87.8499984741211,87.8499984741211,87.69999694824219,87.69999694824219,12251,0.0,0.0,0.0
2025-03-20 02:25:00+00:00,87.69999694824219,87.80000305175781,87.69999694824219,87.80000305175781,14330,0.0,0.0,0.0
2025-03-20 02:30:00+00:00,87.80000305175781,87.80000305175781,87.6500015258789,87.6500015258789,13938,0.0,0.0,0.0
2025-03-20 02:35:00+00:00,87.5999984741211,87.5999984741211,87.5,87.5,36068,0.0,0.0,0.0
2025-03-20 02:40:00+00:00,87.5,87.55000305175781,87.5,87.55000305175781,13120,0.0,0.0,0.0
2025-03-20 02:45:00+00:00,87.5999984741211,87.5999984741211,87.5999984741211,87.5999984741211,4526,0.0,0.0,0.0
2025-03-20 02:50:00+00:00,87.6500015258789,87.80000305175781,87.6500015258789,87.80000305175781,24146,0.0,0.0,0.0
2025-03-20 02:55:00+00:00,87.80000305175781,87.80000305175781,87.75,87.80000305175781,12000,0.0,0.0,0.0
2025-03-20 03:00:00+00:00,87.80000305175781,88.0,87.80000305175781,88.0,54788,0.0,0.0,0.0
2025-03-20 03:05:00+00:00,88.0,88.05000305175781,87.94999694824219,88.05000305175781,120090,0.0,0.0,0.0
2025-03-20 03:10:00+00:00,88.0999984741211,88.3499984741211,88.0999984741211,88.25,241058,0.0,0.0,0.0
2025-03-20 03:15:00+00:00,88.25,88.6500015258789,88.25,88.5999984741211,258252,0.0,0.0,0.0
2025-03-20 03:20:00+00:00,88.55000305175781,88.55000305175781,88.4000015258789,88.44999694824219,24242,0.0,0.0,0.0
2025-03-20 03:25:00+00:00,88.44999694824219,88.44999694824219,88.4000015258789,88.44999694824219,12866,0.0,0.0,0.0
2025-03-20 03:30:00+00:00,88.4000015258789,88.5999984741211,88.4000015258789,88.5999984741211,46707,0.0,0.0,0.0
2025-03-20 03:35:00+00:00,88.5999984741211,88.6500015258789,88.5999984741211,88.6500015258789,58304,0.0,0.0,0.0
2025-03-20 03:40:00+00:00,88.5999984741211,88.5999984741211,88.55000305175781,88.5999984741211,32120,0.0,0.0,0.0
2025-03-20 03:45:00+00:00,88.5999984741211,88.6500015258789,88.5999984741211,88.6500015258789,35177,0.0,0.0,0.0
2025-03-20 03:50:00+00:00,88.6500015258789,88.6500015258789,88.5999984741211,88.5999984741211,23557,0.0,0.0,0.0
2025-03-20 03:55:00+00:00,88.5999984741211,88.5999984741211,88.55000305175781,88.5999984741211,19827,0.0,0.0,0.0
2025-03-20 04:00:00+00:00,88.6500015258789,88.6500015258789,88.5999984741211,88.6500015258789,14904,0.0,0.0,0.0
2025-03-20 04:05:00+00:00,88.6500015258789,88.6500015258789,88.55000305175781,88.5999984741211,22305,0.0,0.0,0.0
2025-03-20 04:10:00+00:00,88.5999984741211,88.69999694824219,88.5999984741211,88.5999984741211,43406,0.0,0.0,0.0
2025-03-20 04:15:00+00:00,88.5999984741211,88.5999984741211,88.55000305175781,88.5999984741211,22120,0.0,0.0,0.0
2025-03-20 04:20:00+00:00,88.6500015258789,88.6500015258789,88.6500015258789,88.6500015258789,11757,0.0,0.0,0.0
2025-03-20 04:25:00+00:00,88.6500015258789,88.6500015258789,88.5999984741211,88.5999984741211,16366,0.0,0.0,0.0
2025-03-20 04:30:00+00:00,88.5999984741211,88.5999984741211,88.5,88.5,35880,0.0,0.0,0.0
2025-03-20 04:35:00+00:00,88.5,88.55000305175781,88.44999694824219,88.44999694824219,18306,0.0,0.0,0.0
2025-03-20 04:40:00+00:00,88.44999694824219,88.44999694824219,88.44999694824219,88.44999694824219,10699,0.0,0.0,0.0
2025-03-20 04:45:00+00:00,88.44999694824219,88.5999984741211,88.44999694824219,88.5999984741211,33499,0.0,0.0,0.0
2025-03-20 04:50:00+00:00,88.5999984741211,88.5999984741211,88.55000305175781,88.5999984741211,11115,0.0,0.0,0.0
2025-03-20 04:55:00+00:00,88.5999984741211,88.6500015258789,88.5999984741211,88.5999984741211,16067,0.0,0.0,0.0
2025-03-20 05:00:00+00:00,88.5999984741211,88.5999984741211,88.55000305175781,88.55000305175781,19421,0.0,0.0,0.0
2025-03-20 05:05:00+00:00,88.5999984741211,88.80000305175781,88.55000305175781,88.75,161605,0.0,0.0,0.0
2025-03-20 05:10:00+00:00,88.75,88.75,88.6500015258789,88.69999694824219,48272,0.0,0.0,0.0
2025-03-20 05:15:00+00:00,88.69999694824219,88.69999694824219,88.5999984741211,88.5999984741211,37819,0.0,0.0,0.0
2025-03-20 05:20:00+00:00,88.5999984741211,88.69999694824219,88.5999984741211,88.69999694824219,56641,0.0,0.0,0.0
