Datetime,Open,High,Low,Close,Volume,Dividends,Stock Splits
2024-04-01 01:00:00+00:00,41.54999923706055,41.599998474121094,41.5,41.5,0,0.0,0.0
2024-04-01 01:05:00+00:00,41.45000076293945,41.5,41.45000076293945,41.5,7095,0.0,0.0
2024-04-01 01:10:00+00:00,41.5,41.5,41.5,41.5,3000,0.0,0.0
2024-04-01 01:15:00+00:00,41.5,41.54999923706055,41.5,41.5,10021,0.0,0.0
2024-04-01 01:25:00+00:00,41.5,41.5,41.5,41.5,1000,0.0,0.0
2024-04-01 01:30:00+00:00,41.5,41.5,41.45000076293945,41.45000076293945,2001,0.0,0.0
2024-04-01 01:35:00+00:00,41.5,41.5,41.5,41.5,3000,0.0,0.0
2024-04-01 01:40:00+00:00,41.45000076293945,41.5,41.45000076293945,41.45000076293945,14050,0.0,0.0
2024-04-01 01:45:00+00:00,41.349998474121094,41.349998474121094,41.349998474121094,41.349998474121094,1020,0.0,0.0
2024-04-01 01:50:00+00:00,41.25,41.29999923706055,41.25,41.29999923706055,3001,0.0,0.0
2024-04-01 01:55:00+00:00,41.29999923706055,41.29999923706055,41.29999923706055,41.29999923706055,3120,0.0,0.0
2024-04-01 02:00:00+00:00,41.29999923706055,41.29999923706055,41.29999923706055,41.29999923706055,3100,0.0,0.0
2024-04-01 02:05:00+00:00,41.29999923706055,41.29999923706055,41.29999923706055,41.29999923706055,2080,0.0,0.0
2024-04-01 02:25:00+00:00,41.29999923706055,41.29999923706055,41.29999923706055,41.29999923706055,2019,0.0,0.0
2024-04-01 02:30:00+00:00,41.349998474121094,41.349998474121094,41.349998474121094,41.349998474121094,1201,0.0,0.0
2024-04-01 02:45:00+00:00,41.349998474121094,41.349998474121094,41.349998474121094,41.349998474121094,3056,0.0,0.0
2024-04-01 02:50:00+00:00,41.349998474121094,41.400001525878906,41.349998474121094,41.400001525878906,2000,0.0,0.0
2024-04-01 02:55:00+00:00,41.349998474121094,41.349998474121094,41.349998474121094,41.349998474121094,2000,0.0,0.0
2024-04-01 03:00:00+00:00,41.400001525878906,41.400001525878906,41.400001525878906,41.400001525878906,5126,0.0,0.0
2024-04-01 03:15:00+00:00,41.400001525878906,41.400001525878906,41.400001525878906,41.400001525878906,6220,0.0,0.0
2024-04-01 03:35:00+00:00,41.400001525878906,41.400001525878906,41.400001525878906,41.400001525878906,1000,0.0,0.0
2024-04-01 03:45:00+00:00,41.400001525878906,41.400001525878906,41.400001525878906,41.400001525878906,1040,0.0,0.0
2024-04-01 04:20:00+00:00,41.45000076293945,41.45000076293945,41.45000076293945,41.45000076293945,7000,0.0,0.0
2024-04-01 04:25:00+00:00,41.5,41.54999923706055,41.5,41.54999923706055,6604,0.0,0.0
2024-04-01 04:40:00+00:00,41.5,41.5,41.400001525878906,41.400001525878906,5111,0.0,0.0
2024-04-01 04:55:00+00:00,41.45000076293945,41.45000076293945,41.45000076293945,41.45000076293945,1050,0.0,0.0
2024-04-01 05:00:00+00:00,41.45000076293945,41.45000076293945,41.45000076293945,41.45000076293945,1000,0.0,0.0
2024-04-01 05:05:00+00:00,41.45000076293945,41.45000076293945,41.45000076293945,41.45000076293945,2100,0.0,0.0
2024-04-01 05:15:00+00:00,41.45000076293945,41.45000076293945,41.45000076293945,41.45000076293945,1000,0.0,0.0
2024-04-01 05:20:00+00:00,41.400001525878906,41.400001525878906,41.400001525878906,41.400001525878906,1005,0.0,0.0
2024-04-02 01:00:00+00:00,41.70000076293945,41.70000076293945,41.400001525878906,41.400001525878906,0,0.0,0.0
2024-04-02 01:05:00+00:00,41.45000076293945,41.45000076293945,41.45000076293945,41.45000076293945,1000,0.0,0.0
2024-04-02 01:10:00+00:00,41.45000076293945,41.45000076293945,41.45000076293945,41.45000076293945,53229,0.0,0.0
2024-04-02 01:15:00+00:00,41.45000076293945,41.45000076293945,41.45000076293945,41.45000076293945,2000,0.0,0.0
2024-04-02 01:20:00+00:00,41.45000076293945,41.45000076293945,41.45000076293945,41.45000076293945,4000,0.0,0.0
2024-04-02 01:25:00+00:00,41.599998474121094,41.599998474121094,41.599998474121094,41.599998474121094,2125,0.0,0.0
2024-04-02 01:30:00+00:00,41.45000076293945,41.650001525878906,41.45000076293945,41.45000076293945,11072,0.0,0.0
2024-04-02 01:35:00+00:00,41.45000076293945,41.45000076293945,41.400001525878906,41.400001525878906,10100,0.0,0.0
2024-04-02 01:40:00+00:00,41.400001525878906,41.400001525878906,41.400001525878906,41.400001525878906,12540,0.0,0.0
2024-04-02 01:55:00+00:00,41.54999923706055,41.54999923706055,41.54999923706055,41.54999923706055,1073,0.0,0.0
2024-04-02 02:15:00+00:00,41.599998474121094,41.599998474121094,41.54999923706055,41.54999923706055,2100,0.0,0.0
2024-04-02 02:20:00+00:00,41.5,41.5,41.5,41.5,1100,0.0,0.0
2024-04-02 02:30:00+00:00,41.5,41.5,41.5,41.5,1580,0.0,0.0
2024-04-02 02:50:00+00:00,41.5,41.5,41.5,41.5,1100,0.0,0.0
2024-04-02 03:00:00+00:00,41.5,41.5,41.5,41.5,1010,0.0,0.0
2024-04-02 03:15:00+00:00,41.54999923706055,41.54999923706055,41.54999923706055,41.54999923706055,1377,0.0,0.0
2024-04-02 03:35:00+00:00,41.54999923706055,41.54999923706055,41.54999923706055,41.54999923706055,2059,0.0,0.0
2024-04-02 03:50:00+00:00,41.54999923706055,41.54999923706055,41.54999923706055,41.54999923706055,1000,0.0,0.0
2024-04-02 03:55:00+00:00,41.5,41.5,41.5,41.5,1000,0.0,0.0
2024-04-02 04:00:00+00:00,41.54999923706055,41.54999923706055,41.54999923706055,41.54999923706055,2000,0.0,0.0
2024-04-02 04:05:00+00:00,41.599998474121094,41.599998474121094,41.599998474121094,41.599998474121094,2000,0.0,0.0
2024-04-02 04:15:00+00:00,41.599998474121094,41.599998474121094,41.599998474121094,41.599998474121094,1318,0.0,0.0
2024-04-02 04:20:00+00:00,41.599998474121094,41.599998474121094,41.599998474121094,41.599998474121094,3000,0.0,0.0
2024-04-02 04:25:00+00:00,41.5,41.5,41.5,41.5,2000,0.0,0.0
2024-04-02 04:30:00+00:00,41.5,41.599998474121094,41.5,41.599998474121094,8300,0.0,0.0
2024-04-02 04:35:00+00:00,41.650001525878906,41.650001525878906,41.650001525878906,41.650001525878906,6015,0.0,0.0
2024-04-02 04:40:00+00:00,41.650001525878906,41.650001525878906,41.650001525878906,41.650001525878906,2177,0.0,0.0
2024-04-02 04:55:00+00:00,41.650001525878906,41.650001525878906,41.650001525878906,41.650001525878906,5000,0.0,0.0
2024-04-02 05:00:00+00:00,41.650001525878906,41.650001525878906,41.650001525878906,41.650001525878906,3000,0.0,0.0
2024-04-02 05:10:00+00:00,41.70000076293945,41.70000076293945,41.70000076293945,41.70000076293945,1050,0.0,0.0
2024-04-02 05:15:00+00:00,41.650001525878906,41.70000076293945,41.650001525878906,41.70000076293945,4200,0.0,0.0
2024-04-02 05:20:00+00:00,41.70000076293945,41.70000076293945,41.70000076293945,41.70000076293945,10141,0.0,0.0
2024-04-03 01:00:00+00:00,41.599998474121094,41.599998474121094,41.400001525878906,41.400001525878906,0,0.0,0.0
2024-04-03 01:05:00+00:00,41.349998474121094,41.349998474121094,41.29999923706055,41.349998474121094,6335,0.0,0.0
2024-04-03 01:15:00+00:00,41.349998474121094,41.349998474121094,41.349998474121094,41.349998474121094,3000,0.0,0.0
2024-04-03 01:30:00+00:00,41.349998474121094,41.349998474121094,41.349998474121094,41.349998474121094,3000,0.0,0.0
2024-04-03 01:35:00+00:00,41.349998474121094,41.349998474121094,41.349998474121094,41.349998474121094,1000,0.0,0.0
2024-04-03 01:50:00+00:00,41.349998474121094,41.349998474121094,41.349998474121094,41.349998474121094,1173,0.0,0.0
2024-04-03 01:55:00+00:00,41.400001525878906,41.400001525878906,41.400001525878906,41.400001525878906,2000,0.0,0.0
2024-04-03 02:00:00+00:00,41.400001525878906,41.400001525878906,41.400001525878906,41.400001525878906,1300,0.0,0.0
2024-04-03 02:05:00+00:00,41.400001525878906,41.400001525878906,41.400001525878906,41.400001525878906,10699,0.0,0.0
2024-04-03 02:15:00+00:00,41.400001525878906,41.400001525878906,41.400001525878906,41.400001525878906,1000,0.0,0.0
2024-04-03 02:40:00+00:00,41.5,41.5,41.5,41.5,5050,0.0,0.0
2024-04-03 02:50:00+00:00,41.5,41.5,41.5,41.5,1229,0.0,0.0
2024-04-03 03:00:00+00:00,41.5,41.5,41.5,41.5,2199,0.0,0.0
2024-04-03 03:20:00+00:00,41.5,41.5,41.5,41.5,1000,0.0,0.0
2024-04-03 03:30:00+00:00,41.599998474121094,41.599998474121094,41.599998474121094,41.599998474121094,0,0.0,0.0
2024-04-03 03:35:00+00:00,41.599998474121094,41.599998474121094,41.599998474121094,41.599998474121094,63985,0.0,0.0
2024-04-03 03:40:00+00:00,41.599998474121094,41.599998474121094,41.599998474121094,41.599998474121094,1000,0.0,0.0
2024-04-03 03:45:00+00:00,41.54999923706055,41.54999923706055,41.54999923706055,41.54999923706055,1394,0.0,0.0
2024-04-03 04:00:00+00:00,41.650001525878906,41.650001525878906,41.650001525878906,41.650001525878906,2000,0.0,0.0
2024-04-03 04:05:00+00:00,41.650001525878906,41.650001525878906,41.650001525878906,41.650001525878906,1000,0.0,0.0
2024-04-03 04:10:00+00:00,41.650001525878906,41.650001525878906,41.650001525878906,41.650001525878906,1000,0.0,0.0
2024-04-03 04:15:00+00:00,41.650001525878906,41.650001525878906,41.650001525878906,41.650001525878906,1150,0.0,0.0
2024-04-03 04:30:00+00:00,41.650001525878906,41.650001525878906,41.650001525878906,41.650001525878906,4001,0.0,0.0
2024-04-03 04:35:00+00:00,41.650001525878906,41.650001525878906,41.650001525878906,41.650001525878906,1000,0.0,0.0
2024-04-03 04:40:00+00:00,41.70000076293945,41.70000076293945,41.70000076293945,41.70000076293945,1702,0.0,0.0
2024-04-03 04:55:00+00:00,41.70000076293945,41.70000076293945,41.70000076293945,41.70000076293945,2001,0.0,0.0
2024-04-03 05:00:00+00:00,41.650001525878906,41.650001525878906,41.650001525878906,41.650001525878906,7000,0.0,0.0
2024-04-03 05:05:00+00:00,41.650001525878906,41.650001525878906,41.650001525878906,41.650001525878906,3000,0.0,0.0
2024-04-03 05:10:00+00:00,41.70000076293945,41.70000076293945,41.70000076293945,41.70000076293945,2000,0.0,0.0
2024-04-03 05:15:00+00:00,41.70000076293945,41.849998474121094,41.70000076293945,41.79999923706055,13486,0.0,0.0
2024-04-03 05:20:00+00:00,41.70000076293945,41.70000076293945,41.70000076293945,41.70000076293945,1000,0.0,0.0
2024-04-08 01:00:00+00:00,41.900001525878906,42.0,41.900001525878906,42.0,0,0.0,0.0
2024-04-08 01:05:00+00:00,42.0,42.0,42.0,42.0,2000,0.0,0.0
2024-04-08 01:10:00+00:00,41.95000076293945,41.95000076293945,41.900001525878906,41.900001525878906,11660,0.0,0.0
2024-04-08 01:15:00+00:00,41.900001525878906,41.900001525878906,41.900001525878906,41.900001525878906,1502,0.0,0.0
2024-04-08 01:20:00+00:00,41.900001525878906,41.95000076293945,41.900001525878906,41.95000076293945,2470,0.0,0.0
2024-04-08 01:25:00+00:00,41.95000076293945,41.95000076293945,41.95000076293945,41.95000076293945,4100,0.0,0.0
2024-04-08 01:30:00+00:00,41.95000076293945,41.95000076293945,41.900001525878906,41.95000076293945,18000,0.0,0.0
2024-04-08 01:35:00+00:00,41.95000076293945,41.95000076293945,41.95000076293945,41.95000076293945,2100,0.0,0.0
2024-04-08 01:40:00+00:00,42.0,42.04999923706055,42.0,42.0,33223,0.0,0.0
2024-04-08 01:45:00+00:00,42.04999923706055,42.04999923706055,42.0,42.0,3101,0.0,0.0
2024-04-08 01:50:00+00:00,42.0,42.099998474121094,42.0,42.099998474121094,5260,0.0,0.0
2024-04-08 01:55:00+00:00,42.099998474121094,42.099998474121094,42.099998474121094,42.099998474121094,2050,0.0,0.0
2024-04-08 02:00:00+00:00,42.099998474121094,42.099998474121094,42.099998474121094,42.099998474121094,1214,0.0,0.0
2024-04-08 02:05:00+00:00,42.099998474121094,42.099998474121094,42.099998474121094,42.099998474121094,1000,0.0,0.0
2024-04-08 02:10:00+00:00,42.04999923706055,42.04999923706055,42.04999923706055,42.04999923706055,2200,0.0,0.0
2024-04-08 02:15:00+00:00,42.0,42.0,42.0,42.0,1100,0.0,0.0
2024-04-08 02:20:00+00:00,42.0,42.0,42.0,42.0,1000,0.0,0.0
2024-04-08 02:25:00+00:00,42.0,42.0,42.0,42.0,3000,0.0,0.0
2024-04-08 02:45:00+00:00,42.04999923706055,42.04999923706055,42.04999923706055,42.04999923706055,6233,0.0,0.0
2024-04-08 02:50:00+00:00,42.04999923706055,42.099998474121094,42.04999923706055,42.099998474121094,6000,0.0,0.0
2024-04-08 03:00:00+00:00,42.099998474121094,42.150001525878906,42.04999923706055,42.099998474121094,16120,0.0,0.0
2024-04-08 03:10:00+00:00,42.099998474121094,42.099998474121094,42.099998474121094,42.099998474121094,1100,0.0,0.0
2024-04-08 03:20:00+00:00,42.04999923706055,42.04999923706055,42.04999923706055,42.04999923706055,5076,0.0,0.0
2024-04-08 03:35:00+00:00,42.099998474121094,42.099998474121094,42.099998474121094,42.099998474121094,3000,0.0,0.0
2024-04-08 03:40:00+00:00,42.099998474121094,42.099998474121094,42.099998474121094,42.099998474121094,1000,0.0,0.0
2024-04-08 03:45:00+00:00,42.099998474121094,42.099998474121094,42.099998474121094,42.099998474121094,2005,0.0,0.0
2024-04-08 03:50:00+00:00,42.099998474121094,42.099998474121094,42.099998474121094,42.099998474121094,1214,0.0,0.0
2024-04-08 04:10:00+00:00,42.099998474121094,42.099998474121094,42.099998474121094,42.099998474121094,4049,0.0,0.0
2024-04-08 04:15:00+00:00,42.150001525878906,42.150001525878906,42.099998474121094,42.099998474121094,7013,0.0,0.0
2024-04-08 04:25:00+00:00,42.099998474121094,42.099998474121094,42.099998474121094,42.099998474121094,1003,0.0,0.0
2024-04-08 04:30:00+00:00,42.099998474121094,42.099998474121094,42.04999923706055,42.04999923706055,7001,0.0,0.0
2024-04-08 04:35:00+00:00,42.099998474121094,42.099998474121094,42.099998474121094,42.099998474121094,4086,0.0,0.0
2024-04-08 04:50:00+00:00,42.099998474121094,42.099998474121094,42.099998474121094,42.099998474121094,1057,0.0,0.0
2024-04-08 05:00:00+00:00,42.099998474121094,42.099998474121094,42.099998474121094,42.099998474121094,1000,0.0,0.0
2024-04-08 05:05:00+00:00,42.099998474121094,42.099998474121094,42.0,42.099998474121094,17050,0.0,0.0
2024-04-08 05:10:00+00:00,42.099998474121094,42.099998474121094,42.099998474121094,42.099998474121094,1352,0.0,0.0
2024-04-08 05:15:00+00:00,42.04999923706055,42.099998474121094,42.04999923706055,42.099998474121094,4264,0.0,0.0
2024-04-08 05:20:00+00:00,42.04999923706055,42.04999923706055,42.0,42.0,21000,0.0,0.0
2024-04-09 01:00:00+00:00,42.04999923706055,42.099998474121094,42.04999923706055,42.099998474121094,0,0.0,0.0
2024-04-09 01:05:00+00:00,42.099998474121094,42.099998474121094,42.04999923706055,42.04999923706055,5005,0.0,0.0
2024-04-09 01:15:00+00:00,42.099998474121094,42.099998474121094,42.099998474121094,42.099998474121094,2000,0.0,0.0
2024-04-09 01:20:00+00:00,42.099998474121094,42.099998474121094,42.04999923706055,42.04999923706055,8000,0.0,0.0
2024-04-09 01:25:00+00:00,42.099998474121094,42.099998474121094,42.099998474121094,42.099998474121094,1000,0.0,0.0
2024-04-09 01:30:00+00:00,42.099998474121094,42.099998474121094,42.04999923706055,42.04999923706055,3000,0.0,0.0
2024-04-09 01:35:00+00:00,42.04999923706055,42.04999923706055,42.04999923706055,42.04999923706055,5000,0.0,0.0
2024-04-09 01:40:00+00:00,42.0,42.0,42.0,42.0,13250,0.0,0.0
2024-04-09 01:45:00+00:00,42.0,42.0,42.0,42.0,1001,0.0,0.0
2024-04-09 01:50:00+00:00,42.0,42.0,41.900001525878906,41.900001525878906,10100,0.0,0.0
2024-04-09 01:55:00+00:00,41.900001525878906,41.900001525878906,41.79999923706055,41.79999923706055,13108,0.0,0.0
2024-04-09 02:00:00+00:00,41.79999923706055,42.0,41.79999923706055,42.0,8000,0.0,0.0
2024-04-09 02:05:00+00:00,42.0,42.0,42.0,42.0,1242,0.0,0.0
2024-04-09 02:20:00+00:00,42.0,42.0,42.0,42.0,12000,0.0,0.0
2024-04-09 02:25:00+00:00,42.0,42.0,42.0,42.0,5000,0.0,0.0
2024-04-09 02:30:00+00:00,42.0,42.0,42.0,42.0,1000,0.0,0.0
2024-04-09 02:35:00+00:00,42.0,42.0,42.0,42.0,1390,0.0,0.0
2024-04-09 02:50:00+00:00,42.0,42.0,41.900001525878906,41.900001525878906,20000,0.0,0.0
2024-04-09 02:55:00+00:00,41.900001525878906,41.900001525878906,41.849998474121094,41.849998474121094,5000,0.0,0.0
2024-04-09 03:05:00+00:00,41.900001525878906,41.900001525878906,41.900001525878906,41.900001525878906,4000,0.0,0.0
2024-04-09 03:10:00+00:00,41.900001525878906,41.900001525878906,41.900001525878906,41.900001525878906,1000,0.0,0.0
2024-04-09 03:15:00+00:00,41.900001525878906,41.900001525878906,41.900001525878906,41.900001525878906,1100,0.0,0.0
2024-04-09 03:20:00+00:00,41.95000076293945,41.95000076293945,41.95000076293945,41.95000076293945,4000,0.0,0.0
2024-04-09 03:30:00+00:00,41.95000076293945,41.95000076293945,41.95000076293945,41.95000076293945,1000,0.0,0.0
2024-04-09 03:35:00+00:00,41.95000076293945,41.95000076293945,41.95000076293945,41.95000076293945,2110,0.0,0.0
2024-04-09 03:40:00+00:00,42.0,42.0,42.0,42.0,2000,0.0,0.0
2024-04-09 03:45:00+00:00,42.0,42.0,42.0,42.0,1100,0.0,0.0
2024-04-09 03:55:00+00:00,42.0,42.0,42.0,42.0,2031,0.0,0.0
2024-04-09 04:05:00+00:00,42.0,42.0,42.0,42.0,1000,0.0,0.0
2024-04-09 04:10:00+00:00,42.0,42.0,42.0,42.0,1000,0.0,0.0
2024-04-09 04:15:00+00:00,41.95000076293945,41.95000076293945,41.900001525878906,41.900001525878906,45000,0.0,0.0
2024-04-09 04:25:00+00:00,41.95000076293945,41.95000076293945,41.95000076293945,41.95000076293945,1104,0.0,0.0
2024-04-09 04:40:00+00:00,42.0,42.0,42.0,42.0,1254,0.0,0.0
2024-04-09 04:45:00+00:00,42.0,42.04999923706055,42.0,42.04999923706055,7017,0.0,0.0
2024-04-09 05:00:00+00:00,42.04999923706055,42.04999923706055,42.04999923706055,42.04999923706055,3000,0.0,0.0
2024-04-09 05:05:00+00:00,42.04999923706055,42.04999923706055,42.04999923706055,42.04999923706055,4002,0.0,0.0
2024-04-09 05:10:00+00:00,42.099998474121094,42.099998474121094,42.04999923706055,42.04999923706055,3247,0.0,0.0
2024-04-09 05:15:00+00:00,42.04999923706055,42.099998474121094,42.04999923706055,42.099998474121094,6000,0.0,0.0
2024-04-09 05:20:00+00:00,42.099998474121094,42.099998474121094,42.099998474121094,42.099998474121094,1000,0.0,0.0
2024-04-10 01:00:00+00:00,42.0,42.0,41.849998474121094,41.849998474121094,10280,0.0,0.0
2024-04-10 01:10:00+00:00,41.900001525878906,41.900001525878906,41.900001525878906,41.900001525878906,1078,0.0,0.0
2024-04-10 01:15:00+00:00,42.099998474121094,42.099998474121094,42.099998474121094,42.099998474121094,1110,0.0,0.0
2024-04-10 01:30:00+00:00,42.099998474121094,42.150001525878906,42.099998474121094,42.150001525878906,4180,0.0,0.0
2024-04-10 01:40:00+00:00,42.04999923706055,42.04999923706055,42.04999923706055,42.04999923706055,2422,0.0,0.0
2024-04-10 01:50:00+00:00,42.04999923706055,42.04999923706055,42.04999923706055,42.04999923706055,12040,0.0,0.0
2024-04-10 01:55:00+00:00,42.04999923706055,42.04999923706055,42.04999923706055,42.04999923706055,3000,0.0,0.0
2024-04-10 02:00:00+00:00,42.04999923706055,42.04999923706055,42.04999923706055,42.04999923706055,5000,0.0,0.0
2024-04-10 02:10:00+00:00,42.0,42.0,42.0,42.0,13101,0.0,0.0
2024-04-10 02:15:00+00:00,42.0,42.0,42.0,42.0,3101,0.0,0.0
2024-04-10 02:25:00+00:00,42.0,42.0,42.0,42.0,10021,0.0,0.0
2024-04-10 02:40:00+00:00,41.95000076293945,41.95000076293945,41.95000076293945,41.95000076293945,4020,0.0,0.0
2024-04-10 02:50:00+00:00,41.95000076293945,41.95000076293945,41.95000076293945,41.95000076293945,2000,0.0,0.0
2024-04-10 03:00:00+00:00,41.95000076293945,41.95000076293945,41.95000076293945,41.95000076293945,2000,0.0,0.0
2024-04-10 03:05:00+00:00,41.95000076293945,41.95000076293945,41.95000076293945,41.95000076293945,9000,0.0,0.0
2024-04-10 03:10:00+00:00,41.900001525878906,41.95000076293945,41.900001525878906,41.95000076293945,3069,0.0,0.0
2024-04-10 03:20:00+00:00,41.95000076293945,41.95000076293945,41.95000076293945,41.95000076293945,1076,0.0,0.0
2024-04-10 03:35:00+00:00,41.95000076293945,41.95000076293945,41.95000076293945,41.95000076293945,2002,0.0,0.0
2024-04-10 03:40:00+00:00,42.0,42.0,42.0,42.0,2001,0.0,0.0
2024-04-10 03:45:00+00:00,42.0,42.0,41.95000076293945,41.95000076293945,14112,0.0,0.0
2024-04-10 03:50:00+00:00,41.900001525878906,41.95000076293945,41.900001525878906,41.95000076293945,12492,0.0,0.0
2024-04-10 04:25:00+00:00,41.95000076293945,41.95000076293945,41.95000076293945,41.95000076293945,1000,0.0,0.0
2024-04-10 04:30:00+00:00,41.900001525878906,41.900001525878906,41.900001525878906,41.900001525878906,42200,0.0,0.0
2024-04-10 04:35:00+00:00,41.849998474121094,41.900001525878906,41.849998474121094,41.900001525878906,4000,0.0,0.0
2024-04-10 04:40:00+00:00,41.900001525878906,41.900001525878906,41.900001525878906,41.900001525878906,1250,0.0,0.0
2024-04-10 04:50:00+00:00,41.849998474121094,41.849998474121094,41.849998474121094,41.849998474121094,2759,0.0,0.0
2024-04-10 04:55:00+00:00,41.849998474121094,41.849998474121094,41.849998474121094,41.849998474121094,2000,0.0,0.0
2024-04-10 05:00:00+00:00,41.900001525878906,41.900001525878906,41.900001525878906,41.900001525878906,3700,0.0,0.0
2024-04-10 05:10:00+00:00,41.900001525878906,41.900001525878906,41.900001525878906,41.900001525878906,10000,0.0,0.0
2024-04-10 05:20:00+00:00,41.95000076293945,42.0,41.900001525878906,42.0,7000,0.0,0.0
2024-04-11 01:00:00+00:00,41.79999923706055,41.79999923706055,41.400001525878906,41.400001525878906,25000,0.0,0.0
2024-04-11 01:05:00+00:00,41.400001525878906,41.5,41.20000076293945,41.5,22644,0.0,0.0
2024-04-11 01:10:00+00:00,41.45000076293945,41.5,41.45000076293945,41.5,9200,0.0,0.0
2024-04-11 01:20:00+00:00,41.5,41.5,41.5,41.5,2100,0.0,0.0
2024-04-11 01:30:00+00:00,41.54999923706055,41.54999923706055,41.54999923706055,41.54999923706055,2000,0.0,0.0
2024-04-11 01:40:00+00:00,41.599998474121094,41.599998474121094,41.54999923706055,41.54999923706055,15700,0.0,0.0
2024-04-11 01:50:00+00:00,41.599998474121094,41.599998474121094,41.599998474121094,41.599998474121094,3000,0.0,0.0
2024-04-11 01:55:00+00:00,41.599998474121094,41.599998474121094,41.599998474121094,41.599998474121094,1000,0.0,0.0
2024-04-11 02:00:00+00:00,41.70000076293945,41.70000076293945,41.70000076293945,41.70000076293945,2101,0.0,0.0
2024-04-11 02:10:00+00:00,41.70000076293945,41.70000076293945,41.70000076293945,41.70000076293945,7000,0.0,0.0
2024-04-11 02:15:00+00:00,41.70000076293945,41.70000076293945,41.70000076293945,41.70000076293945,3050,0.0,0.0
2024-04-11 02:25:00+00:00,41.70000076293945,41.70000076293945,41.70000076293945,41.70000076293945,3002,0.0,0.0
2024-04-11 02:30:00+00:00,41.70000076293945,41.70000076293945,41.70000076293945,41.70000076293945,0,0.0,0.0
2024-04-11 02:35:00+00:00,41.75,41.79999923706055,41.75,41.75,102800,0.0,0.0
2024-04-11 02:45:00+00:00,41.75,41.79999923706055,41.75,41.79999923706055,4000,0.0,0.0
2024-04-11 02:50:00+00:00,41.75,41.75,41.75,41.75,1020,0.0,0.0
2024-04-11 03:05:00+00:00,41.70000076293945,41.70000076293945,41.70000076293945,41.70000076293945,15000,0.0,0.0
2024-04-11 03:15:00+00:00,41.650001525878906,41.650001525878906,41.650001525878906,41.650001525878906,3000,0.0,0.0
2024-04-11 03:20:00+00:00,41.650001525878906,41.650001525878906,41.650001525878906,41.650001525878906,3050,0.0,0.0
2024-04-11 03:25:00+00:00,41.650001525878906,41.650001525878906,41.650001525878906,41.650001525878906,1000,0.0,0.0
2024-04-11 03:30:00+00:00,41.650001525878906,41.650001525878906,41.650001525878906,41.650001525878906,1000,0.0,0.0
2024-04-11 03:40:00+00:00,41.599998474121094,41.599998474121094,41.599998474121094,41.599998474121094,14227,0.0,0.0
2024-04-11 03:45:00+00:00,41.599998474121094,41.650001525878906,41.599998474121094,41.650001525878906,13158,0.0,0.0
2024-04-11 03:55:00+00:00,41.650001525878906,41.650001525878906,41.650001525878906,41.650001525878906,1000,0.0,0.0
2024-04-11 04:00:00+00:00,41.650001525878906,41.650001525878906,41.650001525878906,41.650001525878906,2000,0.0,0.0
2024-04-11 04:05:00+00:00,41.599998474121094,41.599998474121094,41.599998474121094,41.599998474121094,6020,0.0,0.0
2024-04-11 04:10:00+00:00,41.599998474121094,41.599998474121094,41.599998474121094,41.599998474121094,5000,0.0,0.0
2024-04-11 04:15:00+00:00,41.599998474121094,41.599998474121094,41.599998474121094,41.599998474121094,4120,0.0,0.0
2024-04-11 04:20:00+00:00,41.599998474121094,41.599998474121094,41.599998474121094,41.599998474121094,1022,0.0,0.0
2024-04-11 04:30:00+00:00,41.599998474121094,41.599998474121094,41.54999923706055,41.54999923706055,34000,0.0,0.0
2024-04-11 04:40:00+00:00,41.599998474121094,41.599998474121094,41.599998474121094,41.599998474121094,1544,0.0,0.0
2024-04-11 04:55:00+00:00,41.54999923706055,41.54999923706055,41.54999923706055,41.54999923706055,4000,0.0,0.0
2024-04-11 05:00:00+00:00,41.599998474121094,41.70000076293945,41.599998474121094,41.70000076293945,5000,0.0,0.0
2024-04-11 05:05:00+00:00,41.650001525878906,41.650001525878906,41.650001525878906,41.650001525878906,3010,0.0,0.0
2024-04-11 05:15:00+00:00,41.599998474121094,41.599998474121094,41.599998474121094,41.599998474121094,2448,0.0,0.0
2024-04-11 05:20:00+00:00,41.70000076293945,41.70000076293945,41.599998474121094,41.599998474121094,2000,0.0,0.0
2024-04-12 01:00:00+00:00,41.5,41.5,41.45000076293945,41.45000076293945,23000,0.0,0.0
2024-04-12 01:05:00+00:00,41.5,41.5,41.5,41.5,6099,0.0,0.0
2024-04-12 01:10:00+00:00,41.5,41.5,41.5,41.5,1031,0.0,0.0
2024-04-12 01:15:00+00:00,41.5,41.5,41.5,41.5,1000,0.0,0.0
2024-04-12 01:20:00+00:00,41.5,41.5,41.5,41.5,1025,0.0,0.0
2024-04-12 01:30:00+00:00,41.5,41.5,41.5,41.5,2026,0.0,0.0
2024-04-12 01:45:00+00:00,41.54999923706055,41.599998474121094,41.54999923706055,41.599998474121094,4000,0.0,0.0
2024-04-12 01:50:00+00:00,41.599998474121094,41.599998474121094,41.599998474121094,41.599998474121094,1149,0.0,0.0
2024-04-12 02:00:00+00:00,41.54999923706055,41.54999923706055,41.5,41.5,10000,0.0,0.0
2024-04-12 02:05:00+00:00,41.5,41.5,41.5,41.5,1120,0.0,0.0
2024-04-12 02:10:00+00:00,41.5,41.5,41.5,41.5,1000,0.0,0.0
2024-04-12 02:20:00+00:00,41.5,41.5,41.5,41.5,1451,0.0,0.0
2024-04-12 02:25:00+00:00,41.5,41.5,41.5,41.5,3049,0.0,0.0
2024-04-12 02:30:00+00:00,41.5,41.5,41.5,41.5,2000,0.0,0.0
2024-04-12 02:35:00+00:00,41.599998474121094,41.599998474121094,41.599998474121094,41.599998474121094,3000,0.0,0.0
2024-04-12 02:40:00+00:00,41.54999923706055,41.54999923706055,41.54999923706055,41.54999923706055,1112,0.0,0.0
2024-04-12 02:50:00+00:00,41.599998474121094,41.599998474121094,41.599998474121094,41.599998474121094,1004,0.0,0.0
2024-04-12 03:00:00+00:00,41.599998474121094,41.599998474121094,41.599998474121094,41.599998474121094,1300,0.0,0.0
2024-04-12 03:10:00+00:00,41.599998474121094,41.599998474121094,41.599998474121094,41.599998474121094,5000,0.0,0.0
2024-04-12 03:30:00+00:00,41.54999923706055,41.54999923706055,41.54999923706055,41.54999923706055,5028,0.0,0.0
2024-04-12 03:35:00+00:00,41.599998474121094,41.599998474121094,41.599998474121094,41.599998474121094,2113,0.0,0.0
2024-04-12 03:40:00+00:00,41.70000076293945,41.70000076293945,41.70000076293945,41.70000076293945,3071,0.0,0.0
2024-04-12 03:55:00+00:00,41.70000076293945,41.70000076293945,41.70000076293945,41.70000076293945,1049,0.0,0.0
2024-04-12 04:00:00+00:00,41.70000076293945,41.70000076293945,41.70000076293945,41.70000076293945,11000,0.0,0.0
2024-04-12 04:10:00+00:00,41.599998474121094,41.599998474121094,41.599998474121094,41.599998474121094,1000,0.0,0.0
2024-04-12 04:15:00+00:00,41.599998474121094,41.70000076293945,41.599998474121094,41.70000076293945,6000,0.0,0.0
2024-04-12 04:20:00+00:00,41.70000076293945,41.70000076293945,41.70000076293945,41.70000076293945,3000,0.0,0.0
2024-04-12 04:30:00+00:00,41.75,41.75,41.75,41.75,2000,0.0,0.0
2024-04-12 04:35:00+00:00,41.70000076293945,41.70000076293945,41.54999923706055,41.54999923706055,9100,0.0,0.0
2024-04-12 04:50:00+00:00,41.599998474121094,41.599998474121094,41.599998474121094,41.599998474121094,1000,0.0,0.0
2024-04-12 05:00:00+00:00,41.70000076293945,41.70000076293945,41.70000076293945,41.70000076293945,5010,0.0,0.0
2024-04-12 05:10:00+00:00,41.70000076293945,41.70000076293945,41.70000076293945,41.70000076293945,1000,0.0,0.0
2024-04-12 05:20:00+00:00,41.75,41.75,41.650001525878906,41.650001525878906,7060,0.0,0.0
2024-04-15 01:00:00+00:00,41.650001525878906,41.650001525878906,41.5,41.5,0,0.0,0.0
2024-04-15 01:05:00+00:00,41.5,41.54999923706055,41.5,41.54999923706055,14491,0.0,0.0
2024-04-15 01:10:00+00:00,41.54999923706055,41.54999923706055,41.54999923706055,41.54999923706055,1076,0.0,0.0
2024-04-15 01:15:00+00:00,41.5,41.5,41.5,41.5,7100,0.0,0.0
2024-04-15 01:20:00+00:00,41.54999923706055,41.54999923706055,41.54999923706055,41.54999923706055,3000,0.0,0.0
2024-04-15 01:30:00+00:00,41.5,41.54999923706055,41.45000076293945,41.45000076293945,23100,0.0,0.0
2024-04-15 01:40:00+00:00,41.45000076293945,41.45000076293945,41.400001525878906,41.400001525878906,33000,0.0,0.0
2024-04-15 01:45:00+00:00,41.5,41.5,41.5,41.5,1000,0.0,0.0
2024-04-15 01:50:00+00:00,41.54999923706055,41.54999923706055,41.54999923706055,41.54999923706055,3000,0.0,0.0
2024-04-15 01:55:00+00:00,41.54999923706055,41.54999923706055,41.54999923706055,41.54999923706055,1000,0.0,0.0
2024-04-15 02:05:00+00:00,41.599998474121094,41.599998474121094,41.599998474121094,41.599998474121094,7150,0.0,0.0
2024-04-15 02:15:00+00:00,41.54999923706055,41.54999923706055,41.5,41.5,10000,0.0,0.0
2024-04-15 02:20:00+00:00,41.54999923706055,41.54999923706055,41.54999923706055,41.54999923706055,1000,0.0,0.0
2024-04-15 02:25:00+00:00,41.54999923706055,41.54999923706055,41.54999923706055,41.54999923706055,6011,0.0,0.0
2024-04-15 02:30:00+00:00,41.54999923706055,41.54999923706055,41.54999923706055,41.54999923706055,2137,0.0,0.0
2024-04-15 03:00:00+00:00,41.54999923706055,41.54999923706055,41.54999923706055,41.54999923706055,1013,0.0,0.0
2024-04-15 03:05:00+00:00,41.54999923706055,41.54999923706055,41.54999923706055,41.54999923706055,1052,0.0,0.0
2024-04-15 03:15:00+00:00,41.54999923706055,41.54999923706055,41.54999923706055,41.54999923706055,1000,0.0,0.0
2024-04-15 03:20:00+00:00,41.54999923706055,41.54999923706055,41.54999923706055,41.54999923706055,6000,0.0,0.0
2024-04-15 03:25:00+00:00,41.54999923706055,41.599998474121094,41.54999923706055,41.599998474121094,3040,0.0,0.0
2024-04-15 03:40:00+00:00,41.599998474121094,41.599998474121094,41.599998474121094,41.599998474121094,1000,0.0,0.0
2024-04-15 03:45:00+00:00,41.599998474121094,41.599998474121094,41.599998474121094,41.599998474121094,3094,0.0,0.0
2024-04-15 03:55:00+00:00,41.599998474121094,41.599998474121094,41.599998474121094,41.599998474121094,1000,0.0,0.0
2024-04-15 04:00:00+00:00,41.599998474121094,41.599998474121094,41.599998474121094,41.599998474121094,4284,0.0,0.0
2024-04-15 04:25:00+00:00,41.599998474121094,41.599998474121094,41.599998474121094,41.599998474121094,1001,0.0,0.0
2024-04-15 04:35:00+00:00,41.599998474121094,41.599998474121094,41.599998474121094,41.599998474121094,15066,0.0,0.0
2024-04-15 04:45:00+00:00,41.599998474121094,41.599998474121094,41.599998474121094,41.599998474121094,3410,0.0,0.0
2024-04-15 04:55:00+00:00,41.599998474121094,41.599998474121094,41.599998474121094,41.599998474121094,1000,0.0,0.0
2024-04-15 05:00:00+00:00,41.599998474121094,41.70000076293945,41.599998474121094,41.70000076293945,7000,0.0,0.0
2024-04-15 05:05:00+00:00,41.650001525878906,41.70000076293945,41.650001525878906,41.70000076293945,2191,0.0,0.0
2024-04-15 05:20:00+00:00,41.599998474121094,41.599998474121094,41.599998474121094,41.599998474121094,15018,0.0,0.0
2024-04-16 01:00:00+00:00,41.95000076293945,41.95000076293945,41.599998474121094,41.599998474121094,8000,0.0,0.0
2024-04-16 01:05:00+00:00,41.45000076293945,41.45000076293945,41.400001525878906,41.400001525878906,7231,0.0,0.0
2024-04-16 01:10:00+00:00,41.349998474121094,41.45000076293945,41.349998474121094,41.45000076293945,14000,0.0,0.0
2024-04-16 01:15:00+00:00,41.45000076293945,41.45000076293945,41.45000076293945,41.45000076293945,1000,0.0,0.0
2024-04-16 01:20:00+00:00,41.45000076293945,41.45000076293945,41.45000076293945,41.45000076293945,6000,0.0,0.0
2024-04-16 01:25:00+00:00,41.45000076293945,41.45000076293945,41.400001525878906,41.400001525878906,14362,0.0,0.0
2024-04-16 01:30:00+00:00,41.400001525878906,41.400001525878906,41.400001525878906,41.400001525878906,1968,0.0,0.0
2024-04-16 01:40:00+00:00,41.349998474121094,41.349998474121094,41.29999923706055,41.29999923706055,12343,0.0,0.0
2024-04-16 01:45:00+00:00,41.29999923706055,41.29999923706055,41.29999923706055,41.29999923706055,6025,0.0,0.0
2024-04-16 01:50:00+00:00,41.25,41.25,41.25,41.25,1428,0.0,0.0
2024-04-16 01:55:00+00:00,41.25,41.25,41.20000076293945,41.20000076293945,18004,0.0,0.0
2024-04-16 02:00:00+00:00,41.20000076293945,41.20000076293945,41.20000076293945,41.20000076293945,12043,0.0,0.0
2024-04-16 02:05:00+00:00,41.099998474121094,41.099998474121094,41.099998474121094,41.099998474121094,3000,0.0,0.0
2024-04-16 02:10:00+00:00,41.150001525878906,41.150001525878906,41.150001525878906,41.150001525878906,7100,0.0,0.0
2024-04-16 02:15:00+00:00,41.099998474121094,41.099998474121094,41.099998474121094,41.099998474121094,5000,0.0,0.0
2024-04-16 02:20:00+00:00,41.150001525878906,41.150001525878906,41.099998474121094,41.099998474121094,6050,0.0,0.0
2024-04-16 02:25:00+00:00,41.099998474121094,41.099998474121094,41.099998474121094,41.099998474121094,3049,0.0,0.0
2024-04-16 02:30:00+00:00,41.099998474121094,41.150001525878906,41.099998474121094,41.150001525878906,6000,0.0,0.0
2024-04-16 02:35:00+00:00,41.099998474121094,41.150001525878906,41.099998474121094,41.150001525878906,4000,0.0,0.0
2024-04-16 02:40:00+00:00,41.150001525878906,41.150001525878906,41.150001525878906,41.150001525878906,1060,0.0,0.0
2024-04-16 02:45:00+00:00,41.150001525878906,41.150001525878906,41.150001525878906,41.150001525878906,3080,0.0,0.0
2024-04-16 02:50:00+00:00,41.150001525878906,41.150001525878906,41.150001525878906,41.150001525878906,12110,0.0,0.0
2024-04-16 03:00:00+00:00,41.20000076293945,41.20000076293945,41.20000076293945,41.20000076293945,10342,0.0,0.0
2024-04-16 03:15:00+00:00,41.20000076293945,41.20000076293945,41.20000076293945,41.20000076293945,0,0.0,0.0
2024-04-16 03:20:00+00:00,41.20000076293945,41.20000076293945,41.20000076293945,41.20000076293945,165475,0.0,0.0
2024-04-16 03:40:00+00:00,41.20000076293945,41.20000076293945,41.20000076293945,41.20000076293945,6120,0.0,0.0
2024-04-16 03:50:00+00:00,41.20000076293945,41.20000076293945,41.150001525878906,41.20000076293945,8434,0.0,0.0
2024-04-16 04:00:00+00:00,41.20000076293945,41.20000076293945,41.20000076293945,41.20000076293945,4014,0.0,0.0
2024-04-16 04:10:00+00:00,41.20000076293945,41.20000076293945,41.150001525878906,41.150001525878906,17100,0.0,0.0
2024-04-16 04:15:00+00:00,41.150001525878906,41.150001525878906,41.150001525878906,41.150001525878906,5106,0.0,0.0
2024-04-16 04:20:00+00:00,41.150001525878906,41.150001525878906,41.150001525878906,41.150001525878906,3000,0.0,0.0
2024-04-16 04:25:00+00:00,41.150001525878906,41.150001525878906,41.150001525878906,41.150001525878906,1500,0.0,0.0
2024-04-16 04:30:00+00:00,41.150001525878906,41.150001525878906,41.150001525878906,41.150001525878906,4000,0.0,0.0
2024-04-16 04:35:00+00:00,41.20000076293945,41.20000076293945,41.20000076293945,41.20000076293945,1125,0.0,0.0
2024-04-16 04:40:00+00:00,41.150001525878906,41.150001525878906,41.150001525878906,41.150001525878906,20000,0.0,0.0
2024-04-16 04:45:00+00:00,41.099998474121094,41.099998474121094,41.099998474121094,41.099998474121094,2500,0.0,0.0
2024-04-16 04:50:00+00:00,41.099998474121094,41.099998474121094,41.099998474121094,41.099998474121094,3069,0.0,0.0
2024-04-16 04:55:00+00:00,41.099998474121094,41.099998474121094,41.099998474121094,41.099998474121094,5000,0.0,0.0
2024-04-16 05:00:00+00:00,41.099998474121094,41.099998474121094,41.099998474121094,41.099998474121094,3100,0.0,0.0
2024-04-16 05:05:00+00:00,41.099998474121094,41.150001525878906,41.099998474121094,41.150001525878906,18000,0.0,0.0
2024-04-16 05:10:00+00:00,41.099998474121094,41.150001525878906,41.099998474121094,41.099998474121094,8044,0.0,0.0
2024-04-16 05:15:00+00:00,41.150001525878906,41.150001525878906,41.150001525878906,41.150001525878906,2000,0.0,0.0
2024-04-16 05:20:00+00:00,41.150001525878906,41.150001525878906,41.150001525878906,41.150001525878906,10010,0.0,0.0
2024-04-17 01:00:00+00:00,41.099998474121094,41.099998474121094,41.099998474121094,41.099998474121094,7000,0.0,0.0
2024-04-17 01:05:00+00:00,41.099998474121094,41.150001525878906,41.099998474121094,41.150001525878906,2084,0.0,0.0
2024-04-17 01:10:00+00:00,41.099998474121094,41.099998474121094,41.04999923706055,41.04999923706055,8000,0.0,0.0
2024-04-17 01:20:00+00:00,41.150001525878906,41.150001525878906,41.099998474121094,41.099998474121094,3000,0.0,0.0
2024-04-17 01:25:00+00:00,41.099998474121094,41.150001525878906,41.099998474121094,41.150001525878906,5033,0.0,0.0
2024-04-17 01:30:00+00:00,41.150001525878906,41.150001525878906,41.150001525878906,41.150001525878906,1000,0.0,0.0
2024-04-17 01:35:00+00:00,41.150001525878906,41.150001525878906,41.150001525878906,41.150001525878906,4072,0.0,0.0
2024-04-17 01:40:00+00:00,41.150001525878906,41.150001525878906,41.099998474121094,41.099998474121094,10300,0.0,0.0
2024-04-17 01:45:00+00:00,41.099998474121094,41.150001525878906,41.099998474121094,41.099998474121094,12000,0.0,0.0
2024-04-17 01:50:00+00:00,41.099998474121094,41.150001525878906,41.099998474121094,41.150001525878906,5050,0.0,0.0
2024-04-17 01:55:00+00:00,41.150001525878906,41.150001525878906,41.150001525878906,41.150001525878906,3000,0.0,0.0
2024-04-17 02:00:00+00:00,41.150001525878906,41.20000076293945,41.150001525878906,41.20000076293945,4050,0.0,0.0
2024-04-17 02:05:00+00:00,41.20000076293945,41.20000076293945,41.20000076293945,41.20000076293945,1125,0.0,0.0
2024-04-17 02:10:00+00:00,41.20000076293945,41.20000076293945,41.20000076293945,41.20000076293945,5000,0.0,0.0
2024-04-17 02:15:00+00:00,41.20000076293945,41.20000076293945,41.20000076293945,41.20000076293945,1003,0.0,0.0
2024-04-17 02:20:00+00:00,41.20000076293945,41.20000076293945,41.20000076293945,41.20000076293945,1000,0.0,0.0
2024-04-17 02:25:00+00:00,41.20000076293945,41.20000076293945,41.20000076293945,41.20000076293945,1292,0.0,0.0
2024-04-17 02:35:00+00:00,41.20000076293945,41.20000076293945,41.20000076293945,41.20000076293945,1000,0.0,0.0
2024-04-17 02:40:00+00:00,41.20000076293945,41.20000076293945,41.20000076293945,41.20000076293945,1000,0.0,0.0
2024-04-17 02:45:00+00:00,41.20000076293945,41.20000076293945,41.20000076293945,41.20000076293945,2022,0.0,0.0
2024-04-17 02:55:00+00:00,41.150001525878906,41.150001525878906,41.150001525878906,41.150001525878906,3001,0.0,0.0
2024-04-17 03:05:00+00:00,41.150001525878906,41.20000076293945,41.150001525878906,41.20000076293945,32103,0.0,0.0
2024-04-17 03:20:00+00:00,41.20000076293945,41.20000076293945,41.20000076293945,41.20000076293945,4100,0.0,0.0
2024-04-17 03:50:00+00:00,41.20000076293945,41.20000076293945,41.20000076293945,41.20000076293945,4000,0.0,0.0
2024-04-17 04:00:00+00:00,41.20000076293945,41.20000076293945,41.20000076293945,41.20000076293945,4334,0.0,0.0
2024-04-17 04:10:00+00:00,41.20000076293945,41.20000076293945,41.20000076293945,41.20000076293945,1012,0.0,0.0
2024-04-17 04:15:00+00:00,41.20000076293945,41.20000076293945,41.20000076293945,41.20000076293945,1000,0.0,0.0
2024-04-17 04:20:00+00:00,41.20000076293945,41.20000076293945,41.20000076293945,41.20000076293945,1000,0.0,0.0
2024-04-17 04:25:00+00:00,41.20000076293945,41.20000076293945,41.20000076293945,41.20000076293945,3000,0.0,0.0
2024-04-17 04:35:00+00:00,41.20000076293945,41.20000076293945,41.20000076293945,41.20000076293945,5001,0.0,0.0
2024-04-17 04:50:00+00:00,41.150001525878906,41.150001525878906,41.150001525878906,41.150001525878906,2000,0.0,0.0
2024-04-17 04:55:00+00:00,41.150001525878906,41.150001525878906,41.150001525878906,41.150001525878906,1000,0.0,0.0
2024-04-17 05:00:00+00:00,41.150001525878906,41.20000076293945,41.150001525878906,41.20000076293945,5046,0.0,0.0
2024-04-17 05:10:00+00:00,41.20000076293945,41.20000076293945,41.20000076293945,41.20000076293945,1003,0.0,0.0
2024-04-17 05:15:00+00:00,41.20000076293945,41.20000076293945,41.150001525878906,41.150001525878906,28137,0.0,0.0
2024-04-17 05:20:00+00:00,41.150001525878906,41.150001525878906,41.150001525878906,41.150001525878906,4054,0.0,0.0
2024-04-18 01:00:00+00:00,41.099998474121094,41.099998474121094,41.099998474121094,41.099998474121094,0,0.0,0.0
2024-04-18 01:05:00+00:00,41.099998474121094,41.099998474121094,41.099998474121094,41.099998474121094,1434,0.0,0.0
2024-04-18 01:30:00+00:00,41.150001525878906,41.150001525878906,41.150001525878906,41.150001525878906,3003,0.0,0.0
2024-04-18 01:35:00+00:00,41.099998474121094,41.099998474121094,41.099998474121094,41.099998474121094,3001,0.0,0.0
2024-04-18 01:40:00+00:00,41.099998474121094,41.099998474121094,41.099998474121094,41.099998474121094,1315,0.0,0.0
2024-04-18 01:50:00+00:00,41.150001525878906,41.150001525878906,41.150001525878906,41.150001525878906,13002,0.0,0.0
2024-04-18 01:55:00+00:00,41.150001525878906,41.150001525878906,41.150001525878906,41.150001525878906,10001,0.0,0.0
2024-04-18 02:00:00+00:00,41.150001525878906,41.150001525878906,41.150001525878906,41.150001525878906,1042,0.0,0.0
2024-04-18 02:10:00+00:00,41.20000076293945,41.20000076293945,41.20000076293945,41.20000076293945,1000,0.0,0.0
2024-04-18 02:20:00+00:00,41.20000076293945,41.20000076293945,41.20000076293945,41.20000076293945,5000,0.0,0.0
2024-04-18 02:25:00+00:00,41.20000076293945,41.20000076293945,41.20000076293945,41.20000076293945,1000,0.0,0.0
2024-04-18 02:30:00+00:00,41.20000076293945,41.20000076293945,41.20000076293945,41.20000076293945,11000,0.0,0.0
2024-04-18 02:35:00+00:00,41.25,41.25,41.25,41.25,8000,0.0,0.0
2024-04-18 02:40:00+00:00,41.29999923706055,41.29999923706055,41.29999923706055,41.29999923706055,1355,0.0,0.0
2024-04-18 03:05:00+00:00,41.25,41.25,41.25,41.25,1157,0.0,0.0
2024-04-18 03:15:00+00:00,41.29999923706055,41.29999923706055,41.29999923706055,41.29999923706055,7000,0.0,0.0
2024-04-18 03:20:00+00:00,41.29999923706055,41.29999923706055,41.29999923706055,41.29999923706055,5000,0.0,0.0
2024-04-18 03:25:00+00:00,41.29999923706055,41.29999923706055,41.29999923706055,41.29999923706055,3000,0.0,0.0
2024-04-18 03:40:00+00:00,41.29999923706055,41.29999923706055,41.29999923706055,41.29999923706055,2000,0.0,0.0
2024-04-18 03:45:00+00:00,41.29999923706055,41.29999923706055,41.29999923706055,41.29999923706055,7000,0.0,0.0
2024-04-18 03:55:00+00:00,41.29999923706055,41.29999923706055,41.29999923706055,41.29999923706055,1000,0.0,0.0
2024-04-18 04:00:00+00:00,41.349998474121094,41.349998474121094,41.349998474121094,41.349998474121094,6000,0.0,0.0
2024-04-18 04:15:00+00:00,41.29999923706055,41.29999923706055,41.29999923706055,41.29999923706055,1000,0.0,0.0
2024-04-18 04:30:00+00:00,41.29999923706055,41.29999923706055,41.29999923706055,41.29999923706055,1000,0.0,0.0
2024-04-18 04:35:00+00:00,41.29999923706055,41.29999923706055,41.29999923706055,41.29999923706055,1090,0.0,0.0
2024-04-18 04:40:00+00:00,41.29999923706055,41.29999923706055,41.29999923706055,41.29999923706055,7130,0.0,0.0
2024-04-18 04:50:00+00:00,41.25,41.25,41.25,41.25,5532,0.0,0.0
2024-04-18 04:55:00+00:00,41.25,41.25,41.25,41.25,3001,0.0,0.0
2024-04-18 05:00:00+00:00,41.25,41.25,41.25,41.25,1000,0.0,0.0
2024-04-18 05:10:00+00:00,41.25,41.29999923706055,41.25,41.29999923706055,13000,0.0,0.0
2024-04-18 05:20:00+00:00,41.29999923706055,41.29999923706055,41.25,41.25,6131,0.0,0.0
2024-04-19 01:00:00+00:00,41.25,41.25,41.150001525878906,41.20000076293945,0,0.0,0.0
2024-04-19 01:05:00+00:00,41.20000076293945,41.29999923706055,41.20000076293945,41.29999923706055,7350,0.0,0.0
2024-04-19 01:10:00+00:00,41.20000076293945,41.20000076293945,41.20000076293945,41.20000076293945,8000,0.0,0.0
2024-04-19 01:15:00+00:00,41.25,41.29999923706055,41.20000076293945,41.20000076293945,18000,0.0,0.0
2024-04-19 01:20:00+00:00,41.20000076293945,41.29999923706055,41.099998474121094,41.29999923706055,34000,0.0,0.0
2024-04-19 01:25:00+00:00,41.29999923706055,41.29999923706055,41.099998474121094,41.099998474121094,17000,0.0,0.0
2024-04-19 01:30:00+00:00,41.099998474121094,41.29999923706055,41.099998474121094,41.29999923706055,13000,0.0,0.0
2024-04-19 01:40:00+00:00,41.150001525878906,41.20000076293945,41.099998474121094,41.099998474121094,15000,0.0,0.0
2024-04-19 01:45:00+00:00,41.099998474121094,41.150001525878906,41.099998474121094,41.099998474121094,7000,0.0,0.0
2024-04-19 01:50:00+00:00,41.150001525878906,41.150001525878906,41.150001525878906,41.150001525878906,0,0.0,0.0
2024-04-19 01:55:00+00:00,41.150001525878906,41.20000076293945,41.099998474121094,41.20000076293945,138350,0.0,0.0
2024-04-19 02:00:00+00:00,41.099998474121094,41.099998474121094,41.099998474121094,41.099998474121094,4000,0.0,0.0
2024-04-19 02:05:00+00:00,41.150001525878906,41.150001525878906,41.150001525878906,41.150001525878906,12004,0.0,0.0
2024-04-19 02:10:00+00:00,41.099998474121094,41.099998474121094,41.099998474121094,41.099998474121094,6001,0.0,0.0
2024-04-19 02:15:00+00:00,41.099998474121094,41.099998474121094,41.099998474121094,41.099998474121094,3000,0.0,0.0
2024-04-19 02:20:00+00:00,41.150001525878906,41.150001525878906,41.04999923706055,41.04999923706055,16000,0.0,0.0
2024-04-19 02:25:00+00:00,41.04999923706055,41.099998474121094,41.04999923706055,41.04999923706055,4100,0.0,0.0
2024-04-19 02:30:00+00:00,41.04999923706055,41.04999923706055,41.04999923706055,41.04999923706055,4000,0.0,0.0
2024-04-19 02:35:00+00:00,41.04999923706055,41.04999923706055,41.04999923706055,41.04999923706055,3000,0.0,0.0
2024-04-19 02:40:00+00:00,41.04999923706055,41.04999923706055,41.04999923706055,41.04999923706055,6255,0.0,0.0
2024-04-19 02:45:00+00:00,41.04999923706055,41.04999923706055,41.0,41.0,9002,0.0,0.0
2024-04-19 02:50:00+00:00,41.0,41.04999923706055,41.0,41.0,9000,0.0,0.0
2024-04-19 02:55:00+00:00,41.0,41.0,41.0,41.0,6000,0.0,0.0
2024-04-19 03:00:00+00:00,41.0,41.0,41.0,41.0,4001,0.0,0.0
2024-04-19 03:05:00+00:00,41.04999923706055,41.04999923706055,41.0,41.04999923706055,10000,0.0,0.0
2024-04-19 03:10:00+00:00,41.0,41.04999923706055,41.0,41.04999923706055,35000,0.0,0.0
2024-04-19 03:15:00+00:00,41.04999923706055,41.04999923706055,41.04999923706055,41.04999923706055,1000,0.0,0.0
2024-04-19 03:20:00+00:00,41.04999923706055,41.04999923706055,41.04999923706055,41.04999923706055,2000,0.0,0.0
2024-04-19 03:25:00+00:00,41.099998474121094,41.099998474121094,41.099998474121094,41.099998474121094,1000,0.0,0.0
2024-04-19 03:35:00+00:00,41.099998474121094,41.099998474121094,41.04999923706055,41.04999923706055,12000,0.0,0.0
2024-04-19 03:45:00+00:00,41.04999923706055,41.099998474121094,41.0,41.099998474121094,155295,0.0,0.0
2024-04-19 03:50:00+00:00,41.099998474121094,41.099998474121094,41.099998474121094,41.099998474121094,1200,0.0,0.0
2024-04-19 03:55:00+00:00,41.099998474121094,41.099998474121094,41.04999923706055,41.099998474121094,7105,0.0,0.0
2024-04-19 04:10:00+00:00,41.099998474121094,41.099998474121094,41.099998474121094,41.099998474121094,2000,0.0,0.0
2024-04-19 04:15:00+00:00,41.04999923706055,41.04999923706055,41.04999923706055,41.04999923706055,1086,0.0,0.0
2024-04-19 04:20:00+00:00,41.04999923706055,41.04999923706055,41.04999923706055,41.04999923706055,1001,0.0,0.0
2024-04-19 04:30:00+00:00,41.099998474121094,41.099998474121094,41.099998474121094,41.099998474121094,3049,0.0,0.0
2024-04-19 04:35:00+00:00,41.099998474121094,41.20000076293945,41.099998474121094,41.20000076293945,15010,0.0,0.0
2024-04-19 04:40:00+00:00,41.20000076293945,41.20000076293945,41.20000076293945,41.20000076293945,5023,0.0,0.0
2024-04-19 04:50:00+00:00,41.20000076293945,41.20000076293945,41.20000076293945,41.20000076293945,1000,0.0,0.0
2024-04-19 04:55:00+00:00,41.20000076293945,41.20000076293945,41.20000076293945,41.20000076293945,3025,0.0,0.0
2024-04-19 05:05:00+00:00,41.099998474121094,41.099998474121094,41.099998474121094,41.099998474121094,2000,0.0,0.0
2024-04-19 05:10:00+00:00,41.099998474121094,41.099998474121094,41.099998474121094,41.099998474121094,2050,0.0,0.0
2024-04-19 05:15:00+00:00,41.099998474121094,41.099998474121094,41.04999923706055,41.04999923706055,2000,0.0,0.0
2024-04-19 05:20:00+00:00,41.04999923706055,41.25,41.04999923706055,41.25,7757,0.0,0.0
2024-04-22 01:00:00+00:00,41.54999923706055,41.54999923706055,41.25,41.25,0,0.0,0.0
2024-04-22 01:05:00+00:00,41.25,41.25,41.25,41.25,4600,0.0,0.0
2024-04-22 01:10:00+00:00,41.5,41.5,41.5,41.5,1102,0.0,0.0
2024-04-22 01:20:00+00:00,41.45000076293945,41.45000076293945,41.45000076293945,41.45000076293945,1499,0.0,0.0
2024-04-22 01:30:00+00:00,41.45000076293945,41.45000076293945,41.45000076293945,41.45000076293945,1000,0.0,0.0
2024-04-22 01:35:00+00:00,41.45000076293945,41.45000076293945,41.45000076293945,41.45000076293945,1000,0.0,0.0
2024-04-22 01:45:00+00:00,41.45000076293945,41.5,41.349998474121094,41.5,17000,0.0,0.0
2024-04-22 01:55:00+00:00,41.45000076293945,41.45000076293945,41.45000076293945,41.45000076293945,2000,0.0,0.0
2024-04-22 02:00:00+00:00,41.45000076293945,41.45000076293945,41.29999923706055,41.29999923706055,6173,0.0,0.0
2024-04-22 02:15:00+00:00,41.45000076293945,41.45000076293945,41.45000076293945,41.45000076293945,2031,0.0,0.0
2024-04-22 02:25:00+00:00,41.45000076293945,41.45000076293945,41.45000076293945,41.45000076293945,2000,0.0,0.0
2024-04-22 02:30:00+00:00,41.5,41.5,41.5,41.5,1000,0.0,0.0
2024-04-22 02:35:00+00:00,41.5,41.5,41.5,41.5,1000,0.0,0.0
2024-04-22 02:40:00+00:00,41.5,41.5,41.5,41.5,1195,0.0,0.0
2024-04-22 02:45:00+00:00,41.45000076293945,41.45000076293945,41.45000076293945,41.45000076293945,1000,0.0,0.0
2024-04-22 02:50:00+00:00,41.45000076293945,41.45000076293945,41.45000076293945,41.45000076293945,1100,0.0,0.0
2024-04-22 03:15:00+00:00,41.45000076293945,41.5,41.45000076293945,41.5,2001,0.0,0.0
2024-04-22 03:25:00+00:00,41.5,41.5,41.5,41.5,6000,0.0,0.0
2024-04-22 03:30:00+00:00,41.5,41.5,41.5,41.5,2263,0.0,0.0
2024-04-22 03:50:00+00:00,41.400001525878906,41.400001525878906,41.400001525878906,41.400001525878906,1202,0.0,0.0
2024-04-22 04:10:00+00:00,41.5,41.5,41.5,41.5,1048,0.0,0.0
2024-04-22 04:15:00+00:00,41.45000076293945,41.45000076293945,41.45000076293945,41.45000076293945,1306,0.0,0.0
2024-04-22 04:40:00+00:00,41.45000076293945,41.5,41.45000076293945,41.45000076293945,5341,0.0,0.0
2024-04-22 04:45:00+00:00,41.45000076293945,41.45000076293945,41.45000076293945,41.45000076293945,2000,0.0,0.0
2024-04-22 04:55:00+00:00,41.45000076293945,41.45000076293945,41.45000076293945,41.45000076293945,4134,0.0,0.0
2024-04-22 05:00:00+00:00,41.45000076293945,41.45000076293945,41.45000076293945,41.45000076293945,7000,0.0,0.0
2024-04-22 05:05:00+00:00,41.400001525878906,41.45000076293945,41.400001525878906,41.45000076293945,4037,0.0,0.0
2024-04-22 05:20:00+00:00,41.400001525878906,41.400001525878906,41.400001525878906,41.400001525878906,3172,0.0,0.0
2024-04-23 01:00:00+00:00,41.650001525878906,41.650001525878906,41.650001525878906,41.650001525878906,2070,0.0,0.0
2024-04-23 01:10:00+00:00,41.599998474121094,41.650001525878906,41.599998474121094,41.650001525878906,6132,0.0,0.0
2024-04-23 01:35:00+00:00,41.650001525878906,41.79999923706055,41.650001525878906,41.79999923706055,12200,0.0,0.0
2024-04-23 01:40:00+00:00,41.79999923706055,41.79999923706055,41.79999923706055,41.79999923706055,1582,0.0,0.0
2024-04-23 02:20:00+00:00,41.70000076293945,41.79999923706055,41.70000076293945,41.79999923706055,31279,0.0,0.0
2024-04-23 02:45:00+00:00,41.599998474121094,41.599998474121094,41.599998474121094,41.599998474121094,5000,0.0,0.0
2024-04-23 02:50:00+00:00,41.650001525878906,41.650001525878906,41.650001525878906,41.650001525878906,1000,0.0,0.0
2024-04-23 02:55:00+00:00,41.650001525878906,41.650001525878906,41.650001525878906,41.650001525878906,1000,0.0,0.0
2024-04-23 03:00:00+00:00,41.599998474121094,41.599998474121094,41.599998474121094,41.599998474121094,1001,0.0,0.0
2024-04-23 03:05:00+00:00,41.599998474121094,41.599998474121094,41.599998474121094,41.599998474121094,1040,0.0,0.0
2024-04-23 03:25:00+00:00,41.599998474121094,41.599998474121094,41.599998474121094,41.599998474121094,8000,0.0,0.0
2024-04-23 03:30:00+00:00,41.70000076293945,41.70000076293945,41.70000076293945,41.70000076293945,1051,0.0,0.0
2024-04-23 03:55:00+00:00,41.599998474121094,41.599998474121094,41.599998474121094,41.599998474121094,2000,0.0,0.0
2024-04-23 04:05:00+00:00,41.70000076293945,41.70000076293945,41.70000076293945,41.70000076293945,1000,0.0,0.0
2024-04-23 04:10:00+00:00,41.75,41.75,41.75,41.75,2088,0.0,0.0
2024-04-23 04:40:00+00:00,41.75,41.75,41.75,41.75,1020,0.0,0.0
2024-04-23 04:50:00+00:00,41.75,41.75,41.75,41.75,2000,0.0,0.0
2024-04-23 04:55:00+00:00,41.75,41.75,41.75,41.75,1000,0.0,0.0
2024-04-23 05:05:00+00:00,41.75,41.75,41.75,41.75,3077,0.0,0.0
2024-04-23 05:10:00+00:00,41.75,41.75,41.75,41.75,6010,0.0,0.0
2024-04-23 05:15:00+00:00,41.75,41.79999923706055,41.75,41.79999923706055,2100,0.0,0.0
2024-04-23 05:20:00+00:00,41.75,41.79999923706055,41.75,41.79999923706055,2070,0.0,0.0
2024-04-24 01:00:00+00:00,42.04999923706055,42.04999923706055,42.0,42.04999923706055,0,0.0,0.0
2024-04-24 01:10:00+00:00,42.0,42.0,42.0,42.0,1034,0.0,0.0
2024-04-24 01:15:00+00:00,41.849998474121094,41.900001525878906,41.849998474121094,41.900001525878906,2000,0.0,0.0
2024-04-24 01:20:00+00:00,41.900001525878906,41.900001525878906,41.900001525878906,41.900001525878906,9000,0.0,0.0
2024-04-24 01:25:00+00:00,41.900001525878906,41.900001525878906,41.900001525878906,41.900001525878906,3000,0.0,0.0
2024-04-24 01:30:00+00:00,41.900001525878906,41.900001525878906,41.900001525878906,41.900001525878906,5132,0.0,0.0
2024-04-24 01:45:00+00:00,41.900001525878906,41.900001525878906,41.900001525878906,41.900001525878906,5000,0.0,0.0
2024-04-24 01:55:00+00:00,41.900001525878906,41.900001525878906,41.900001525878906,41.900001525878906,2001,0.0,0.0
2024-04-24 02:00:00+00:00,41.900001525878906,41.95000076293945,41.900001525878906,41.95000076293945,5000,0.0,0.0
2024-04-24 02:05:00+00:00,41.95000076293945,41.95000076293945,41.95000076293945,41.95000076293945,9021,0.0,0.0
2024-04-24 02:25:00+00:00,41.95000076293945,41.95000076293945,41.95000076293945,41.95000076293945,20000,0.0,0.0
2024-04-24 02:30:00+00:00,41.95000076293945,41.95000076293945,41.95000076293945,41.95000076293945,1069,0.0,0.0
2024-04-24 02:40:00+00:00,42.0,42.0,41.95000076293945,41.95000076293945,3040,0.0,0.0
2024-04-24 02:45:00+00:00,41.95000076293945,41.95000076293945,41.95000076293945,41.95000076293945,4000,0.0,0.0
2024-04-24 02:50:00+00:00,41.95000076293945,41.95000076293945,41.95000076293945,41.95000076293945,5094,0.0,0.0
2024-04-24 02:55:00+00:00,41.95000076293945,41.95000076293945,41.95000076293945,41.95000076293945,9000,0.0,0.0
2024-04-24 03:00:00+00:00,42.0,42.0,42.0,42.0,1013,0.0,0.0
2024-04-24 03:15:00+00:00,42.0,42.0,42.0,42.0,17101,0.0,0.0
2024-04-24 03:25:00+00:00,42.0,42.0,42.0,42.0,20000,0.0,0.0
2024-04-24 03:30:00+00:00,42.0,42.0,42.0,42.0,1574,0.0,0.0
2024-04-24 03:35:00+00:00,42.0,42.0,42.0,42.0,2121,0.0,0.0
2024-04-24 03:40:00+00:00,42.0,42.0,42.0,42.0,4000,0.0,0.0
2024-04-24 03:50:00+00:00,42.0,42.0,42.0,42.0,7001,0.0,0.0
2024-04-24 03:55:00+00:00,42.0,42.0,42.0,42.0,2000,0.0,0.0
2024-04-24 04:00:00+00:00,42.0,42.0,42.0,42.0,8000,0.0,0.0
2024-04-24 04:15:00+00:00,42.0,42.0,42.0,42.0,5000,0.0,0.0
2024-04-24 04:20:00+00:00,42.0,42.0,42.0,42.0,15005,0.0,0.0
2024-04-24 04:25:00+00:00,42.0,42.0,42.0,42.0,6293,0.0,0.0
2024-04-24 04:45:00+00:00,42.0,42.0,42.0,42.0,12050,0.0,0.0
2024-04-24 04:50:00+00:00,42.0,42.0,42.0,42.0,2000,0.0,0.0
2024-04-24 05:00:00+00:00,42.0,42.0,42.0,42.0,2000,0.0,0.0
2024-04-24 05:05:00+00:00,42.0,42.0,42.0,42.0,2000,0.0,0.0
2024-04-24 05:10:00+00:00,42.0,42.0,42.0,42.0,5000,0.0,0.0
2024-04-24 05:15:00+00:00,41.95000076293945,42.0,41.95000076293945,42.0,9000,0.0,0.0
2024-04-24 05:20:00+00:00,42.0,42.0,42.0,42.0,1001,0.0,0.0
2024-04-25 01:00:00+00:00,42.0,42.0,42.0,42.0,0,0.0,0.0
2024-04-25 01:05:00+00:00,42.0,42.0,42.0,42.0,7595,0.0,0.0
2024-04-25 01:15:00+00:00,42.0,42.0,41.900001525878906,41.900001525878906,3002,0.0,0.0
2024-04-25 01:20:00+00:00,42.0,42.0,42.0,42.0,1005,0.0,0.0
2024-04-25 01:35:00+00:00,42.0,42.0,42.0,42.0,4514,0.0,0.0
2024-04-25 01:55:00+00:00,42.0,42.0,42.0,42.0,2000,0.0,0.0
2024-04-25 02:00:00+00:00,42.0,42.0,42.0,42.0,3000,0.0,0.0
2024-04-25 02:05:00+00:00,42.0,42.0,42.0,42.0,1000,0.0,0.0
2024-04-25 02:10:00+00:00,42.0,42.0,42.0,42.0,1000,0.0,0.0
2024-04-25 02:15:00+00:00,42.0,42.0,42.0,42.0,3000,0.0,0.0
2024-04-25 02:20:00+00:00,42.0,42.0,42.0,42.0,1000,0.0,0.0
2024-04-25 02:25:00+00:00,42.0,42.0,42.0,42.0,2487,0.0,0.0
2024-04-25 02:30:00+00:00,42.0,42.0,42.0,42.0,1000,0.0,0.0
2024-04-25 02:35:00+00:00,42.0,42.0,42.0,42.0,9000,0.0,0.0
2024-04-25 02:45:00+00:00,41.95000076293945,41.95000076293945,41.95000076293945,41.95000076293945,1110,0.0,0.0
2024-04-25 02:55:00+00:00,41.95000076293945,41.95000076293945,41.95000076293945,41.95000076293945,1003,0.0,0.0
2024-04-25 03:25:00+00:00,41.95000076293945,41.95000076293945,41.95000076293945,41.95000076293945,2000,0.0,0.0
2024-04-25 03:30:00+00:00,41.95000076293945,41.95000076293945,41.95000076293945,41.95000076293945,1404,0.0,0.0
2024-04-25 04:15:00+00:00,41.95000076293945,41.95000076293945,41.95000076293945,41.95000076293945,2000,0.0,0.0
2024-04-25 04:25:00+00:00,42.0,42.0,42.0,42.0,2000,0.0,0.0
2024-04-25 04:30:00+00:00,42.0,42.0,41.95000076293945,41.95000076293945,4000,0.0,0.0
2024-04-25 04:45:00+00:00,41.900001525878906,41.900001525878906,41.900001525878906,41.900001525878906,10431,0.0,0.0
2024-04-25 04:50:00+00:00,41.900001525878906,41.95000076293945,41.900001525878906,41.95000076293945,6190,0.0,0.0
2024-04-25 05:10:00+00:00,41.95000076293945,41.95000076293945,41.95000076293945,41.95000076293945,6018,0.0,0.0
2024-04-25 05:20:00+00:00,41.900001525878906,41.95000076293945,41.900001525878906,41.95000076293945,4003,0.0,0.0
2024-04-26 01:00:00+00:00,42.0,42.0,41.900001525878906,41.900001525878906,0,0.0,0.0
2024-04-26 01:05:00+00:00,42.0,42.0,41.900001525878906,41.900001525878906,2463,0.0,0.0
2024-04-26 01:15:00+00:00,42.0,42.0,42.0,42.0,2023,0.0,0.0
2024-04-26 01:20:00+00:00,42.0,42.0,42.0,42.0,9001,0.0,0.0
2024-04-26 01:25:00+00:00,42.0,42.0,42.0,42.0,1100,0.0,0.0
2024-04-26 01:30:00+00:00,42.0,42.0,42.0,42.0,3327,0.0,0.0
2024-04-26 01:40:00+00:00,42.0,42.0,42.0,42.0,5068,0.0,0.0
2024-04-26 01:45:00+00:00,42.0,42.0,42.0,42.0,2011,0.0,0.0
2024-04-26 01:50:00+00:00,42.0,42.0,42.0,42.0,2048,0.0,0.0
2024-04-26 01:55:00+00:00,42.0,42.0,42.0,42.0,1096,0.0,0.0
2024-04-26 02:10:00+00:00,42.0,42.0,42.0,42.0,2071,0.0,0.0
2024-04-26 02:20:00+00:00,42.0,42.0,42.0,42.0,1010,0.0,0.0
2024-04-26 02:35:00+00:00,42.0,42.0,42.0,42.0,2095,0.0,0.0
2024-04-26 02:45:00+00:00,41.95000076293945,41.95000076293945,41.95000076293945,41.95000076293945,3001,0.0,0.0
2024-04-26 03:00:00+00:00,41.95000076293945,41.95000076293945,41.95000076293945,41.95000076293945,1015,0.0,0.0
2024-04-26 03:10:00+00:00,41.95000076293945,41.95000076293945,41.95000076293945,41.95000076293945,10000,0.0,0.0
2024-04-26 03:15:00+00:00,41.900001525878906,41.900001525878906,41.900001525878906,41.900001525878906,23307,0.0,0.0
2024-04-26 03:50:00+00:00,41.900001525878906,41.900001525878906,41.900001525878906,41.900001525878906,1000,0.0,0.0
2024-04-26 04:00:00+00:00,41.900001525878906,41.900001525878906,41.900001525878906,41.900001525878906,4030,0.0,0.0
2024-04-26 04:05:00+00:00,41.900001525878906,41.900001525878906,41.79999923706055,41.79999923706055,35211,0.0,0.0
2024-04-26 04:10:00+00:00,41.900001525878906,41.900001525878906,41.900001525878906,41.900001525878906,3000,0.0,0.0
2024-04-26 04:20:00+00:00,41.79999923706055,41.79999923706055,41.79999923706055,41.79999923706055,1060,0.0,0.0
2024-04-26 04:25:00+00:00,41.79999923706055,41.79999923706055,41.79999923706055,41.79999923706055,5000,0.0,0.0
2024-04-26 04:40:00+00:00,41.849998474121094,41.900001525878906,41.849998474121094,41.900001525878906,2010,0.0,0.0
2024-04-26 04:50:00+00:00,41.900001525878906,41.900001525878906,41.900001525878906,41.900001525878906,1050,0.0,0.0
2024-04-26 04:55:00+00:00,41.900001525878906,41.900001525878906,41.849998474121094,41.849998474121094,5000,0.0,0.0
2024-04-26 05:00:00+00:00,41.900001525878906,41.900001525878906,41.900001525878906,41.900001525878906,1110,0.0,0.0
2024-04-26 05:05:00+00:00,41.900001525878906,41.900001525878906,41.900001525878906,41.900001525878906,1140,0.0,0.0
2024-04-26 05:20:00+00:00,41.849998474121094,41.849998474121094,41.849998474121094,41.849998474121094,1050,0.0,0.0
2024-04-29 01:00:00+00:00,41.900001525878906,42.0,41.900001525878906,42.0,0,0.0,0.0
2024-04-29 01:05:00+00:00,42.0,42.0,42.0,42.0,4267,0.0,0.0
2024-04-29 01:15:00+00:00,42.0,42.0,42.0,42.0,42047,0.0,0.0
2024-04-29 01:20:00+00:00,42.099998474121094,42.099998474121094,42.099998474121094,42.099998474121094,13000,0.0,0.0
2024-04-29 01:25:00+00:00,42.099998474121094,42.099998474121094,42.099998474121094,42.099998474121094,2046,0.0,0.0
2024-04-29 01:30:00+00:00,42.150001525878906,42.150001525878906,42.150001525878906,42.150001525878906,1529,0.0,0.0
2024-04-29 01:35:00+00:00,42.20000076293945,42.20000076293945,42.20000076293945,42.20000076293945,17000,0.0,0.0
2024-04-29 01:40:00+00:00,42.150001525878906,42.150001525878906,42.150001525878906,42.150001525878906,1000,0.0,0.0
2024-04-29 01:45:00+00:00,42.150001525878906,42.150001525878906,42.150001525878906,42.150001525878906,3000,0.0,0.0
2024-04-29 01:50:00+00:00,42.20000076293945,42.20000076293945,42.150001525878906,42.150001525878906,3000,0.0,0.0
2024-04-29 01:55:00+00:00,42.099998474121094,42.150001525878906,42.099998474121094,42.150001525878906,2000,0.0,0.0
2024-04-29 02:00:00+00:00,42.099998474121094,42.099998474121094,42.099998474121094,42.099998474121094,1000,0.0,0.0
2024-04-29 02:05:00+00:00,42.150001525878906,42.150001525878906,42.150001525878906,42.150001525878906,1350,0.0,0.0
2024-04-29 02:15:00+00:00,42.099998474121094,42.150001525878906,42.099998474121094,42.150001525878906,10000,0.0,0.0
2024-04-29 02:25:00+00:00,42.150001525878906,42.150001525878906,42.0,42.0,12973,0.0,0.0
2024-04-29 02:40:00+00:00,42.099998474121094,42.20000076293945,42.099998474121094,42.20000076293945,18000,0.0,0.0
2024-04-29 02:45:00+00:00,42.20000076293945,42.20000076293945,42.20000076293945,42.20000076293945,12058,0.0,0.0
2024-04-29 02:50:00+00:00,42.20000076293945,42.20000076293945,42.20000076293945,42.20000076293945,1001,0.0,0.0
2024-04-29 02:55:00+00:00,42.150001525878906,42.150001525878906,42.150001525878906,42.150001525878906,3000,0.0,0.0
2024-04-29 03:00:00+00:00,42.150001525878906,42.150001525878906,42.150001525878906,42.150001525878906,1000,0.0,0.0
2024-04-29 03:05:00+00:00,42.20000076293945,42.20000076293945,42.20000076293945,42.20000076293945,1000,0.0,0.0
2024-04-29 03:20:00+00:00,42.099998474121094,42.099998474121094,42.0,42.0,15072,0.0,0.0
2024-04-29 03:40:00+00:00,42.099998474121094,42.099998474121094,42.099998474121094,42.099998474121094,8002,0.0,0.0
2024-04-29 03:55:00+00:00,42.099998474121094,42.099998474121094,42.099998474121094,42.099998474121094,1005,0.0,0.0
2024-04-29 04:00:00+00:00,42.150001525878906,42.150001525878906,42.150001525878906,42.150001525878906,1100,0.0,0.0
2024-04-29 04:15:00+00:00,42.150001525878906,42.150001525878906,42.150001525878906,42.150001525878906,9047,0.0,0.0
2024-04-29 04:20:00+00:00,42.20000076293945,42.20000076293945,42.099998474121094,42.099998474121094,13077,0.0,0.0
2024-04-29 04:25:00+00:00,42.150001525878906,42.150001525878906,42.150001525878906,42.150001525878906,3100,0.0,0.0
2024-04-29 04:35:00+00:00,42.150001525878906,42.150001525878906,42.150001525878906,42.150001525878906,4000,0.0,0.0
2024-04-29 04:40:00+00:00,42.150001525878906,42.150001525878906,42.150001525878906,42.150001525878906,5050,0.0,0.0
2024-04-29 04:50:00+00:00,42.150001525878906,42.150001525878906,42.150001525878906,42.150001525878906,1000,0.0,0.0
2024-04-29 04:55:00+00:00,42.20000076293945,42.20000076293945,42.150001525878906,42.150001525878906,6150,0.0,0.0
2024-04-29 05:00:00+00:00,42.150001525878906,42.150001525878906,42.150001525878906,42.150001525878906,1090,0.0,0.0
2024-04-29 05:05:00+00:00,42.150001525878906,42.150001525878906,42.150001525878906,42.150001525878906,6751,0.0,0.0
2024-04-29 05:10:00+00:00,42.150001525878906,42.150001525878906,42.150001525878906,42.150001525878906,3000,0.0,0.0
2024-04-29 05:15:00+00:00,42.20000076293945,42.20000076293945,42.20000076293945,42.20000076293945,1248,0.0,0.0
2024-04-29 05:20:00+00:00,42.20000076293945,42.20000076293945,42.150001525878906,42.150001525878906,12121,0.0,0.0
2024-04-30 01:00:00+00:00,42.20000076293945,42.20000076293945,42.20000076293945,42.20000076293945,4000,0.0,0.0
2024-04-30 01:05:00+00:00,42.20000076293945,42.20000076293945,42.20000076293945,42.20000076293945,3379,0.0,0.0
2024-04-30 01:20:00+00:00,42.20000076293945,42.20000076293945,42.20000076293945,42.20000076293945,2024,0.0,0.0
2024-04-30 01:45:00+00:00,42.150001525878906,42.150001525878906,42.099998474121094,42.099998474121094,14132,0.0,0.0
2024-04-30 02:00:00+00:00,42.150001525878906,42.150001525878906,42.150001525878906,42.150001525878906,1000,0.0,0.0
2024-04-30 02:05:00+00:00,42.150001525878906,42.150001525878906,42.150001525878906,42.150001525878906,6000,0.0,0.0
2024-04-30 02:20:00+00:00,42.099998474121094,42.099998474121094,42.099998474121094,42.099998474121094,2102,0.0,0.0
2024-04-30 02:30:00+00:00,42.099998474121094,42.150001525878906,42.099998474121094,42.150001525878906,4033,0.0,0.0
2024-04-30 02:35:00+00:00,42.150001525878906,42.150001525878906,42.150001525878906,42.150001525878906,1141,0.0,0.0
2024-04-30 02:50:00+00:00,42.150001525878906,42.150001525878906,42.150001525878906,42.150001525878906,1000,0.0,0.0
2024-04-30 02:55:00+00:00,42.150001525878906,42.150001525878906,42.150001525878906,42.150001525878906,1100,0.0,0.0
2024-04-30 03:05:00+00:00,42.150001525878906,42.150001525878906,42.150001525878906,42.150001525878906,2030,0.0,0.0
2024-04-30 03:10:00+00:00,42.150001525878906,42.150001525878906,42.150001525878906,42.150001525878906,1229,0.0,0.0
2024-04-30 03:25:00+00:00,42.150001525878906,42.150001525878906,42.150001525878906,42.150001525878906,1200,0.0,0.0
2024-04-30 03:45:00+00:00,42.20000076293945,42.20000076293945,42.20000076293945,42.20000076293945,3000,0.0,0.0
2024-04-30 03:50:00+00:00,42.20000076293945,42.20000076293945,42.150001525878906,42.150001525878906,17395,0.0,0.0
2024-04-30 04:20:00+00:00,42.20000076293945,42.20000076293945,42.20000076293945,42.20000076293945,2036,0.0,0.0
2024-04-30 04:25:00+00:00,42.150001525878906,42.150001525878906,42.150001525878906,42.150001525878906,4000,0.0,0.0
2024-04-30 04:35:00+00:00,42.150001525878906,42.150001525878906,42.150001525878906,42.150001525878906,2000,0.0,0.0
2024-04-30 04:45:00+00:00,42.150001525878906,42.150001525878906,42.150001525878906,42.150001525878906,1500,0.0,0.0
2024-04-30 04:55:00+00:00,42.150001525878906,42.150001525878906,42.150001525878906,42.150001525878906,3236,0.0,0.0
2024-04-30 05:10:00+00:00,42.150001525878906,42.150001525878906,42.0,42.0,52000,0.0,0.0
2024-04-30 05:20:00+00:00,42.150001525878906,42.150001525878906,42.150001525878906,42.150001525878906,2200,0.0,0.0
2024-05-02 01:00:00+00:00,42.20000076293945,42.20000076293945,42.20000076293945,42.20000076293945,0,0.0,0.0
2024-05-02 01:05:00+00:00,42.20000076293945,42.20000076293945,42.20000076293945,42.20000076293945,1200,0.0,0.0
2024-05-02 01:10:00+00:00,42.150001525878906,42.150001525878906,42.099998474121094,42.099998474121094,3051,0.0,0.0
2024-05-02 01:15:00+00:00,42.099998474121094,42.150001525878906,42.099998474121094,42.150001525878906,6000,0.0,0.0
2024-05-02 01:20:00+00:00,42.20000076293945,42.20000076293945,42.20000076293945,42.20000076293945,0,0.0,0.0
2024-05-02 01:30:00+00:00,42.29999923706055,42.400001525878906,42.29999923706055,42.400001525878906,29278,0.0,0.0
2024-05-02 01:35:00+00:00,42.400001525878906,42.400001525878906,42.349998474121094,42.349998474121094,4281,0.0,0.0
2024-05-02 01:40:00+00:00,42.29999923706055,42.29999923706055,42.29999923706055,42.29999923706055,1000,0.0,0.0
2024-05-02 01:50:00+00:00,42.20000076293945,42.20000076293945,42.20000076293945,42.20000076293945,3001,0.0,0.0
2024-05-02 02:05:00+00:00,42.29999923706055,42.29999923706055,42.29999923706055,42.29999923706055,3300,0.0,0.0
2024-05-02 02:20:00+00:00,42.20000076293945,42.20000076293945,42.20000076293945,42.20000076293945,1240,0.0,0.0
2024-05-02 02:30:00+00:00,42.25,42.25,42.25,42.25,4160,0.0,0.0
2024-05-02 02:40:00+00:00,42.25,42.29999923706055,42.25,42.29999923706055,10000,0.0,0.0
2024-05-02 02:50:00+00:00,42.25,42.25,42.25,42.25,1150,0.0,0.0
2024-05-02 02:55:00+00:00,42.29999923706055,42.29999923706055,42.29999923706055,42.29999923706055,5750,0.0,0.0
2024-05-02 03:00:00+00:00,42.25,42.25,42.20000076293945,42.20000076293945,20000,0.0,0.0
2024-05-02 03:05:00+00:00,42.150001525878906,42.150001525878906,42.099998474121094,42.099998474121094,10000,0.0,0.0
2024-05-02 03:10:00+00:00,42.20000076293945,42.29999923706055,42.20000076293945,42.29999923706055,2010,0.0,0.0
2024-05-02 03:20:00+00:00,42.29999923706055,42.29999923706055,42.29999923706055,42.29999923706055,1050,0.0,0.0
2024-05-02 03:25:00+00:00,42.29999923706055,42.400001525878906,42.29999923706055,42.400001525878906,5000,0.0,0.0
2024-05-02 03:30:00+00:00,42.25,42.25,42.25,42.25,4002,0.0,0.0
2024-05-02 03:50:00+00:00,42.29999923706055,42.29999923706055,42.29999923706055,42.29999923706055,1020,0.0,0.0
2024-05-02 04:10:00+00:00,42.349998474121094,42.349998474121094,42.349998474121094,42.349998474121094,1230,0.0,0.0
2024-05-02 04:25:00+00:00,42.349998474121094,42.349998474121094,42.349998474121094,42.349998474121094,1013,0.0,0.0
2024-05-02 04:30:00+00:00,42.29999923706055,42.29999923706055,42.29999923706055,42.29999923706055,4333,0.0,0.0
2024-05-02 04:35:00+00:00,42.25,42.25,42.20000076293945,42.20000076293945,26040,0.0,0.0
2024-05-02 04:40:00+00:00,42.150001525878906,42.25,42.150001525878906,42.150001525878906,14000,0.0,0.0
2024-05-02 04:50:00+00:00,42.20000076293945,42.20000076293945,42.20000076293945,42.20000076293945,1000,0.0,0.0
2024-05-02 04:55:00+00:00,42.150001525878906,42.150001525878906,42.150001525878906,42.150001525878906,8000,0.0,0.0
2024-05-02 05:00:00+00:00,42.20000076293945,42.20000076293945,42.150001525878906,42.150001525878906,5086,0.0,0.0
2024-05-02 05:05:00+00:00,42.20000076293945,42.20000076293945,42.150001525878906,42.150001525878906,7051,0.0,0.0
2024-05-02 05:10:00+00:00,42.20000076293945,42.20000076293945,42.20000076293945,42.20000076293945,1000,0.0,0.0
2024-05-02 05:15:00+00:00,42.25,42.349998474121094,42.25,42.349998474121094,5100,0.0,0.0
2024-05-02 05:20:00+00:00,42.349998474121094,42.349998474121094,42.349998474121094,42.349998474121094,3751,0.0,0.0
2024-05-03 01:00:00+00:00,42.20000076293945,42.20000076293945,42.20000076293945,42.20000076293945,3175,0.0,0.0
2024-05-03 01:25:00+00:00,42.25,42.25,42.25,42.25,5124,0.0,0.0
2024-05-03 01:30:00+00:00,42.29999923706055,42.400001525878906,42.29999923706055,42.400001525878906,16824,0.0,0.0
2024-05-03 01:40:00+00:00,42.400001525878906,42.400001525878906,42.400001525878906,42.400001525878906,3058,0.0,0.0
2024-05-03 01:45:00+00:00,42.349998474121094,42.349998474121094,42.349998474121094,42.349998474121094,1033,0.0,0.0
2024-05-03 01:55:00+00:00,42.349998474121094,42.349998474121094,42.349998474121094,42.349998474121094,6041,0.0,0.0
2024-05-03 02:10:00+00:00,42.349998474121094,42.349998474121094,42.349998474121094,42.349998474121094,9030,0.0,0.0
2024-05-03 02:15:00+00:00,42.349998474121094,42.349998474121094,42.349998474121094,42.349998474121094,8028,0.0,0.0
2024-05-03 02:20:00+00:00,42.349998474121094,42.349998474121094,42.349998474121094,42.349998474121094,1264,0.0,0.0
2024-05-03 02:25:00+00:00,42.349998474121094,42.349998474121094,42.349998474121094,42.349998474121094,1004,0.0,0.0
2024-05-03 02:45:00+00:00,42.349998474121094,42.349998474121094,42.349998474121094,42.349998474121094,1200,0.0,0.0
2024-05-03 02:50:00+00:00,42.349998474121094,42.349998474121094,42.349998474121094,42.349998474121094,1000,0.0,0.0
2024-05-03 03:00:00+00:00,42.29999923706055,42.29999923706055,42.25,42.25,13001,0.0,0.0
2024-05-03 03:10:00+00:00,42.25,42.29999923706055,42.25,42.29999923706055,8000,0.0,0.0
2024-05-03 03:15:00+00:00,42.25,42.25,42.25,42.25,1195,0.0,0.0
2024-05-03 03:35:00+00:00,42.349998474121094,42.349998474121094,42.349998474121094,42.349998474121094,1300,0.0,0.0
2024-05-03 03:40:00+00:00,42.29999923706055,42.29999923706055,42.25,42.25,5020,0.0,0.0
2024-05-03 03:50:00+00:00,42.20000076293945,42.29999923706055,42.20000076293945,42.29999923706055,6001,0.0,0.0
2024-05-03 04:10:00+00:00,42.25,42.25,42.150001525878906,42.150001525878906,43324,0.0,0.0
2024-05-03 04:15:00+00:00,42.20000076293945,42.20000076293945,42.20000076293945,42.20000076293945,8108,0.0,0.0
2024-05-03 04:20:00+00:00,42.20000076293945,42.20000076293945,42.20000076293945,42.20000076293945,1568,0.0,0.0
2024-05-03 05:05:00+00:00,42.20000076293945,42.20000076293945,42.20000076293945,42.20000076293945,2100,0.0,0.0
2024-05-03 05:10:00+00:00,42.20000076293945,42.20000076293945,42.20000076293945,42.20000076293945,1000,0.0,0.0
2024-05-03 05:20:00+00:00,42.20000076293945,42.25,42.20000076293945,42.25,4090,0.0,0.0
2024-05-06 01:00:00+00:00,42.45000076293945,42.45000076293945,42.349998474121094,42.45000076293945,0,0.0,0.0
2024-05-06 01:05:00+00:00,42.45000076293945,42.45000076293945,42.45000076293945,42.45000076293945,1000,0.0,0.0
2024-05-06 01:10:00+00:00,42.400001525878906,42.45000076293945,42.400001525878906,42.45000076293945,7122,0.0,0.0
2024-05-06 01:15:00+00:00,42.45000076293945,42.54999923706055,42.45000076293945,42.54999923706055,8000,0.0,0.0
2024-05-06 01:20:00+00:00,42.54999923706055,42.650001525878906,42.54999923706055,42.54999923706055,19540,0.0,0.0
2024-05-06 01:25:00+00:00,42.599998474121094,42.599998474121094,42.54999923706055,42.54999923706055,2091,0.0,0.0
2024-05-06 01:40:00+00:00,42.54999923706055,42.54999923706055,42.54999923706055,42.54999923706055,1000,0.0,0.0
2024-05-06 01:45:00+00:00,42.54999923706055,42.54999923706055,42.45000076293945,42.45000076293945,4180,0.0,0.0
2024-05-06 01:50:00+00:00,42.599998474121094,42.599998474121094,42.599998474121094,42.599998474121094,1012,0.0,0.0
2024-05-06 01:55:00+00:00,42.54999923706055,42.54999923706055,42.54999923706055,42.54999923706055,3000,0.0,0.0
2024-05-06 02:00:00+00:00,42.599998474121094,42.70000076293945,42.599998474121094,42.70000076293945,19707,0.0,0.0
2024-05-06 02:05:00+00:00,42.75,43.0,42.75,42.95000076293945,40539,0.0,0.0
2024-05-06 02:10:00+00:00,43.0,43.0,42.849998474121094,42.849998474121094,4600,0.0,0.0
2024-05-06 02:15:00+00:00,43.0,43.0,43.0,43.0,0,0.0,0.0
2024-05-06 02:20:00+00:00,43.0,43.0,43.0,43.0,142566,0.0,0.0
2024-05-06 02:25:00+00:00,43.04999923706055,43.04999923706055,43.04999923706055,43.04999923706055,8450,0.0,0.0
2024-05-06 02:30:00+00:00,43.04999923706055,43.04999923706055,43.04999923706055,43.04999923706055,4238,0.0,0.0
2024-05-06 02:35:00+00:00,43.04999923706055,43.04999923706055,43.04999923706055,43.04999923706055,2263,0.0,0.0
2024-05-06 02:40:00+00:00,43.04999923706055,43.099998474121094,43.04999923706055,43.099998474121094,2103,0.0,0.0
2024-05-06 02:50:00+00:00,43.04999923706055,43.04999923706055,43.04999923706055,43.04999923706055,5000,0.0,0.0
2024-05-06 02:55:00+00:00,43.04999923706055,43.099998474121094,43.04999923706055,43.099998474121094,4007,0.0,0.0
2024-05-06 03:05:00+00:00,43.04999923706055,43.04999923706055,43.04999923706055,43.04999923706055,3205,0.0,0.0
2024-05-06 03:15:00+00:00,43.04999923706055,43.04999923706055,43.04999923706055,43.04999923706055,2000,0.0,0.0
2024-05-06 03:25:00+00:00,43.04999923706055,43.04999923706055,43.04999923706055,43.04999923706055,1000,0.0,0.0
2024-05-06 03:30:00+00:00,43.04999923706055,43.04999923706055,43.04999923706055,43.04999923706055,2000,0.0,0.0
2024-05-06 03:35:00+00:00,43.0,43.0,43.0,43.0,12360,0.0,0.0
2024-05-06 03:40:00+00:00,43.0,43.0,43.0,43.0,1000,0.0,0.0
2024-05-06 03:45:00+00:00,43.0,43.04999923706055,43.0,43.04999923706055,2088,0.0,0.0
2024-05-06 03:55:00+00:00,43.04999923706055,43.04999923706055,43.04999923706055,43.04999923706055,2000,0.0,0.0
2024-05-06 04:00:00+00:00,43.04999923706055,43.04999923706055,43.04999923706055,43.04999923706055,5723,0.0,0.0
2024-05-06 04:05:00+00:00,43.04999923706055,43.04999923706055,43.04999923706055,43.04999923706055,6000,0.0,0.0
2024-05-06 04:10:00+00:00,43.04999923706055,43.04999923706055,43.0,43.0,7165,0.0,0.0
2024-05-06 04:20:00+00:00,43.0,43.04999923706055,43.0,43.04999923706055,2000,0.0,0.0
2024-05-06 04:25:00+00:00,43.04999923706055,43.04999923706055,43.04999923706055,43.04999923706055,6150,0.0,0.0
2024-05-06 04:30:00+00:00,43.04999923706055,43.04999923706055,43.04999923706055,43.04999923706055,1000,0.0,0.0
2024-05-06 04:35:00+00:00,43.04999923706055,43.04999923706055,43.04999923706055,43.04999923706055,1020,0.0,0.0
2024-05-06 04:40:00+00:00,43.04999923706055,43.04999923706055,43.04999923706055,43.04999923706055,1000,0.0,0.0
2024-05-06 04:45:00+00:00,43.04999923706055,43.04999923706055,43.04999923706055,43.04999923706055,5524,0.0,0.0
2024-05-06 04:50:00+00:00,43.04999923706055,43.04999923706055,43.04999923706055,43.04999923706055,4020,0.0,0.0
2024-05-06 04:55:00+00:00,43.04999923706055,43.04999923706055,43.04999923706055,43.04999923706055,4000,0.0,0.0
2024-05-06 05:00:00+00:00,43.04999923706055,43.04999923706055,43.04999923706055,43.04999923706055,10100,0.0,0.0
2024-05-06 05:05:00+00:00,43.04999923706055,43.04999923706055,43.04999923706055,43.04999923706055,4538,0.0,0.0
2024-05-06 05:10:00+00:00,43.04999923706055,43.099998474121094,43.0,43.0,21000,0.0,0.0
2024-05-06 05:15:00+00:00,43.0,43.099998474121094,43.0,43.099998474121094,14071,0.0,0.0
2024-05-06 05:20:00+00:00,43.04999923706055,43.099998474121094,43.0,43.099998474121094,18089,0.0,0.0
2024-05-07 01:00:00+00:00,43.20000076293945,43.5,43.20000076293945,43.45000076293945,35000,0.0,0.0
2024-05-07 01:05:00+00:00,43.400001525878906,43.400001525878906,43.349998474121094,43.400001525878906,8510,0.0,0.0
2024-05-07 01:15:00+00:00,43.349998474121094,43.349998474121094,43.20000076293945,43.20000076293945,15724,0.0,0.0
2024-05-07 01:20:00+00:00,43.099998474121094,43.099998474121094,43.0,43.0,11579,0.0,0.0
2024-05-07 01:30:00+00:00,43.04999923706055,43.099998474121094,43.04999923706055,43.099998474121094,4050,0.0,0.0
2024-05-07 01:40:00+00:00,43.04999923706055,43.04999923706055,43.04999923706055,43.04999923706055,2000,0.0,0.0
2024-05-07 01:45:00+00:00,43.04999923706055,43.04999923706055,43.0,43.0,9030,0.0,0.0
2024-05-07 01:50:00+00:00,43.0,43.0,43.0,43.0,2557,0.0,0.0
2024-05-07 01:55:00+00:00,43.0,43.0,43.0,43.0,2000,0.0,0.0
2024-05-07 02:00:00+00:00,43.0,43.0,43.0,43.0,1530,0.0,0.0
2024-05-07 02:10:00+00:00,43.0,43.0,42.95000076293945,43.0,6350,0.0,0.0
2024-05-07 02:20:00+00:00,42.95000076293945,43.0,42.95000076293945,43.0,16000,0.0,0.0
2024-05-07 02:25:00+00:00,42.900001525878906,43.0,42.79999923706055,42.79999923706055,13000,0.0,0.0
2024-05-07 02:30:00+00:00,42.79999923706055,42.79999923706055,42.79999923706055,42.79999923706055,8529,0.0,0.0
2024-05-07 02:35:00+00:00,42.79999923706055,42.79999923706055,42.70000076293945,42.70000076293945,9000,0.0,0.0
2024-05-07 02:50:00+00:00,42.75,42.75,42.75,42.75,1000,0.0,0.0
2024-05-07 03:05:00+00:00,42.75,42.75,42.75,42.75,4000,0.0,0.0
2024-05-07 03:10:00+00:00,42.70000076293945,42.70000076293945,42.70000076293945,42.70000076293945,4572,0.0,0.0
2024-05-07 03:35:00+00:00,42.70000076293945,42.70000076293945,42.70000076293945,42.70000076293945,2023,0.0,0.0
2024-05-07 03:50:00+00:00,42.70000076293945,42.70000076293945,42.70000076293945,42.70000076293945,7000,0.0,0.0
2024-05-07 03:55:00+00:00,42.75,42.75,42.75,42.75,1000,0.0,0.0
2024-05-07 04:05:00+00:00,42.75,42.79999923706055,42.75,42.79999923706055,3000,0.0,0.0
2024-05-07 04:10:00+00:00,42.79999923706055,42.79999923706055,42.75,42.75,8025,0.0,0.0
2024-05-07 04:20:00+00:00,42.79999923706055,42.79999923706055,42.79999923706055,42.79999923706055,4000,0.0,0.0
2024-05-07 04:25:00+00:00,42.849998474121094,42.849998474121094,42.849998474121094,42.849998474121094,1233,0.0,0.0
2024-05-07 04:35:00+00:00,42.900001525878906,42.900001525878906,42.900001525878906,42.900001525878906,1204,0.0,0.0
2024-05-07 04:40:00+00:00,42.849998474121094,42.849998474121094,42.849998474121094,42.849998474121094,1000,0.0,0.0
2024-05-07 04:45:00+00:00,42.849998474121094,42.849998474121094,42.849998474121094,42.849998474121094,1054,0.0,0.0
2024-05-07 04:50:00+00:00,42.79999923706055,42.79999923706055,42.79999923706055,42.79999923706055,0,0.0,0.0
2024-05-07 04:55:00+00:00,42.900001525878906,42.900001525878906,42.849998474121094,42.849998474121094,190290,0.0,0.0
2024-05-07 05:05:00+00:00,42.900001525878906,42.900001525878906,42.849998474121094,42.849998474121094,5500,0.0,0.0
2024-05-07 05:10:00+00:00,42.849998474121094,42.849998474121094,42.849998474121094,42.849998474121094,3000,0.0,0.0
2024-05-07 05:15:00+00:00,42.900001525878906,42.900001525878906,42.849998474121094,42.849998474121094,5003,0.0,0.0
2024-05-07 05:20:00+00:00,42.95000076293945,42.95000076293945,42.95000076293945,42.95000076293945,1325,0.0,0.0
2024-05-08 01:00:00+00:00,42.849998474121094,42.900001525878906,42.849998474121094,42.900001525878906,3000,0.0,0.0
2024-05-08 01:05:00+00:00,42.900001525878906,43.0,42.849998474121094,43.0,17064,0.0,0.0
2024-05-08 01:10:00+00:00,43.0,43.0,43.0,43.0,2341,0.0,0.0
2024-05-08 01:15:00+00:00,42.849998474121094,42.849998474121094,42.849998474121094,42.849998474121094,2041,0.0,0.0
2024-05-08 01:25:00+00:00,42.849998474121094,42.849998474121094,42.849998474121094,42.849998474121094,3098,0.0,0.0
2024-05-08 01:30:00+00:00,42.79999923706055,42.79999923706055,42.79999923706055,42.79999923706055,2000,0.0,0.0
2024-05-08 01:40:00+00:00,42.900001525878906,42.900001525878906,42.900001525878906,42.900001525878906,1020,0.0,0.0
2024-05-08 01:45:00+00:00,42.900001525878906,42.900001525878906,42.900001525878906,42.900001525878906,4000,0.0,0.0
2024-05-08 01:50:00+00:00,42.95000076293945,43.0,42.95000076293945,43.0,5762,0.0,0.0
2024-05-08 01:55:00+00:00,43.0,43.0,43.0,43.0,1005,0.0,0.0
2024-05-08 02:00:00+00:00,43.0,43.0,42.95000076293945,42.95000076293945,10169,0.0,0.0
2024-05-08 02:05:00+00:00,43.0,43.0,43.0,43.0,2000,0.0,0.0
2024-05-08 02:10:00+00:00,42.95000076293945,42.95000076293945,42.95000076293945,42.95000076293945,5029,0.0,0.0
2024-05-08 02:15:00+00:00,42.849998474121094,42.849998474121094,42.849998474121094,42.849998474121094,2024,0.0,0.0
2024-05-08 02:20:00+00:00,42.900001525878906,42.900001525878906,42.900001525878906,42.900001525878906,1093,0.0,0.0
2024-05-08 02:35:00+00:00,42.849998474121094,42.849998474121094,42.849998474121094,42.849998474121094,1000,0.0,0.0
2024-05-08 02:45:00+00:00,42.849998474121094,42.849998474121094,42.849998474121094,42.849998474121094,2000,0.0,0.0
2024-05-08 02:50:00+00:00,42.849998474121094,42.900001525878906,42.849998474121094,42.900001525878906,2000,0.0,0.0
2024-05-08 03:00:00+00:00,42.849998474121094,42.849998474121094,42.849998474121094,42.849998474121094,3343,0.0,0.0
2024-05-08 03:20:00+00:00,42.849998474121094,42.849998474121094,42.849998474121094,42.849998474121094,2000,0.0,0.0
2024-05-08 03:25:00+00:00,42.849998474121094,42.849998474121094,42.849998474121094,42.849998474121094,1000,0.0,0.0
2024-05-08 03:35:00+00:00,42.849998474121094,42.849998474121094,42.849998474121094,42.849998474121094,2657,0.0,0.0
2024-05-08 03:45:00+00:00,42.849998474121094,42.900001525878906,42.849998474121094,42.900001525878906,6000,0.0,0.0
2024-05-08 04:00:00+00:00,42.95000076293945,42.95000076293945,42.900001525878906,42.900001525878906,4000,0.0,0.0
2024-05-08 04:10:00+00:00,42.95000076293945,42.95000076293945,42.79999923706055,42.79999923706055,16000,0.0,0.0
2024-05-08 04:15:00+00:00,42.79999923706055,42.79999923706055,42.79999923706055,42.79999923706055,1100,0.0,0.0
2024-05-08 04:20:00+00:00,42.79999923706055,42.79999923706055,42.79999923706055,42.79999923706055,1005,0.0,0.0
2024-05-08 04:25:00+00:00,42.79999923706055,42.79999923706055,42.79999923706055,42.79999923706055,16000,0.0,0.0
2024-05-08 04:30:00+00:00,42.79999923706055,42.79999923706055,42.75,42.75,19088,0.0,0.0
2024-05-08 04:35:00+00:00,42.75,42.79999923706055,42.75,42.79999923706055,5000,0.0,0.0
2024-05-08 04:40:00+00:00,42.79999923706055,42.79999923706055,42.79999923706055,42.79999923706055,1000,0.0,0.0
2024-05-08 04:50:00+00:00,42.75,42.79999923706055,42.75,42.75,5000,0.0,0.0
2024-05-08 05:00:00+00:00,42.79999923706055,42.849998474121094,42.79999923706055,42.849998474121094,3005,0.0,0.0
2024-05-08 05:15:00+00:00,42.900001525878906,42.900001525878906,42.900001525878906,42.900001525878906,1000,0.0,0.0
2024-05-08 05:20:00+00:00,42.900001525878906,43.04999923706055,42.900001525878906,43.04999923706055,27023,0.0,0.0
2024-05-09 01:00:00+00:00,42.95000076293945,43.099998474121094,42.849998474121094,42.849998474121094,71126,0.0,0.0
2024-05-09 01:15:00+00:00,43.0,43.0,43.0,43.0,4000,0.0,0.0
2024-05-09 01:20:00+00:00,43.0,43.0,43.0,43.0,1010,0.0,0.0
2024-05-09 01:25:00+00:00,43.04999923706055,43.04999923706055,43.04999923706055,43.04999923706055,2054,0.0,0.0
2024-05-09 01:30:00+00:00,43.0,43.04999923706055,43.0,43.04999923706055,3100,0.0,0.0
2024-05-09 01:45:00+00:00,43.0,43.0,43.0,43.0,2000,0.0,0.0
2024-05-09 01:50:00+00:00,43.0,43.0,43.0,43.0,3256,0.0,0.0
2024-05-09 02:05:00+00:00,43.0,43.0,43.0,43.0,2120,0.0,0.0
2024-05-09 02:10:00+00:00,43.0,43.0,43.0,43.0,1000,0.0,0.0
2024-05-09 02:15:00+00:00,43.0,43.0,43.0,43.0,1100,0.0,0.0
2024-05-09 02:20:00+00:00,43.0,43.04999923706055,43.0,43.04999923706055,5000,0.0,0.0
2024-05-09 02:25:00+00:00,43.0,43.0,43.0,43.0,1093,0.0,0.0
2024-05-09 02:40:00+00:00,43.0,43.0,42.900001525878906,42.900001525878906,17000,0.0,0.0
2024-05-09 02:45:00+00:00,42.900001525878906,42.900001525878906,42.900001525878906,42.900001525878906,1100,0.0,0.0
2024-05-09 02:50:00+00:00,42.900001525878906,42.900001525878906,42.900001525878906,42.900001525878906,3000,0.0,0.0
2024-05-09 03:00:00+00:00,42.849998474121094,42.849998474121094,42.849998474121094,42.849998474121094,5402,0.0,0.0
2024-05-09 03:05:00+00:00,42.849998474121094,42.900001525878906,42.849998474121094,42.900001525878906,3000,0.0,0.0
2024-05-09 03:10:00+00:00,42.849998474121094,42.849998474121094,42.849998474121094,42.849998474121094,14100,0.0,0.0
2024-05-09 03:25:00+00:00,42.900001525878906,42.900001525878906,42.900001525878906,42.900001525878906,1082,0.0,0.0
2024-05-09 03:35:00+00:00,42.849998474121094,42.849998474121094,42.849998474121094,42.849998474121094,1000,0.0,0.0
2024-05-09 03:45:00+00:00,42.900001525878906,42.900001525878906,42.900001525878906,42.900001525878906,1000,0.0,0.0
2024-05-09 03:50:00+00:00,42.849998474121094,42.849998474121094,42.849998474121094,42.849998474121094,1000,0.0,0.0
2024-05-09 04:05:00+00:00,42.849998474121094,42.849998474121094,42.849998474121094,42.849998474121094,2000,0.0,0.0
2024-05-09 04:10:00+00:00,42.849998474121094,42.849998474121094,42.849998474121094,42.849998474121094,5000,0.0,0.0
2024-05-09 04:15:00+00:00,42.849998474121094,42.849998474121094,42.849998474121094,42.849998474121094,5000,0.0,0.0
2024-05-09 04:20:00+00:00,42.849998474121094,42.849998474121094,42.849998474121094,42.849998474121094,2000,0.0,0.0
2024-05-09 04:25:00+00:00,42.900001525878906,42.900001525878906,42.900001525878906,42.900001525878906,3001,0.0,0.0
2024-05-09 04:45:00+00:00,42.849998474121094,42.849998474121094,42.849998474121094,42.849998474121094,2030,0.0,0.0
2024-05-09 05:00:00+00:00,42.900001525878906,42.900001525878906,42.900001525878906,42.900001525878906,3160,0.0,0.0
2024-05-09 05:15:00+00:00,42.849998474121094,42.849998474121094,42.849998474121094,42.849998474121094,1000,0.0,0.0
2024-05-09 05:20:00+00:00,42.849998474121094,43.04999923706055,42.849998474121094,43.04999923706055,35000,0.0,0.0
2024-05-10 01:00:00+00:00,43.099998474121094,43.099998474121094,43.099998474121094,43.099998474121094,0,0.0,0.0
2024-05-10 01:05:00+00:00,43.0,43.0,43.0,43.0,3041,0.0,0.0
2024-05-10 01:10:00+00:00,43.0,43.04999923706055,43.0,43.04999923706055,4069,0.0,0.0
2024-05-10 01:15:00+00:00,43.04999923706055,43.04999923706055,43.04999923706055,43.04999923706055,2260,0.0,0.0
2024-05-10 01:40:00+00:00,42.95000076293945,42.95000076293945,42.95000076293945,42.95000076293945,1040,0.0,0.0
2024-05-10 01:45:00+00:00,43.0,43.0,43.0,43.0,4000,0.0,0.0
2024-05-10 01:55:00+00:00,43.0,43.0,42.900001525878906,42.900001525878906,11100,0.0,0.0
2024-05-10 02:05:00+00:00,42.900001525878906,42.900001525878906,42.900001525878906,42.900001525878906,2094,0.0,0.0
2024-05-10 02:20:00+00:00,42.95000076293945,42.95000076293945,42.95000076293945,42.95000076293945,2000,0.0,0.0
2024-05-10 02:30:00+00:00,42.95000076293945,42.95000076293945,42.95000076293945,42.95000076293945,1827,0.0,0.0
2024-05-10 02:35:00+00:00,42.900001525878906,42.900001525878906,42.900001525878906,42.900001525878906,1300,0.0,0.0
2024-05-10 03:25:00+00:00,42.900001525878906,42.900001525878906,42.900001525878906,42.900001525878906,2000,0.0,0.0
2024-05-10 03:30:00+00:00,42.900001525878906,42.900001525878906,42.849998474121094,42.849998474121094,8000,0.0,0.0
2024-05-10 03:35:00+00:00,42.900001525878906,42.900001525878906,42.900001525878906,42.900001525878906,1050,0.0,0.0
2024-05-10 03:40:00+00:00,42.849998474121094,42.900001525878906,42.849998474121094,42.900001525878906,3131,0.0,0.0
2024-05-10 03:45:00+00:00,42.849998474121094,42.849998474121094,42.849998474121094,42.849998474121094,3000,0.0,0.0
2024-05-10 03:50:00+00:00,42.900001525878906,42.900001525878906,42.900001525878906,42.900001525878906,4010,0.0,0.0
2024-05-10 04:05:00+00:00,42.849998474121094,42.900001525878906,42.849998474121094,42.900001525878906,2000,0.0,0.0
2024-05-10 04:10:00+00:00,42.900001525878906,42.900001525878906,42.900001525878906,42.900001525878906,1000,0.0,0.0
2024-05-10 04:20:00+00:00,42.900001525878906,42.900001525878906,42.900001525878906,42.900001525878906,2000,0.0,0.0
2024-05-10 04:25:00+00:00,42.900001525878906,42.900001525878906,42.900001525878906,42.900001525878906,1251,0.0,0.0
2024-05-10 04:50:00+00:00,42.900001525878906,42.95000076293945,42.900001525878906,42.95000076293945,4000,0.0,0.0
2024-05-10 04:55:00+00:00,42.900001525878906,42.900001525878906,42.900001525878906,42.900001525878906,1020,0.0,0.0
2024-05-10 05:00:00+00:00,42.95000076293945,43.0,42.95000076293945,43.0,7010,0.0,0.0
2024-05-10 05:05:00+00:00,42.95000076293945,43.0,42.95000076293945,43.0,2010,0.0,0.0
2024-05-10 05:15:00+00:00,43.0,43.0,42.95000076293945,43.0,8107,0.0,0.0
2024-05-10 05:20:00+00:00,42.95000076293945,42.95000076293945,42.95000076293945,42.95000076293945,3525,0.0,0.0
2024-05-13 01:00:00+00:00,43.0,43.0,42.95000076293945,42.95000076293945,0,0.0,0.0
2024-05-13 01:10:00+00:00,42.95000076293945,43.0,42.95000076293945,43.0,3023,0.0,0.0
2024-05-13 01:15:00+00:00,43.0,43.04999923706055,43.0,43.04999923706055,3353,0.0,0.0
2024-05-13 01:30:00+00:00,43.0,43.0,43.0,43.0,2000,0.0,0.0
2024-05-13 01:35:00+00:00,42.95000076293945,43.0,42.95000076293945,43.0,6000,0.0,0.0
2024-05-13 01:40:00+00:00,43.0,43.0,43.0,43.0,1000,0.0,0.0
2024-05-13 01:45:00+00:00,43.04999923706055,43.04999923706055,43.04999923706055,43.04999923706055,2402,0.0,0.0
2024-05-13 02:10:00+00:00,43.0,43.0,43.0,43.0,2300,0.0,0.0
2024-05-13 02:25:00+00:00,43.0,43.0,43.0,43.0,2001,0.0,0.0
2024-05-13 02:35:00+00:00,43.0,43.0,43.0,43.0,1243,0.0,0.0
2024-05-13 03:00:00+00:00,43.0,43.0,43.0,43.0,12025,0.0,0.0
2024-05-13 03:10:00+00:00,42.95000076293945,42.95000076293945,42.95000076293945,42.95000076293945,3052,0.0,0.0
2024-05-13 03:25:00+00:00,42.95000076293945,42.95000076293945,42.95000076293945,42.95000076293945,10007,0.0,0.0
2024-05-13 03:30:00+00:00,43.0,43.0,43.0,43.0,0,0.0,0.0
2024-05-13 03:35:00+00:00,43.0,43.0,42.95000076293945,42.95000076293945,67483,0.0,0.0
2024-05-13 03:40:00+00:00,42.900001525878906,42.900001525878906,42.900001525878906,42.900001525878906,3400,0.0,0.0
2024-05-13 03:50:00+00:00,42.900001525878906,42.900001525878906,42.900001525878906,42.900001525878906,1000,0.0,0.0
2024-05-13 03:55:00+00:00,42.95000076293945,43.0,42.95000076293945,43.0,15000,0.0,0.0
2024-05-13 04:15:00+00:00,43.0,43.0,43.0,43.0,15000,0.0,0.0
2024-05-13 04:25:00+00:00,43.0,43.0,43.0,43.0,1001,0.0,0.0
2024-05-13 04:35:00+00:00,43.0,43.0,42.900001525878906,42.900001525878906,16410,0.0,0.0
2024-05-13 04:40:00+00:00,42.95000076293945,42.95000076293945,42.95000076293945,42.95000076293945,1050,0.0,0.0
2024-05-13 04:45:00+00:00,42.95000076293945,42.95000076293945,42.95000076293945,42.95000076293945,7021,0.0,0.0
2024-05-13 05:00:00+00:00,42.95000076293945,42.95000076293945,42.95000076293945,42.95000076293945,1755,0.0,0.0
2024-05-13 05:05:00+00:00,43.0,43.04999923706055,43.0,43.04999923706055,3000,0.0,0.0
2024-05-13 05:15:00+00:00,43.0,43.0,43.0,43.0,16001,0.0,0.0
2024-05-13 05:20:00+00:00,43.0,43.0,43.0,43.0,2007,0.0,0.0
2024-05-14 01:00:00+00:00,43.150001525878906,43.150001525878906,43.0,43.0,6003,0.0,0.0
2024-05-14 01:10:00+00:00,43.0,43.04999923706055,43.0,43.0,5001,0.0,0.0
2024-05-14 01:20:00+00:00,42.95000076293945,43.0,42.95000076293945,43.0,5000,0.0,0.0
2024-05-14 01:30:00+00:00,43.0,43.0,43.0,43.0,1000,0.0,0.0
2024-05-14 01:35:00+00:00,43.0,43.0,43.0,43.0,1000,0.0,0.0
2024-05-14 01:40:00+00:00,43.04999923706055,43.04999923706055,43.04999923706055,43.04999923706055,1000,0.0,0.0
2024-05-14 01:45:00+00:00,43.099998474121094,43.099998474121094,43.099998474121094,43.099998474121094,1000,0.0,0.0
2024-05-14 01:50:00+00:00,43.0,43.0,43.0,43.0,2140,0.0,0.0
2024-05-14 02:15:00+00:00,43.099998474121094,43.099998474121094,43.099998474121094,43.099998474121094,1844,0.0,0.0
2024-05-14 02:35:00+00:00,43.04999923706055,43.04999923706055,43.04999923706055,43.04999923706055,3032,0.0,0.0
2024-05-14 03:00:00+00:00,43.0,43.0,43.0,43.0,2157,0.0,0.0
2024-05-14 03:10:00+00:00,43.0,43.0,43.0,43.0,1546,0.0,0.0
2024-05-14 03:40:00+00:00,43.04999923706055,43.04999923706055,43.04999923706055,43.04999923706055,4000,0.0,0.0
2024-05-14 03:45:00+00:00,43.0,43.0,43.0,43.0,1011,0.0,0.0
2024-05-14 03:50:00+00:00,43.0,43.0,43.0,43.0,1000,0.0,0.0
2024-05-14 03:55:00+00:00,43.0,43.0,43.0,43.0,1039,0.0,0.0
2024-05-14 04:05:00+00:00,43.0,43.0,43.0,43.0,1000,0.0,0.0
2024-05-14 04:10:00+00:00,43.04999923706055,43.04999923706055,43.0,43.0,6301,0.0,0.0
2024-05-14 04:35:00+00:00,43.0,43.0,43.0,43.0,2012,0.0,0.0
2024-05-14 04:45:00+00:00,43.0,43.0,43.0,43.0,2000,0.0,0.0
2024-05-14 04:50:00+00:00,43.0,43.0,43.0,43.0,2001,0.0,0.0
2024-05-14 04:55:00+00:00,43.0,43.099998474121094,43.0,43.0,6049,0.0,0.0
2024-05-14 05:00:00+00:00,43.0,43.0,43.0,43.0,2000,0.0,0.0
2024-05-14 05:05:00+00:00,43.099998474121094,43.099998474121094,43.04999923706055,43.04999923706055,4000,0.0,0.0
2024-05-14 05:10:00+00:00,43.04999923706055,43.04999923706055,43.0,43.0,13000,0.0,0.0
2024-05-14 05:15:00+00:00,43.0,43.0,43.0,43.0,2000,0.0,0.0
2024-05-14 05:20:00+00:00,43.04999923706055,43.04999923706055,43.04999923706055,43.04999923706055,3000,0.0,0.0
2024-05-15 01:00:00+00:00,43.150001525878906,43.150001525878906,43.150001525878906,43.150001525878906,2329,0.0,0.0
2024-05-15 01:15:00+00:00,43.099998474121094,43.150001525878906,43.099998474121094,43.150001525878906,10008,0.0,0.0
2024-05-15 01:25:00+00:00,43.150001525878906,43.150001525878906,43.099998474121094,43.099998474121094,5001,0.0,0.0
2024-05-15 01:30:00+00:00,43.099998474121094,43.099998474121094,43.099998474121094,43.099998474121094,1000,0.0,0.0
2024-05-15 01:35:00+00:00,43.099998474121094,43.099998474121094,43.099998474121094,43.099998474121094,2000,0.0,0.0
2024-05-15 01:40:00+00:00,43.099998474121094,43.099998474121094,43.099998474121094,43.099998474121094,1200,0.0,0.0
2024-05-15 01:50:00+00:00,43.099998474121094,43.099998474121094,43.099998474121094,43.099998474121094,2011,0.0,0.0
2024-05-15 01:55:00+00:00,43.04999923706055,43.099998474121094,43.04999923706055,43.099998474121094,2005,0.0,0.0
2024-05-15 02:00:00+00:00,43.099998474121094,43.099998474121094,43.099998474121094,43.099998474121094,1330,0.0,0.0
2024-05-15 02:05:00+00:00,43.099998474121094,43.099998474121094,43.099998474121094,43.099998474121094,1050,0.0,0.0
2024-05-15 02:10:00+00:00,43.04999923706055,43.04999923706055,43.04999923706055,43.04999923706055,1008,0.0,0.0
2024-05-15 02:15:00+00:00,43.150001525878906,43.150001525878906,43.150001525878906,43.150001525878906,1000,0.0,0.0
2024-05-15 02:20:00+00:00,43.150001525878906,43.150001525878906,43.150001525878906,43.150001525878906,6000,0.0,0.0
2024-05-15 02:25:00+00:00,43.150001525878906,43.150001525878906,43.099998474121094,43.099998474121094,3330,0.0,0.0
2024-05-15 02:30:00+00:00,43.099998474121094,43.150001525878906,43.099998474121094,43.150001525878906,3000,0.0,0.0
2024-05-15 02:35:00+00:00,43.099998474121094,43.099998474121094,43.099998474121094,43.099998474121094,3050,0.0,0.0
2024-05-15 02:40:00+00:00,43.04999923706055,43.04999923706055,43.04999923706055,43.04999923706055,1000,0.0,0.0
2024-05-15 02:50:00+00:00,43.04999923706055,43.099998474121094,43.04999923706055,43.099998474121094,2030,0.0,0.0
2024-05-15 02:55:00+00:00,43.099998474121094,43.099998474121094,43.099998474121094,43.099998474121094,1000,0.0,0.0
2024-05-15 03:05:00+00:00,43.099998474121094,43.099998474121094,43.099998474121094,43.099998474121094,7810,0.0,0.0
2024-05-15 03:20:00+00:00,43.099998474121094,43.099998474121094,43.099998474121094,43.099998474121094,2100,0.0,0.0
2024-05-15 03:25:00+00:00,43.099998474121094,43.099998474121094,43.099998474121094,43.099998474121094,1394,0.0,0.0
2024-05-15 03:40:00+00:00,43.150001525878906,43.150001525878906,43.150001525878906,43.150001525878906,1000,0.0,0.0
2024-05-15 03:45:00+00:00,43.099998474121094,43.099998474121094,43.099998474121094,43.099998474121094,1000,0.0,0.0
2024-05-15 03:50:00+00:00,43.099998474121094,43.150001525878906,43.04999923706055,43.150001525878906,11032,0.0,0.0
2024-05-15 03:55:00+00:00,43.099998474121094,43.099998474121094,43.099998474121094,43.099998474121094,2423,0.0,0.0
2024-05-15 04:15:00+00:00,43.099998474121094,43.099998474121094,43.099998474121094,43.099998474121094,2000,0.0,0.0
2024-05-15 04:20:00+00:00,43.150001525878906,43.150001525878906,43.150001525878906,43.150001525878906,5051,0.0,0.0
2024-05-15 04:30:00+00:00,43.150001525878906,43.150001525878906,43.099998474121094,43.099998474121094,4224,0.0,0.0
2024-05-15 04:35:00+00:00,43.150001525878906,43.150001525878906,43.150001525878906,43.150001525878906,1000,0.0,0.0
2024-05-15 04:40:00+00:00,43.099998474121094,43.099998474121094,43.099998474121094,43.099998474121094,6000,0.0,0.0
2024-05-15 04:45:00+00:00,43.099998474121094,43.099998474121094,43.099998474121094,43.099998474121094,3001,0.0,0.0
2024-05-15 04:55:00+00:00,43.099998474121094,43.099998474121094,43.099998474121094,43.099998474121094,3000,0.0,0.0
2024-05-15 05:00:00+00:00,43.150001525878906,43.150001525878906,43.150001525878906,43.150001525878906,4514,0.0,0.0
2024-05-15 05:05:00+00:00,43.150001525878906,43.150001525878906,43.150001525878906,43.150001525878906,2000,0.0,0.0
2024-05-15 05:10:00+00:00,43.099998474121094,43.150001525878906,43.099998474121094,43.150001525878906,3200,0.0,0.0
2024-05-15 05:15:00+00:00,43.150001525878906,43.150001525878906,43.150001525878906,43.150001525878906,3150,0.0,0.0
2024-05-15 05:20:00+00:00,43.150001525878906,43.150001525878906,43.150001525878906,43.150001525878906,3003,0.0,0.0
2024-05-16 01:00:00+00:00,43.25,43.79999923706055,43.25,43.79999923706055,34000,0.0,0.0
2024-05-16 01:05:00+00:00,43.400001525878906,43.75,43.400001525878906,43.75,19488,0.0,0.0
2024-05-16 01:10:00+00:00,43.70000076293945,43.70000076293945,43.400001525878906,43.45000076293945,11000,0.0,0.0
2024-05-16 01:15:00+00:00,43.599998474121094,43.70000076293945,43.599998474121094,43.70000076293945,10400,0.0,0.0
2024-05-16 01:20:00+00:00,43.70000076293945,43.70000076293945,43.650001525878906,43.650001525878906,12848,0.0,0.0
2024-05-16 01:25:00+00:00,43.599998474121094,43.599998474121094,43.599998474121094,43.599998474121094,1102,0.0,0.0
2024-05-16 01:35:00+00:00,43.599998474121094,43.650001525878906,43.599998474121094,43.650001525878906,8381,0.0,0.0
2024-05-16 01:40:00+00:00,43.70000076293945,43.70000076293945,43.650001525878906,43.70000076293945,15000,0.0,0.0
2024-05-16 01:45:00+00:00,43.70000076293945,43.70000076293945,43.70000076293945,43.70000076293945,4151,0.0,0.0
2024-05-16 01:55:00+00:00,43.599998474121094,43.599998474121094,43.599998474121094,43.599998474121094,4010,0.0,0.0
2024-05-16 02:00:00+00:00,43.599998474121094,43.599998474121094,43.599998474121094,43.599998474121094,3000,0.0,0.0
2024-05-16 02:10:00+00:00,43.650001525878906,43.70000076293945,43.650001525878906,43.70000076293945,2760,0.0,0.0
2024-05-16 02:15:00+00:00,43.70000076293945,43.70000076293945,43.70000076293945,43.70000076293945,1491,0.0,0.0
2024-05-16 02:20:00+00:00,43.650001525878906,43.650001525878906,43.5,43.5,17009,0.0,0.0
2024-05-16 02:25:00+00:00,43.650001525878906,43.70000076293945,43.599998474121094,43.599998474121094,12000,0.0,0.0
2024-05-16 02:30:00+00:00,43.599998474121094,43.650001525878906,43.599998474121094,43.599998474121094,3334,0.0,0.0
2024-05-16 02:35:00+00:00,43.599998474121094,43.599998474121094,43.599998474121094,43.599998474121094,6011,0.0,0.0
2024-05-16 02:40:00+00:00,43.650001525878906,43.650001525878906,43.5,43.5,8006,0.0,0.0
2024-05-16 02:55:00+00:00,43.5,43.5,43.5,43.5,1038,0.0,0.0
2024-05-16 03:10:00+00:00,43.5,43.5,43.349998474121094,43.349998474121094,9023,0.0,0.0
2024-05-16 03:15:00+00:00,43.45000076293945,43.45000076293945,43.45000076293945,43.45000076293945,1000,0.0,0.0
2024-05-16 03:25:00+00:00,43.349998474121094,43.349998474121094,43.349998474121094,43.349998474121094,4000,0.0,0.0
2024-05-16 03:30:00+00:00,43.349998474121094,43.349998474121094,43.349998474121094,43.349998474121094,3007,0.0,0.0
2024-05-16 03:35:00+00:00,43.400001525878906,43.400001525878906,43.349998474121094,43.349998474121094,2000,0.0,0.0
2024-05-16 03:40:00+00:00,43.349998474121094,43.349998474121094,43.349998474121094,43.349998474121094,3004,0.0,0.0
2024-05-16 03:50:00+00:00,43.29999923706055,43.29999923706055,43.29999923706055,43.29999923706055,6002,0.0,0.0
2024-05-16 04:05:00+00:00,43.349998474121094,43.349998474121094,43.349998474121094,43.349998474121094,1525,0.0,0.0
2024-05-16 04:10:00+00:00,43.349998474121094,43.349998474121094,43.349998474121094,43.349998474121094,1000,0.0,0.0
2024-05-16 04:15:00+00:00,43.349998474121094,43.349998474121094,43.29999923706055,43.29999923706055,10000,0.0,0.0
2024-05-16 04:20:00+00:00,43.29999923706055,43.29999923706055,43.25,43.29999923706055,5000,0.0,0.0
2024-05-16 04:25:00+00:00,43.29999923706055,43.349998474121094,43.29999923706055,43.349998474121094,3069,0.0,0.0
2024-05-16 04:35:00+00:00,43.349998474121094,43.400001525878906,43.349998474121094,43.400001525878906,11000,0.0,0.0
2024-05-16 04:40:00+00:00,43.349998474121094,43.349998474121094,43.349998474121094,43.349998474121094,2115,0.0,0.0
2024-05-16 04:50:00+00:00,43.400001525878906,43.400001525878906,43.400001525878906,43.400001525878906,1000,0.0,0.0
2024-05-16 04:55:00+00:00,43.400001525878906,43.400001525878906,43.400001525878906,43.400001525878906,1000,0.0,0.0
2024-05-16 05:00:00+00:00,43.400001525878906,43.45000076293945,43.400001525878906,43.45000076293945,13006,0.0,0.0
2024-05-16 05:05:00+00:00,43.45000076293945,43.45000076293945,43.45000076293945,43.45000076293945,1006,0.0,0.0
2024-05-16 05:10:00+00:00,43.349998474121094,43.45000076293945,43.349998474121094,43.45000076293945,4000,0.0,0.0
2024-05-16 05:15:00+00:00,43.400001525878906,43.400001525878906,43.400001525878906,43.400001525878906,1000,0.0,0.0
2024-05-16 05:20:00+00:00,43.45000076293945,43.45000076293945,43.45000076293945,43.45000076293945,2152,0.0,0.0
2024-05-17 01:00:00+00:00,43.5,43.5,43.5,43.5,4000,0.0,0.0
2024-05-17 01:05:00+00:00,43.5,43.5,43.29999923706055,43.29999923706055,4244,0.0,0.0
2024-05-17 01:10:00+00:00,43.29999923706055,43.349998474121094,43.25,43.25,4000,0.0,0.0
2024-05-17 01:15:00+00:00,43.29999923706055,43.29999923706055,43.29999923706055,43.29999923706055,3256,0.0,0.0
2024-05-17 01:20:00+00:00,43.25,43.25,43.25,43.25,3135,0.0,0.0
2024-05-17 01:25:00+00:00,43.25,43.25,43.25,43.25,3000,0.0,0.0
2024-05-17 01:30:00+00:00,43.20000076293945,43.20000076293945,43.20000076293945,43.20000076293945,6100,0.0,0.0
2024-05-17 01:35:00+00:00,43.20000076293945,43.20000076293945,43.20000076293945,43.20000076293945,9008,0.0,0.0
2024-05-17 01:45:00+00:00,43.25,43.25,43.20000076293945,43.20000076293945,3000,0.0,0.0
2024-05-17 01:55:00+00:00,43.400001525878906,43.400001525878906,43.400001525878906,43.400001525878906,1000,0.0,0.0
2024-05-17 02:05:00+00:00,43.400001525878906,43.400001525878906,43.400001525878906,43.400001525878906,3154,0.0,0.0
2024-05-17 02:25:00+00:00,43.400001525878906,43.400001525878906,43.400001525878906,43.400001525878906,1000,0.0,0.0
2024-05-17 02:35:00+00:00,43.400001525878906,43.400001525878906,43.349998474121094,43.349998474121094,4000,0.0,0.0
2024-05-17 02:45:00+00:00,43.349998474121094,43.349998474121094,43.29999923706055,43.29999923706055,3228,0.0,0.0
2024-05-17 02:55:00+00:00,43.20000076293945,43.20000076293945,43.20000076293945,43.20000076293945,10000,0.0,0.0
2024-05-17 03:00:00+00:00,43.20000076293945,43.20000076293945,43.20000076293945,43.20000076293945,1000,0.0,0.0
2024-05-17 03:05:00+00:00,43.20000076293945,43.20000076293945,43.20000076293945,43.20000076293945,2100,0.0,0.0
2024-05-17 03:15:00+00:00,43.25,43.25,43.25,43.25,1000,0.0,0.0
2024-05-17 03:20:00+00:00,43.20000076293945,43.20000076293945,43.20000076293945,43.20000076293945,3110,0.0,0.0
2024-05-17 03:25:00+00:00,43.20000076293945,43.20000076293945,43.20000076293945,43.20000076293945,2101,0.0,0.0
2024-05-17 03:55:00+00:00,43.25,43.25,43.20000076293945,43.20000076293945,3000,0.0,0.0
2024-05-17 04:00:00+00:00,43.20000076293945,43.20000076293945,43.20000076293945,43.20000076293945,1000,0.0,0.0
2024-05-17 04:05:00+00:00,43.25,43.25,43.25,43.25,4001,0.0,0.0
2024-05-17 04:15:00+00:00,43.20000076293945,43.20000076293945,43.20000076293945,43.20000076293945,1000,0.0,0.0
2024-05-17 04:20:00+00:00,43.25,43.25,43.25,43.25,1200,0.0,0.0
2024-05-17 04:25:00+00:00,43.25,43.25,43.25,43.25,1000,0.0,0.0
2024-05-17 04:30:00+00:00,43.25,43.25,43.20000076293945,43.20000076293945,3000,0.0,0.0
2024-05-17 04:35:00+00:00,43.20000076293945,43.20000076293945,43.20000076293945,43.20000076293945,5000,0.0,0.0
2024-05-17 04:40:00+00:00,43.20000076293945,43.25,43.20000076293945,43.25,2460,0.0,0.0
2024-05-17 04:50:00+00:00,43.20000076293945,43.20000076293945,43.150001525878906,43.150001525878906,10502,0.0,0.0
2024-05-17 05:00:00+00:00,43.20000076293945,43.20000076293945,43.20000076293945,43.20000076293945,3010,0.0,0.0
2024-05-17 05:10:00+00:00,43.150001525878906,43.150001525878906,43.150001525878906,43.150001525878906,10085,0.0,0.0
2024-05-17 05:20:00+00:00,43.150001525878906,43.25,43.150001525878906,43.25,3000,0.0,0.0
2024-05-20 01:00:00+00:00,43.900001525878906,43.900001525878906,43.5,43.5,0,0.0,0.0
2024-05-20 01:05:00+00:00,43.25,43.25,43.25,43.25,9135,0.0,0.0
2024-05-20 01:10:00+00:00,43.349998474121094,43.349998474121094,43.349998474121094,43.349998474121094,3196,0.0,0.0
2024-05-20 01:20:00+00:00,43.25,43.25,43.25,43.25,1000,0.0,0.0
2024-05-20 01:25:00+00:00,43.29999923706055,43.29999923706055,43.25,43.25,9170,0.0,0.0
2024-05-20 01:30:00+00:00,43.20000076293945,43.29999923706055,43.20000076293945,43.29999923706055,6000,0.0,0.0
2024-05-20 01:40:00+00:00,43.25,43.25,43.25,43.25,1000,0.0,0.0
2024-05-20 01:50:00+00:00,43.25,43.29999923706055,43.25,43.29999923706055,11001,0.0,0.0
2024-05-20 02:00:00+00:00,43.29999923706055,43.29999923706055,43.29999923706055,43.29999923706055,1001,0.0,0.0
2024-05-20 02:15:00+00:00,43.29999923706055,43.29999923706055,43.29999923706055,43.29999923706055,1001,0.0,0.0
2024-05-20 02:25:00+00:00,43.29999923706055,43.29999923706055,43.29999923706055,43.29999923706055,2000,0.0,0.0
2024-05-20 02:30:00+00:00,43.25,43.25,43.25,43.25,4345,0.0,0.0
2024-05-20 02:35:00+00:00,43.25,43.25,43.25,43.25,5000,0.0,0.0
2024-05-20 02:40:00+00:00,43.29999923706055,43.29999923706055,43.29999923706055,43.29999923706055,2208,0.0,0.0
2024-05-20 02:50:00+00:00,43.25,43.25,43.25,43.25,2515,0.0,0.0
2024-05-20 03:30:00+00:00,43.25,43.25,43.25,43.25,1000,0.0,0.0
2024-05-20 03:35:00+00:00,43.25,43.25,43.25,43.25,1000,0.0,0.0
2024-05-20 03:40:00+00:00,43.25,43.29999923706055,43.25,43.29999923706055,3000,0.0,0.0
2024-05-20 03:45:00+00:00,43.25,43.25,43.25,43.25,2500,0.0,0.0
2024-05-20 03:55:00+00:00,43.25,43.25,43.25,43.25,1203,0.0,0.0
2024-05-20 04:05:00+00:00,43.25,43.25,43.25,43.25,1000,0.0,0.0
2024-05-20 04:15:00+00:00,43.25,43.25,43.150001525878906,43.150001525878906,35187,0.0,0.0
2024-05-20 04:40:00+00:00,43.150001525878906,43.150001525878906,43.150001525878906,43.150001525878906,11139,0.0,0.0
2024-05-20 04:50:00+00:00,43.150001525878906,43.25,43.150001525878906,43.25,4000,0.0,0.0
2024-05-20 04:55:00+00:00,43.25,43.25,43.25,43.25,1018,0.0,0.0
2024-05-20 05:05:00+00:00,43.29999923706055,43.29999923706055,43.29999923706055,43.29999923706055,4000,0.0,0.0
2024-05-20 05:10:00+00:00,43.25,43.25,43.150001525878906,43.20000076293945,4000,0.0,0.0
2024-05-20 05:15:00+00:00,43.20000076293945,43.20000076293945,43.20000076293945,43.20000076293945,1701,0.0,0.0
2024-05-20 05:20:00+00:00,43.20000076293945,43.29999923706055,43.20000076293945,43.29999923706055,2003,0.0,0.0
2024-05-21 01:00:00+00:00,43.650001525878906,43.650001525878906,43.650001525878906,43.650001525878906,0,0.0,0.0
2024-05-21 01:10:00+00:00,43.54999923706055,43.54999923706055,43.29999923706055,43.29999923706055,2022,0.0,0.0
2024-05-21 01:25:00+00:00,43.29999923706055,43.29999923706055,43.20000076293945,43.20000076293945,10000,0.0,0.0
2024-05-21 01:30:00+00:00,43.29999923706055,43.29999923706055,43.29999923706055,43.29999923706055,1000,0.0,0.0
2024-05-21 01:35:00+00:00,43.349998474121094,43.400001525878906,43.349998474121094,43.400001525878906,6000,0.0,0.0
2024-05-21 01:45:00+00:00,43.25,43.25,43.25,43.25,1010,0.0,0.0
2024-05-21 01:55:00+00:00,43.25,43.25,43.25,43.25,1000,0.0,0.0
2024-05-21 02:00:00+00:00,43.25,43.25,43.20000076293945,43.20000076293945,14225,0.0,0.0
2024-05-21 02:05:00+00:00,43.150001525878906,43.150001525878906,43.150001525878906,43.150001525878906,2090,0.0,0.0
2024-05-21 02:35:00+00:00,43.150001525878906,43.150001525878906,43.150001525878906,43.150001525878906,2505,0.0,0.0
2024-05-21 03:00:00+00:00,43.150001525878906,43.150001525878906,43.150001525878906,43.150001525878906,10000,0.0,0.0
2024-05-21 03:05:00+00:00,43.150001525878906,43.20000076293945,43.150001525878906,43.20000076293945,3178,0.0,0.0
2024-05-21 03:20:00+00:00,43.20000076293945,43.20000076293945,43.20000076293945,43.20000076293945,1023,0.0,0.0
2024-05-21 03:45:00+00:00,43.20000076293945,43.20000076293945,43.20000076293945,43.20000076293945,1000,0.0,0.0
2024-05-21 03:50:00+00:00,43.20000076293945,43.20000076293945,43.20000076293945,43.20000076293945,2000,0.0,0.0
2024-05-21 03:55:00+00:00,43.25,43.25,43.25,43.25,3250,0.0,0.0
2024-05-21 04:05:00+00:00,43.29999923706055,43.29999923706055,43.29999923706055,43.29999923706055,2000,0.0,0.0
2024-05-21 04:25:00+00:00,43.20000076293945,43.20000076293945,43.150001525878906,43.150001525878906,6000,0.0,0.0
2024-05-21 04:35:00+00:00,43.150001525878906,43.150001525878906,43.150001525878906,43.150001525878906,2000,0.0,0.0
2024-05-21 04:40:00+00:00,43.150001525878906,43.150001525878906,43.099998474121094,43.099998474121094,7000,0.0,0.0
2024-05-21 05:00:00+00:00,43.20000076293945,43.25,43.20000076293945,43.25,4011,0.0,0.0
2024-05-21 05:20:00+00:00,43.150001525878906,43.150001525878906,43.150001525878906,43.150001525878906,1100,0.0,0.0
2024-05-22 01:00:00+00:00,43.150001525878906,43.150001525878906,43.150001525878906,43.150001525878906,2065,0.0,0.0
2024-05-22 01:30:00+00:00,43.150001525878906,43.150001525878906,43.150001525878906,43.150001525878906,2000,0.0,0.0
2024-05-22 01:35:00+00:00,43.150001525878906,43.150001525878906,43.150001525878906,43.150001525878906,1000,0.0,0.0
2024-05-22 01:50:00+00:00,43.150001525878906,43.150001525878906,43.150001525878906,43.150001525878906,2000,0.0,0.0
2024-05-22 02:00:00+00:00,43.25,43.25,43.25,43.25,2001,0.0,0.0
2024-05-22 02:15:00+00:00,43.25,43.25,43.25,43.25,5000,0.0,0.0
2024-05-22 02:25:00+00:00,43.20000076293945,43.20000076293945,43.150001525878906,43.150001525878906,2000,0.0,0.0
2024-05-22 02:30:00+00:00,43.150001525878906,43.150001525878906,43.150001525878906,43.150001525878906,6269,0.0,0.0
2024-05-22 02:45:00+00:00,43.20000076293945,43.20000076293945,43.20000076293945,43.20000076293945,2050,0.0,0.0
2024-05-22 02:55:00+00:00,43.25,43.29999923706055,43.20000076293945,43.29999923706055,4709,0.0,0.0
2024-05-22 03:20:00+00:00,43.25,43.29999923706055,43.150001525878906,43.29999923706055,12057,0.0,0.0
2024-05-22 03:40:00+00:00,43.20000076293945,43.20000076293945,43.20000076293945,43.20000076293945,3157,0.0,0.0
2024-05-22 03:50:00+00:00,43.25,43.25,43.150001525878906,43.150001525878906,2083,0.0,0.0
2024-05-22 04:10:00+00:00,43.20000076293945,43.20000076293945,43.20000076293945,43.20000076293945,2070,0.0,0.0
2024-05-22 04:20:00+00:00,43.20000076293945,43.20000076293945,43.150001525878906,43.150001525878906,2000,0.0,0.0
2024-05-22 04:40:00+00:00,43.150001525878906,43.150001525878906,43.150001525878906,43.150001525878906,2104,0.0,0.0
2024-05-22 05:05:00+00:00,43.20000076293945,43.20000076293945,43.150001525878906,43.150001525878906,12250,0.0,0.0
2024-05-22 05:20:00+00:00,43.150001525878906,43.150001525878906,43.099998474121094,43.099998474121094,2000,0.0,0.0
2024-05-23 01:00:00+00:00,43.099998474121094,43.099998474121094,43.0,43.0,34000,0.0,0.0
2024-05-23 01:05:00+00:00,43.0,43.0,42.650001525878906,42.70000076293945,9489,0.0,0.0
2024-05-23 01:10:00+00:00,42.849998474121094,42.849998474121094,42.849998474121094,42.849998474121094,2064,0.0,0.0
2024-05-23 01:15:00+00:00,42.849998474121094,42.900001525878906,42.849998474121094,42.900001525878906,13023,0.0,0.0
2024-05-23 01:20:00+00:00,42.79999923706055,42.900001525878906,42.79999923706055,42.79999923706055,47001,0.0,0.0
2024-05-23 01:25:00+00:00,42.95000076293945,42.95000076293945,42.95000076293945,42.95000076293945,3000,0.0,0.0
2024-05-23 01:30:00+00:00,42.849998474121094,42.849998474121094,42.849998474121094,42.849998474121094,3019,0.0,0.0
2024-05-23 01:50:00+00:00,42.900001525878906,42.95000076293945,42.900001525878906,42.95000076293945,2050,0.0,0.0
2024-05-23 02:00:00+00:00,42.900001525878906,42.900001525878906,42.900001525878906,42.900001525878906,9000,0.0,0.0
2024-05-23 02:05:00+00:00,42.849998474121094,42.849998474121094,42.75,42.75,18049,0.0,0.0
2024-05-23 02:10:00+00:00,42.79999923706055,42.79999923706055,42.79999923706055,42.79999923706055,1000,0.0,0.0
2024-05-23 02:15:00+00:00,42.75,42.75,42.75,42.75,2750,0.0,0.0
2024-05-23 02:20:00+00:00,42.75,42.75,42.70000076293945,42.70000076293945,17000,0.0,0.0
2024-05-23 02:25:00+00:00,42.70000076293945,42.70000076293945,42.70000076293945,42.70000076293945,13245,0.0,0.0
2024-05-23 02:35:00+00:00,42.70000076293945,42.70000076293945,42.70000076293945,42.70000076293945,5000,0.0,0.0
2024-05-23 02:40:00+00:00,42.70000076293945,42.70000076293945,42.70000076293945,42.70000076293945,3810,0.0,0.0
2024-05-23 02:45:00+00:00,42.70000076293945,42.75,42.70000076293945,42.75,10000,0.0,0.0
2024-05-23 02:50:00+00:00,42.70000076293945,42.70000076293945,42.70000076293945,42.70000076293945,1000,0.0,0.0
2024-05-23 03:00:00+00:00,42.70000076293945,42.70000076293945,42.70000076293945,42.70000076293945,8200,0.0,0.0
2024-05-23 03:05:00+00:00,42.650001525878906,42.650001525878906,42.650001525878906,42.650001525878906,1000,0.0,0.0
2024-05-23 03:10:00+00:00,42.650001525878906,42.650001525878906,42.650001525878906,42.650001525878906,1001,0.0,0.0
2024-05-23 03:15:00+00:00,42.650001525878906,42.650001525878906,42.650001525878906,42.650001525878906,3000,0.0,0.0
2024-05-23 03:20:00+00:00,42.650001525878906,42.650001525878906,42.54999923706055,42.54999923706055,11000,0.0,0.0
2024-05-23 03:25:00+00:00,42.5,42.5,42.5,42.5,1000,0.0,0.0
2024-05-23 03:30:00+00:00,42.5,42.5,42.5,42.5,1261,0.0,0.0
2024-05-23 03:40:00+00:00,42.54999923706055,42.54999923706055,42.54999923706055,42.54999923706055,4250,0.0,0.0
2024-05-23 03:45:00+00:00,42.54999923706055,42.54999923706055,42.54999923706055,42.54999923706055,1011,0.0,0.0
2024-05-23 03:50:00+00:00,42.54999923706055,42.54999923706055,42.54999923706055,42.54999923706055,6000,0.0,0.0
2024-05-23 03:55:00+00:00,42.5,42.5,42.5,42.5,1000,0.0,0.0
2024-05-23 04:00:00+00:00,42.5,42.5,42.5,42.5,1144,0.0,0.0
2024-05-23 04:10:00+00:00,42.599998474121094,42.599998474121094,42.599998474121094,42.599998474121094,1000,0.0,0.0
2024-05-23 04:15:00+00:00,42.599998474121094,42.599998474121094,42.599998474121094,42.599998474121094,1070,0.0,0.0
2024-05-23 04:20:00+00:00,42.599998474121094,42.599998474121094,42.599998474121094,42.599998474121094,1000,0.0,0.0
2024-05-23 04:25:00+00:00,42.599998474121094,42.599998474121094,42.599998474121094,42.599998474121094,1000,0.0,0.0
2024-05-23 04:30:00+00:00,42.599998474121094,42.599998474121094,42.54999923706055,42.54999923706055,6581,0.0,0.0
2024-05-23 04:40:00+00:00,42.599998474121094,42.599998474121094,42.54999923706055,42.54999923706055,2000,0.0,0.0
2024-05-23 04:45:00+00:00,42.5,42.5,42.5,42.5,4350,0.0,0.0
2024-05-23 04:50:00+00:00,42.54999923706055,42.54999923706055,42.54999923706055,42.54999923706055,2000,0.0,0.0
2024-05-23 04:55:00+00:00,42.5,42.5,42.5,42.5,1104,0.0,0.0
2024-05-23 05:00:00+00:00,42.5,42.54999923706055,42.5,42.54999923706055,20000,0.0,0.0
2024-05-23 05:05:00+00:00,42.54999923706055,42.54999923706055,42.54999923706055,42.54999923706055,2025,0.0,0.0
2024-05-23 05:10:00+00:00,42.54999923706055,42.54999923706055,42.54999923706055,42.54999923706055,5886,0.0,0.0
2024-05-23 05:15:00+00:00,42.54999923706055,42.54999923706055,42.54999923706055,42.54999923706055,2000,0.0,0.0
2024-05-23 05:20:00+00:00,42.5,42.5,42.5,42.5,22003,0.0,0.0
2024-05-24 01:00:00+00:00,42.400001525878906,42.400001525878906,42.25,42.25,0,0.0,0.0
2024-05-24 01:05:00+00:00,42.29999923706055,42.29999923706055,42.25,42.29999923706055,7546,0.0,0.0
2024-05-24 01:15:00+00:00,42.25,42.25,42.25,42.25,1000,0.0,0.0
2024-05-24 01:20:00+00:00,42.25,42.25,42.25,42.25,1178,0.0,0.0
2024-05-24 01:25:00+00:00,42.29999923706055,42.29999923706055,42.29999923706055,42.29999923706055,2000,0.0,0.0
2024-05-24 01:40:00+00:00,42.349998474121094,42.349998474121094,42.349998474121094,42.349998474121094,1002,0.0,0.0
2024-05-24 01:55:00+00:00,42.349998474121094,42.349998474121094,42.349998474121094,42.349998474121094,1000,0.0,0.0
2024-05-24 02:05:00+00:00,42.349998474121094,42.349998474121094,42.349998474121094,42.349998474121094,2025,0.0,0.0
2024-05-24 02:10:00+00:00,42.349998474121094,42.349998474121094,42.349998474121094,42.349998474121094,1000,0.0,0.0
2024-05-24 02:15:00+00:00,42.349998474121094,42.349998474121094,42.349998474121094,42.349998474121094,2518,0.0,0.0
2024-05-24 02:25:00+00:00,42.29999923706055,42.29999923706055,42.29999923706055,42.29999923706055,1014,0.0,0.0
2024-05-24 02:30:00+00:00,42.29999923706055,42.29999923706055,42.29999923706055,42.29999923706055,1001,0.0,0.0
2024-05-24 02:50:00+00:00,42.29999923706055,42.29999923706055,42.29999923706055,42.29999923706055,1000,0.0,0.0
2024-05-24 02:55:00+00:00,42.29999923706055,42.349998474121094,42.29999923706055,42.349998474121094,3000,0.0,0.0
2024-05-24 03:05:00+00:00,42.29999923706055,42.29999923706055,42.29999923706055,42.29999923706055,10225,0.0,0.0
2024-05-24 03:45:00+00:00,42.349998474121094,42.349998474121094,42.349998474121094,42.349998474121094,4011,0.0,0.0
2024-05-24 03:55:00+00:00,42.29999923706055,42.29999923706055,42.29999923706055,42.29999923706055,1000,0.0,0.0
2024-05-24 04:10:00+00:00,42.29999923706055,42.29999923706055,42.29999923706055,42.29999923706055,11001,0.0,0.0
2024-05-24 04:30:00+00:00,42.29999923706055,42.29999923706055,42.29999923706055,42.29999923706055,4000,0.0,0.0
2024-05-24 04:35:00+00:00,42.29999923706055,42.29999923706055,42.29999923706055,42.29999923706055,2043,0.0,0.0
2024-05-24 04:50:00+00:00,42.25,42.25,42.25,42.25,10067,0.0,0.0
2024-05-24 05:10:00+00:00,42.25,42.25,42.25,42.25,14094,0.0,0.0
2024-05-24 05:20:00+00:00,42.29999923706055,42.29999923706055,42.25,42.29999923706055,4019,0.0,0.0
2024-05-27 01:00:00+00:00,42.20000076293945,42.25,42.20000076293945,42.25,0,0.0,0.0
2024-05-27 01:05:00+00:00,42.29999923706055,42.400001525878906,42.29999923706055,42.400001525878906,13114,0.0,0.0
2024-05-27 01:10:00+00:00,42.400001525878906,42.400001525878906,42.400001525878906,42.400001525878906,2021,0.0,0.0
2024-05-27 01:15:00+00:00,42.400001525878906,42.5,42.400001525878906,42.5,7003,0.0,0.0
2024-05-27 01:20:00+00:00,42.5,42.5,42.5,42.5,2100,0.0,0.0
2024-05-27 01:25:00+00:00,42.400001525878906,42.400001525878906,42.400001525878906,42.400001525878906,2000,0.0,0.0
2024-05-27 01:30:00+00:00,42.349998474121094,42.349998474121094,42.349998474121094,42.349998474121094,1140,0.0,0.0
2024-05-27 01:40:00+00:00,42.400001525878906,42.400001525878906,42.400001525878906,42.400001525878906,1000,0.0,0.0
2024-05-27 01:45:00+00:00,42.45000076293945,42.45000076293945,42.45000076293945,42.45000076293945,3000,0.0,0.0
2024-05-27 01:50:00+00:00,42.45000076293945,42.45000076293945,42.45000076293945,42.45000076293945,1050,0.0,0.0
2024-05-27 01:55:00+00:00,42.45000076293945,42.45000076293945,42.45000076293945,42.45000076293945,1000,0.0,0.0
2024-05-27 02:00:00+00:00,42.45000076293945,42.45000076293945,42.45000076293945,42.45000076293945,1010,0.0,0.0
2024-05-27 02:20:00+00:00,42.45000076293945,42.45000076293945,42.45000076293945,42.45000076293945,1000,0.0,0.0
2024-05-27 02:25:00+00:00,42.45000076293945,42.45000076293945,42.45000076293945,42.45000076293945,1100,0.0,0.0
2024-05-27 02:30:00+00:00,42.5,42.5,42.400001525878906,42.400001525878906,2210,0.0,0.0
2024-05-27 02:55:00+00:00,42.400001525878906,42.400001525878906,42.400001525878906,42.400001525878906,3000,0.0,0.0
2024-05-27 03:10:00+00:00,42.45000076293945,42.45000076293945,42.45000076293945,42.45000076293945,1025,0.0,0.0
2024-05-27 03:25:00+00:00,42.400001525878906,42.400001525878906,42.400001525878906,42.400001525878906,10000,0.0,0.0
2024-05-27 03:35:00+00:00,42.400001525878906,42.400001525878906,42.400001525878906,42.400001525878906,2000,0.0,0.0
2024-05-27 03:50:00+00:00,42.45000076293945,42.45000076293945,42.45000076293945,42.45000076293945,1000,0.0,0.0
2024-05-27 04:15:00+00:00,42.45000076293945,42.45000076293945,42.45000076293945,42.45000076293945,3051,0.0,0.0
2024-05-27 04:30:00+00:00,42.400001525878906,42.400001525878906,42.400001525878906,42.400001525878906,1127,0.0,0.0
2024-05-27 04:55:00+00:00,42.400001525878906,42.400001525878906,42.400001525878906,42.400001525878906,2141,0.0,0.0
2024-05-27 05:00:00+00:00,42.400001525878906,42.400001525878906,42.400001525878906,42.400001525878906,4668,0.0,0.0
2024-05-27 05:10:00+00:00,42.400001525878906,42.400001525878906,42.400001525878906,42.400001525878906,6759,0.0,0.0
2024-05-27 05:20:00+00:00,42.400001525878906,42.400001525878906,42.400001525878906,42.400001525878906,10595,0.0,0.0
2024-05-28 01:00:00+00:00,42.400001525878906,42.400001525878906,42.20000076293945,42.20000076293945,0,0.0,0.0
2024-05-28 01:05:00+00:00,42.29999923706055,42.29999923706055,42.29999923706055,42.29999923706055,1136,0.0,0.0
2024-05-28 01:55:00+00:00,42.349998474121094,42.45000076293945,42.29999923706055,42.45000076293945,27000,0.0,0.0
2024-05-28 02:00:00+00:00,42.29999923706055,42.45000076293945,42.29999923706055,42.45000076293945,2000,0.0,0.0
2024-05-28 02:05:00+00:00,42.400001525878906,42.45000076293945,42.400001525878906,42.45000076293945,11000,0.0,0.0
2024-05-28 02:10:00+00:00,42.400001525878906,42.5,42.349998474121094,42.5,12000,0.0,0.0
2024-05-28 02:15:00+00:00,42.5,42.5,42.5,42.5,1000,0.0,0.0
2024-05-28 02:20:00+00:00,42.5,42.599998474121094,42.5,42.599998474121094,2062,0.0,0.0
2024-05-28 02:35:00+00:00,42.5,42.599998474121094,42.5,42.599998474121094,2236,0.0,0.0
2024-05-28 03:10:00+00:00,42.5,42.5,42.400001525878906,42.400001525878906,10327,0.0,0.0
2024-05-28 03:15:00+00:00,42.5,42.5,42.5,42.5,1003,0.0,0.0
2024-05-28 03:25:00+00:00,42.45000076293945,42.45000076293945,42.45000076293945,42.45000076293945,1000,0.0,0.0
2024-05-28 03:30:00+00:00,42.45000076293945,42.5,42.45000076293945,42.5,5000,0.0,0.0
2024-05-28 03:40:00+00:00,42.54999923706055,42.599998474121094,42.54999923706055,42.599998474121094,2020,0.0,0.0
2024-05-28 04:00:00+00:00,42.54999923706055,42.54999923706055,42.54999923706055,42.54999923706055,1000,0.0,0.0
2024-05-28 04:15:00+00:00,42.54999923706055,42.54999923706055,42.54999923706055,42.54999923706055,2000,0.0,0.0
2024-05-28 04:20:00+00:00,42.54999923706055,42.599998474121094,42.54999923706055,42.599998474121094,2000,0.0,0.0
2024-05-28 04:25:00+00:00,42.5,42.5,42.5,42.5,1100,0.0,0.0
2024-05-28 04:40:00+00:00,42.5,42.54999923706055,42.5,42.54999923706055,3000,0.0,0.0
2024-05-28 04:55:00+00:00,42.54999923706055,42.54999923706055,42.54999923706055,42.54999923706055,1008,0.0,0.0
2024-05-28 05:00:00+00:00,42.54999923706055,42.599998474121094,42.54999923706055,42.599998474121094,4000,0.0,0.0
2024-05-28 05:05:00+00:00,42.54999923706055,42.54999923706055,42.54999923706055,42.54999923706055,3000,0.0,0.0
2024-05-28 05:10:00+00:00,42.599998474121094,42.599998474121094,42.599998474121094,42.599998474121094,4350,0.0,0.0
2024-05-28 05:20:00+00:00,42.599998474121094,42.599998474121094,42.599998474121094,42.599998474121094,13000,0.0,0.0
2024-05-29 01:05:00+00:00,42.650001525878906,42.650001525878906,42.650001525878906,42.650001525878906,4000,0.0,0.0
2024-05-29 01:10:00+00:00,42.650001525878906,42.650001525878906,42.599998474121094,42.599998474121094,4027,0.0,0.0
2024-05-29 01:15:00+00:00,42.599998474121094,42.599998474121094,42.599998474121094,42.599998474121094,11109,0.0,0.0
2024-05-29 01:40:00+00:00,42.5,42.5,42.5,42.5,2250,0.0,0.0
2024-05-29 01:50:00+00:00,42.5,42.5,42.5,42.5,1000,0.0,0.0
2024-05-29 02:05:00+00:00,42.5,42.5,42.5,42.5,1095,0.0,0.0
2024-05-29 02:20:00+00:00,42.5,42.54999923706055,42.5,42.54999923706055,3000,0.0,0.0
2024-05-29 02:25:00+00:00,42.54999923706055,42.599998474121094,42.54999923706055,42.599998474121094,8087,0.0,0.0
2024-05-29 02:30:00+00:00,42.599998474121094,42.599998474121094,42.599998474121094,42.599998474121094,1000,0.0,0.0
2024-05-29 02:55:00+00:00,42.599998474121094,42.599998474121094,42.599998474121094,42.599998474121094,3079,0.0,0.0
2024-05-29 03:20:00+00:00,42.599998474121094,42.599998474121094,42.599998474121094,42.599998474121094,1393,0.0,0.0
2024-05-29 03:55:00+00:00,42.54999923706055,42.54999923706055,42.54999923706055,42.54999923706055,3677,0.0,0.0
2024-05-29 04:55:00+00:00,42.599998474121094,42.599998474121094,42.599998474121094,42.599998474121094,2000,0.0,0.0
2024-05-29 05:00:00+00:00,42.599998474121094,42.599998474121094,42.599998474121094,42.599998474121094,2157,0.0,0.0
2024-05-29 05:20:00+00:00,42.599998474121094,42.599998474121094,42.599998474121094,42.599998474121094,2213,0.0,0.0
2024-05-30 01:00:00+00:00,42.95000076293945,42.95000076293945,42.5,42.5,7314,0.0,0.0
2024-05-30 01:10:00+00:00,42.599998474121094,42.650001525878906,42.599998474121094,42.650001525878906,2000,0.0,0.0
2024-05-30 01:15:00+00:00,42.650001525878906,42.650001525878906,42.650001525878906,42.650001525878906,1000,0.0,0.0
2024-05-30 01:20:00+00:00,42.650001525878906,42.650001525878906,42.650001525878906,42.650001525878906,2000,0.0,0.0
2024-05-30 01:25:00+00:00,42.650001525878906,42.650001525878906,42.650001525878906,42.650001525878906,2015,0.0,0.0
2024-05-30 01:35:00+00:00,42.650001525878906,42.650001525878906,42.650001525878906,42.650001525878906,1052,0.0,0.0
2024-05-30 02:00:00+00:00,42.599998474121094,42.650001525878906,42.599998474121094,42.650001525878906,4611,0.0,0.0
2024-05-30 02:10:00+00:00,42.599998474121094,42.599998474121094,42.599998474121094,42.599998474121094,1000,0.0,0.0
2024-05-30 02:15:00+00:00,42.599998474121094,42.599998474121094,42.599998474121094,42.599998474121094,1010,0.0,0.0
2024-05-30 02:30:00+00:00,42.54999923706055,42.54999923706055,42.5,42.5,20005,0.0,0.0
2024-05-30 02:40:00+00:00,42.45000076293945,42.45000076293945,42.45000076293945,42.45000076293945,1000,0.0,0.0
2024-05-30 02:45:00+00:00,42.45000076293945,42.45000076293945,42.45000076293945,42.45000076293945,1040,0.0,0.0
2024-05-30 02:55:00+00:00,42.45000076293945,42.45000076293945,42.45000076293945,42.45000076293945,1000,0.0,0.0
2024-05-30 03:15:00+00:00,42.45000076293945,42.45000076293945,42.45000076293945,42.45000076293945,7000,0.0,0.0
2024-05-30 03:25:00+00:00,42.45000076293945,42.45000076293945,42.400001525878906,42.400001525878906,10001,0.0,0.0
2024-05-30 03:30:00+00:00,42.400001525878906,42.400001525878906,42.349998474121094,42.349998474121094,2132,0.0,0.0
2024-05-30 03:50:00+00:00,42.45000076293945,42.45000076293945,42.45000076293945,42.45000076293945,1000,0.0,0.0
2024-05-30 03:55:00+00:00,42.400001525878906,42.400001525878906,42.400001525878906,42.400001525878906,3000,0.0,0.0
2024-05-30 04:00:00+00:00,42.349998474121094,42.349998474121094,42.349998474121094,42.349998474121094,2413,0.0,0.0
2024-05-30 04:20:00+00:00,42.349998474121094,42.349998474121094,42.29999923706055,42.29999923706055,8682,0.0,0.0
2024-05-30 04:25:00+00:00,42.29999923706055,42.29999923706055,42.29999923706055,42.29999923706055,3000,0.0,0.0
2024-05-30 04:30:00+00:00,42.29999923706055,42.29999923706055,42.29999923706055,42.29999923706055,3000,0.0,0.0
2024-05-30 04:35:00+00:00,42.29999923706055,42.29999923706055,42.29999923706055,42.29999923706055,2000,0.0,0.0
2024-05-30 04:45:00+00:00,42.29999923706055,42.29999923706055,42.20000076293945,42.29999923706055,14190,0.0,0.0
2024-05-30 04:50:00+00:00,42.29999923706055,42.29999923706055,42.29999923706055,42.29999923706055,5255,0.0,0.0
2024-05-30 05:05:00+00:00,42.29999923706055,42.29999923706055,42.29999923706055,42.29999923706055,1470,0.0,0.0
2024-05-30 05:10:00+00:00,42.29999923706055,42.29999923706055,42.29999923706055,42.29999923706055,1000,0.0,0.0
2024-05-30 05:15:00+00:00,42.29999923706055,42.29999923706055,42.29999923706055,42.29999923706055,1000,0.0,0.0
2024-05-30 05:20:00+00:00,42.349998474121094,42.400001525878906,42.349998474121094,42.400001525878906,4000,0.0,0.0
2024-05-31 01:35:00+00:00,42.95000076293945,42.95000076293945,42.95000076293945,42.95000076293945,0,0.0,0.0
2024-05-31 01:55:00+00:00,42.400001525878906,42.400001525878906,42.400001525878906,42.400001525878906,3000,0.0,0.0
2024-05-31 02:00:00+00:00,42.5,42.5,42.5,42.5,1000,0.0,0.0
2024-05-31 02:05:00+00:00,42.400001525878906,42.400001525878906,42.349998474121094,42.349998474121094,3000,0.0,0.0
2024-05-31 02:10:00+00:00,42.349998474121094,42.349998474121094,42.349998474121094,42.349998474121094,1000,0.0,0.0
2024-05-31 02:20:00+00:00,42.349998474121094,42.349998474121094,42.349998474121094,42.349998474121094,1000,0.0,0.0
2024-05-31 02:25:00+00:00,42.349998474121094,42.349998474121094,42.349998474121094,42.349998474121094,5000,0.0,0.0
2024-05-31 02:30:00+00:00,42.349998474121094,42.400001525878906,42.349998474121094,42.400001525878906,13050,0.0,0.0
2024-05-31 02:45:00+00:00,42.599998474121094,42.79999923706055,42.599998474121094,42.79999923706055,10000,0.0,0.0
2024-05-31 02:55:00+00:00,42.75,42.75,42.75,42.75,1000,0.0,0.0
2024-05-31 03:05:00+00:00,42.650001525878906,42.650001525878906,42.650001525878906,42.650001525878906,1000,0.0,0.0
2024-05-31 03:10:00+00:00,42.70000076293945,42.70000076293945,42.599998474121094,42.599998474121094,2020,0.0,0.0
2024-05-31 03:15:00+00:00,42.599998474121094,42.599998474121094,42.599998474121094,42.599998474121094,2000,0.0,0.0
2024-05-31 03:20:00+00:00,42.599998474121094,42.599998474121094,42.599998474121094,42.599998474121094,1000,0.0,0.0
2024-05-31 03:25:00+00:00,42.599998474121094,42.70000076293945,42.599998474121094,42.599998474121094,4001,0.0,0.0
2024-05-31 03:30:00+00:00,42.70000076293945,42.70000076293945,42.70000076293945,42.70000076293945,2080,0.0,0.0
2024-05-31 03:35:00+00:00,42.75,42.75,42.599998474121094,42.599998474121094,4161,0.0,0.0
2024-05-31 03:55:00+00:00,42.70000076293945,42.70000076293945,42.70000076293945,42.70000076293945,0,0.0,0.0
2024-05-31 04:10:00+00:00,42.54999923706055,42.54999923706055,42.54999923706055,42.54999923706055,57647,0.0,0.0
2024-05-31 04:45:00+00:00,42.54999923706055,42.54999923706055,42.54999923706055,42.54999923706055,1000,0.0,0.0
2024-05-31 04:50:00+00:00,42.54999923706055,42.599998474121094,42.54999923706055,42.599998474121094,2050,0.0,0.0
2024-05-31 05:00:00+00:00,42.45000076293945,42.45000076293945,42.45000076293945,42.45000076293945,1000,0.0,0.0
2024-05-31 05:05:00+00:00,42.45000076293945,42.45000076293945,42.45000076293945,42.45000076293945,1000,0.0,0.0
2024-05-31 05:10:00+00:00,42.400001525878906,42.400001525878906,42.400001525878906,42.400001525878906,1000,0.0,0.0
2024-05-31 05:15:00+00:00,42.400001525878906,42.400001525878906,42.349998474121094,42.349998474121094,5109,0.0,0.0
2024-05-31 05:20:00+00:00,42.349998474121094,42.349998474121094,42.29999923706055,42.29999923706055,1000,0.0,0.0
2024-06-03 01:00:00+00:00,42.5,42.5,42.5,42.5,0,0.0,0.0
2024-06-03 01:05:00+00:00,42.5,42.54999923706055,42.5,42.54999923706055,2073,0.0,0.0
2024-06-03 01:10:00+00:00,42.54999923706055,42.599998474121094,42.54999923706055,42.599998474121094,3123,0.0,0.0
2024-06-03 01:20:00+00:00,42.650001525878906,42.70000076293945,42.650001525878906,42.70000076293945,5108,0.0,0.0
2024-06-03 01:25:00+00:00,42.599998474121094,42.599998474121094,42.599998474121094,42.599998474121094,4175,0.0,0.0
2024-06-03 01:30:00+00:00,42.599998474121094,42.599998474121094,42.599998474121094,42.599998474121094,1020,0.0,0.0
2024-06-03 01:35:00+00:00,42.79999923706055,42.79999923706055,42.79999923706055,42.79999923706055,3128,0.0,0.0
2024-06-03 01:40:00+00:00,42.650001525878906,42.650001525878906,42.650001525878906,42.650001525878906,1030,0.0,0.0
2024-06-03 01:50:00+00:00,42.79999923706055,42.79999923706055,42.79999923706055,42.79999923706055,1000,0.0,0.0
2024-06-03 01:55:00+00:00,42.70000076293945,42.70000076293945,42.70000076293945,42.70000076293945,3100,0.0,0.0
2024-06-03 02:00:00+00:00,42.70000076293945,42.70000076293945,42.70000076293945,42.70000076293945,4000,0.0,0.0
2024-06-03 02:05:00+00:00,42.79999923706055,42.79999923706055,42.79999923706055,42.79999923706055,1030,0.0,0.0
2024-06-03 02:10:00+00:00,42.79999923706055,42.79999923706055,42.79999923706055,42.79999923706055,1030,0.0,0.0
2024-06-03 02:15:00+00:00,42.79999923706055,42.849998474121094,42.79999923706055,42.849998474121094,10054,0.0,0.0
2024-06-03 02:20:00+00:00,42.849998474121094,42.849998474121094,42.849998474121094,42.849998474121094,3000,0.0,0.0
2024-06-03 02:25:00+00:00,42.79999923706055,42.79999923706055,42.79999923706055,42.79999923706055,1000,0.0,0.0
2024-06-03 02:30:00+00:00,42.849998474121094,42.849998474121094,42.849998474121094,42.849998474121094,1030,0.0,0.0
2024-06-03 02:40:00+00:00,42.849998474121094,42.849998474121094,42.849998474121094,42.849998474121094,2000,0.0,0.0
2024-06-03 02:45:00+00:00,42.849998474121094,42.849998474121094,42.849998474121094,42.849998474121094,1024,0.0,0.0
2024-06-03 02:50:00+00:00,42.849998474121094,42.849998474121094,42.849998474121094,42.849998474121094,1000,0.0,0.0
2024-06-03 02:55:00+00:00,42.849998474121094,42.849998474121094,42.849998474121094,42.849998474121094,1000,0.0,0.0
2024-06-03 03:00:00+00:00,42.849998474121094,42.900001525878906,42.849998474121094,42.900001525878906,15026,0.0,0.0
2024-06-03 03:10:00+00:00,42.900001525878906,42.95000076293945,42.900001525878906,42.95000076293945,4000,0.0,0.0
2024-06-03 03:15:00+00:00,42.95000076293945,42.95000076293945,42.95000076293945,42.95000076293945,1100,0.0,0.0
2024-06-03 03:20:00+00:00,42.95000076293945,42.95000076293945,42.95000076293945,42.95000076293945,2000,0.0,0.0
2024-06-03 03:25:00+00:00,42.900001525878906,42.95000076293945,42.900001525878906,42.95000076293945,4000,0.0,0.0
2024-06-03 03:30:00+00:00,42.900001525878906,42.900001525878906,42.900001525878906,42.900001525878906,5060,0.0,0.0
2024-06-03 03:35:00+00:00,42.849998474121094,42.849998474121094,42.849998474121094,42.849998474121094,2000,0.0,0.0
2024-06-03 03:40:00+00:00,42.849998474121094,42.849998474121094,42.79999923706055,42.79999923706055,4000,0.0,0.0
2024-06-03 03:50:00+00:00,42.849998474121094,42.849998474121094,42.849998474121094,42.849998474121094,2000,0.0,0.0
2024-06-03 03:55:00+00:00,42.79999923706055,42.79999923706055,42.79999923706055,42.79999923706055,1000,0.0,0.0
2024-06-03 04:05:00+00:00,42.79999923706055,42.849998474121094,42.79999923706055,42.849998474121094,3526,0.0,0.0
2024-06-03 04:20:00+00:00,42.849998474121094,42.849998474121094,42.79999923706055,42.79999923706055,10038,0.0,0.0
2024-06-03 04:25:00+00:00,42.79999923706055,42.79999923706055,42.79999923706055,42.79999923706055,1369,0.0,0.0
2024-06-03 04:30:00+00:00,42.79999923706055,42.79999923706055,42.79999923706055,42.79999923706055,1216,0.0,0.0
2024-06-03 04:40:00+00:00,42.849998474121094,42.849998474121094,42.849998474121094,42.849998474121094,5115,0.0,0.0
2024-06-03 04:45:00+00:00,42.900001525878906,42.95000076293945,42.900001525878906,42.95000076293945,9000,0.0,0.0
2024-06-03 04:50:00+00:00,42.95000076293945,42.95000076293945,42.95000076293945,42.95000076293945,2093,0.0,0.0
2024-06-03 04:55:00+00:00,42.900001525878906,42.900001525878906,42.900001525878906,42.900001525878906,1000,0.0,0.0
2024-06-03 05:00:00+00:00,42.95000076293945,42.95000076293945,42.95000076293945,42.95000076293945,1475,0.0,0.0
2024-06-03 05:10:00+00:00,42.79999923706055,42.79999923706055,42.79999923706055,42.79999923706055,1009,0.0,0.0
2024-06-03 05:15:00+00:00,42.900001525878906,42.900001525878906,42.900001525878906,42.900001525878906,1039,0.0,0.0
2024-06-03 05:20:00+00:00,42.849998474121094,42.849998474121094,42.849998474121094,42.849998474121094,2000,0.0,0.0
2024-06-04 01:10:00+00:00,42.79999923706055,42.79999923706055,42.79999923706055,42.79999923706055,0,0.0,0.0
2024-06-04 01:15:00+00:00,42.849998474121094,42.849998474121094,42.349998474121094,42.349998474121094,14703,0.0,0.0
2024-06-04 01:45:00+00:00,42.75,42.75,42.75,42.75,1072,0.0,0.0
2024-06-04 02:10:00+00:00,42.75,42.75,42.75,42.75,2000,0.0,0.0
2024-06-04 02:15:00+00:00,42.79999923706055,42.79999923706055,42.79999923706055,42.79999923706055,3000,0.0,0.0
2024-06-04 02:20:00+00:00,42.79999923706055,42.79999923706055,42.79999923706055,42.79999923706055,1200,0.0,0.0
2024-06-04 02:25:00+00:00,42.54999923706055,42.849998474121094,42.54999923706055,42.79999923706055,17100,0.0,0.0
2024-06-04 02:35:00+00:00,42.79999923706055,42.79999923706055,42.79999923706055,42.79999923706055,2050,0.0,0.0
2024-06-04 02:45:00+00:00,42.849998474121094,42.849998474121094,42.849998474121094,42.849998474121094,4000,0.0,0.0
2024-06-04 02:50:00+00:00,42.79999923706055,42.79999923706055,42.79999923706055,42.79999923706055,3002,0.0,0.0
2024-06-04 03:05:00+00:00,42.79999923706055,42.849998474121094,42.79999923706055,42.849998474121094,7003,0.0,0.0
2024-06-04 03:35:00+00:00,42.849998474121094,42.849998474121094,42.849998474121094,42.849998474121094,2000,0.0,0.0
2024-06-04 03:40:00+00:00,42.849998474121094,42.900001525878906,42.849998474121094,42.849998474121094,7100,0.0,0.0
2024-06-04 03:50:00+00:00,42.900001525878906,42.900001525878906,42.900001525878906,42.900001525878906,2000,0.0,0.0
2024-06-04 03:55:00+00:00,42.900001525878906,42.900001525878906,42.849998474121094,42.849998474121094,11000,0.0,0.0
2024-06-04 04:00:00+00:00,42.849998474121094,42.849998474121094,42.849998474121094,42.849998474121094,4071,0.0,0.0
2024-06-04 04:20:00+00:00,42.900001525878906,42.900001525878906,42.900001525878906,42.900001525878906,2981,0.0,0.0
2024-06-04 04:30:00+00:00,42.95000076293945,42.95000076293945,42.95000076293945,42.95000076293945,1050,0.0,0.0
2024-06-04 04:40:00+00:00,42.95000076293945,43.0,42.95000076293945,43.0,4202,0.0,0.0
2024-06-04 04:55:00+00:00,42.95000076293945,42.95000076293945,42.95000076293945,42.95000076293945,1056,0.0,0.0
2024-06-04 05:00:00+00:00,42.95000076293945,42.95000076293945,42.95000076293945,42.95000076293945,2005,0.0,0.0
2024-06-04 05:10:00+00:00,42.95000076293945,42.95000076293945,42.900001525878906,42.900001525878906,10049,0.0,0.0
2024-06-05 01:00:00+00:00,43.0,43.0,43.0,43.0,0,0.0,0.0
2024-06-05 01:10:00+00:00,42.95000076293945,42.95000076293945,42.849998474121094,42.849998474121094,6111,0.0,0.0
2024-06-05 01:20:00+00:00,42.79999923706055,42.79999923706055,42.79999923706055,42.79999923706055,1100,0.0,0.0
2024-06-05 01:30:00+00:00,42.79999923706055,42.79999923706055,42.79999923706055,42.79999923706055,1073,0.0,0.0
2024-06-05 01:55:00+00:00,42.79999923706055,42.79999923706055,42.79999923706055,42.79999923706055,2025,0.0,0.0
2024-06-05 02:05:00+00:00,42.79999923706055,42.79999923706055,42.79999923706055,42.79999923706055,5000,0.0,0.0
2024-06-05 02:10:00+00:00,42.849998474121094,42.849998474121094,42.849998474121094,42.849998474121094,1000,0.0,0.0
2024-06-05 02:15:00+00:00,42.849998474121094,42.849998474121094,42.849998474121094,42.849998474121094,3000,0.0,0.0
2024-06-05 02:20:00+00:00,42.849998474121094,42.849998474121094,42.849998474121094,42.849998474121094,1000,0.0,0.0
2024-06-05 02:25:00+00:00,42.849998474121094,42.849998474121094,42.849998474121094,42.849998474121094,1260,0.0,0.0
2024-06-05 02:35:00+00:00,42.849998474121094,42.849998474121094,42.849998474121094,42.849998474121094,1300,0.0,0.0
2024-06-05 02:45:00+00:00,42.849998474121094,42.849998474121094,42.849998474121094,42.849998474121094,1001,0.0,0.0
2024-06-05 03:05:00+00:00,42.849998474121094,42.849998474121094,42.849998474121094,42.849998474121094,2005,0.0,0.0
2024-06-05 03:35:00+00:00,42.849998474121094,42.849998474121094,42.849998474121094,42.849998474121094,1000,0.0,0.0
2024-06-05 03:45:00+00:00,42.849998474121094,42.849998474121094,42.849998474121094,42.849998474121094,1111,0.0,0.0
2024-06-05 04:20:00+00:00,42.849998474121094,42.849998474121094,42.849998474121094,42.849998474121094,3012,0.0,0.0
2024-06-05 04:25:00+00:00,42.79999923706055,42.79999923706055,42.79999923706055,42.79999923706055,1091,0.0,0.0
2024-06-05 04:30:00+00:00,42.79999923706055,42.79999923706055,42.79999923706055,42.79999923706055,1111,0.0,0.0
2024-06-05 04:55:00+00:00,42.79999923706055,42.79999923706055,42.79999923706055,42.79999923706055,0,0.0,0.0
2024-06-05 05:10:00+00:00,42.79999923706055,42.79999923706055,42.79999923706055,42.79999923706055,42399,0.0,0.0
2024-06-05 05:20:00+00:00,42.849998474121094,42.849998474121094,42.849998474121094,42.849998474121094,2000,0.0,0.0
2024-06-06 01:00:00+00:00,43.0,43.099998474121094,43.0,43.099998474121094,0,0.0,0.0
2024-06-06 01:05:00+00:00,43.20000076293945,43.29999923706055,43.20000076293945,43.29999923706055,9143,0.0,0.0
2024-06-06 01:10:00+00:00,43.29999923706055,43.29999923706055,43.29999923706055,43.29999923706055,4000,0.0,0.0
2024-06-06 01:15:00+00:00,43.29999923706055,43.29999923706055,43.29999923706055,43.29999923706055,2201,0.0,0.0
2024-06-06 01:20:00+00:00,43.29999923706055,43.45000076293945,43.29999923706055,43.45000076293945,9505,0.0,0.0
2024-06-06 01:25:00+00:00,43.45000076293945,43.45000076293945,43.45000076293945,43.45000076293945,4200,0.0,0.0
2024-06-06 01:30:00+00:00,43.45000076293945,43.54999923706055,43.45000076293945,43.54999923706055,19100,0.0,0.0
2024-06-06 01:35:00+00:00,43.54999923706055,43.75,43.54999923706055,43.75,15070,0.0,0.0
2024-06-06 01:40:00+00:00,43.70000076293945,43.75,43.5,43.54999923706055,8831,0.0,0.0
2024-06-06 01:50:00+00:00,43.54999923706055,43.54999923706055,43.54999923706055,43.54999923706055,10011,0.0,0.0
2024-06-06 01:55:00+00:00,43.5,43.5,43.5,43.5,8050,0.0,0.0
2024-06-06 02:00:00+00:00,43.45000076293945,43.45000076293945,43.45000076293945,43.45000076293945,2000,0.0,0.0
2024-06-06 02:05:00+00:00,43.5,43.5,43.45000076293945,43.5,7350,0.0,0.0
2024-06-06 02:10:00+00:00,43.5,43.5,43.5,43.5,2196,0.0,0.0
2024-06-06 02:15:00+00:00,43.5,43.5,43.5,43.5,1234,0.0,0.0
2024-06-06 02:25:00+00:00,43.45000076293945,43.5,43.45000076293945,43.5,3500,0.0,0.0
2024-06-06 02:30:00+00:00,43.5,43.5,43.5,43.5,3000,0.0,0.0
2024-06-06 02:35:00+00:00,43.5,43.54999923706055,43.5,43.54999923706055,5030,0.0,0.0
2024-06-06 02:40:00+00:00,43.54999923706055,43.54999923706055,43.54999923706055,43.54999923706055,5150,0.0,0.0
2024-06-06 02:45:00+00:00,43.5,43.54999923706055,43.5,43.54999923706055,5010,0.0,0.0
2024-06-06 02:55:00+00:00,43.54999923706055,43.54999923706055,43.54999923706055,43.54999923706055,6060,0.0,0.0
2024-06-06 03:00:00+00:00,43.54999923706055,43.54999923706055,43.54999923706055,43.54999923706055,1200,0.0,0.0
2024-06-06 03:05:00+00:00,43.54999923706055,43.54999923706055,43.54999923706055,43.54999923706055,1007,0.0,0.0
2024-06-06 03:10:00+00:00,43.5,43.5,43.45000076293945,43.5,10058,0.0,0.0
2024-06-06 03:15:00+00:00,43.45000076293945,43.45000076293945,43.45000076293945,43.45000076293945,2000,0.0,0.0
2024-06-06 03:20:00+00:00,43.45000076293945,43.45000076293945,43.45000076293945,43.45000076293945,3000,0.0,0.0
2024-06-06 03:25:00+00:00,43.45000076293945,43.5,43.45000076293945,43.5,8184,0.0,0.0
2024-06-06 03:40:00+00:00,43.5,43.5,43.5,43.5,3046,0.0,0.0
2024-06-06 03:45:00+00:00,43.45000076293945,43.5,43.45000076293945,43.5,2000,0.0,0.0
2024-06-06 03:50:00+00:00,43.5,43.5,43.5,43.5,5000,0.0,0.0
2024-06-06 03:55:00+00:00,43.5,43.5,43.5,43.5,1020,0.0,0.0
2024-06-06 04:00:00+00:00,43.45000076293945,43.45000076293945,43.45000076293945,43.45000076293945,12005,0.0,0.0
2024-06-06 04:10:00+00:00,43.45000076293945,43.45000076293945,43.45000076293945,43.45000076293945,2010,0.0,0.0
2024-06-06 04:25:00+00:00,43.45000076293945,43.5,43.45000076293945,43.5,15000,0.0,0.0
2024-06-06 04:30:00+00:00,43.45000076293945,43.5,43.45000076293945,43.45000076293945,4805,0.0,0.0
2024-06-06 04:35:00+00:00,43.5,43.5,43.5,43.5,9144,0.0,0.0
2024-06-06 04:45:00+00:00,43.5,43.5,43.45000076293945,43.45000076293945,6340,0.0,0.0
2024-06-06 04:50:00+00:00,43.45000076293945,43.45000076293945,43.45000076293945,43.45000076293945,1000,0.0,0.0
2024-06-06 04:55:00+00:00,43.45000076293945,43.45000076293945,43.45000076293945,43.45000076293945,1000,0.0,0.0
2024-06-06 05:00:00+00:00,43.45000076293945,43.45000076293945,43.400001525878906,43.400001525878906,7000,0.0,0.0
2024-06-06 05:05:00+00:00,43.400001525878906,43.400001525878906,43.400001525878906,43.400001525878906,1033,0.0,0.0
2024-06-06 05:10:00+00:00,43.45000076293945,43.45000076293945,43.45000076293945,43.45000076293945,1000,0.0,0.0
2024-06-06 05:15:00+00:00,43.45000076293945,43.45000076293945,43.45000076293945,43.45000076293945,5050,0.0,0.0
2024-06-07 01:00:00+00:00,43.5,43.5,43.45000076293945,43.45000076293945,0,0.0,0.0
2024-06-07 01:15:00+00:00,43.5,43.5,43.5,43.5,1592,0.0,0.0
2024-06-07 01:20:00+00:00,43.5,43.5,43.5,43.5,1012,0.0,0.0
2024-06-07 01:30:00+00:00,43.599998474121094,43.599998474121094,43.54999923706055,43.599998474121094,4066,0.0,0.0
2024-06-07 01:35:00+00:00,43.54999923706055,43.54999923706055,43.54999923706055,43.54999923706055,1013,0.0,0.0
2024-06-07 01:40:00+00:00,43.54999923706055,43.54999923706055,43.54999923706055,43.54999923706055,1010,0.0,0.0
2024-06-07 01:45:00+00:00,43.5,43.54999923706055,43.5,43.54999923706055,2059,0.0,0.0
2024-06-07 01:50:00+00:00,43.54999923706055,43.54999923706055,43.54999923706055,43.54999923706055,2500,0.0,0.0
2024-06-07 02:05:00+00:00,43.54999923706055,43.54999923706055,43.54999923706055,43.54999923706055,3748,0.0,0.0
2024-06-07 02:10:00+00:00,43.54999923706055,43.54999923706055,43.54999923706055,43.54999923706055,6223,0.0,0.0
2024-06-07 02:20:00+00:00,43.54999923706055,43.54999923706055,43.5,43.54999923706055,5061,0.0,0.0
2024-06-07 02:30:00+00:00,43.54999923706055,43.54999923706055,43.5,43.5,3000,0.0,0.0
2024-06-07 02:35:00+00:00,43.5,43.5,43.5,43.5,8010,0.0,0.0
2024-06-07 02:45:00+00:00,43.5,43.5,43.5,43.5,5050,0.0,0.0
2024-06-07 02:50:00+00:00,43.5,43.5,43.5,43.5,2449,0.0,0.0
2024-06-07 03:00:00+00:00,43.5,43.5,43.5,43.5,2000,0.0,0.0
2024-06-07 03:05:00+00:00,43.5,43.5,43.5,43.5,1005,0.0,0.0
2024-06-07 03:10:00+00:00,43.45000076293945,43.45000076293945,43.45000076293945,43.45000076293945,1134,0.0,0.0
2024-06-07 03:20:00+00:00,43.5,43.5,43.45000076293945,43.45000076293945,5000,0.0,0.0
2024-06-07 03:25:00+00:00,43.5,43.5,43.5,43.5,6000,0.0,0.0
2024-06-07 03:30:00+00:00,43.5,43.5,43.5,43.5,1000,0.0,0.0
2024-06-07 03:35:00+00:00,43.5,43.5,43.5,43.5,3050,0.0,0.0
2024-06-07 03:40:00+00:00,43.5,43.5,43.5,43.5,10000,0.0,0.0
2024-06-07 03:45:00+00:00,43.5,43.5,43.5,43.5,7406,0.0,0.0
2024-06-07 03:55:00+00:00,43.5,43.5,43.5,43.5,1127,0.0,0.0
2024-06-07 04:10:00+00:00,43.5,43.5,43.5,43.5,4520,0.0,0.0
2024-06-07 04:25:00+00:00,43.5,43.5,43.5,43.5,1126,0.0,0.0
2024-06-07 04:35:00+00:00,43.54999923706055,43.54999923706055,43.54999923706055,43.54999923706055,3049,0.0,0.0
2024-06-07 04:40:00+00:00,43.54999923706055,43.54999923706055,43.5,43.5,15250,0.0,0.0
2024-06-07 05:00:00+00:00,43.5,43.5,43.5,43.5,4000,0.0,0.0
2024-06-07 05:05:00+00:00,43.5,43.5,43.5,43.5,2002,0.0,0.0
2024-06-07 05:15:00+00:00,43.54999923706055,43.54999923706055,43.54999923706055,43.54999923706055,2000,0.0,0.0
2024-06-07 05:20:00+00:00,43.54999923706055,43.54999923706055,43.54999923706055,43.54999923706055,24200,0.0,0.0
2024-06-11 01:00:00+00:00,43.599998474121094,43.599998474121094,43.54999923706055,43.54999923706055,0,0.0,0.0
2024-06-11 01:05:00+00:00,43.599998474121094,43.599998474121094,43.599998474121094,43.599998474121094,7469,0.0,0.0
2024-06-11 01:10:00+00:00,43.54999923706055,43.54999923706055,43.54999923706055,43.54999923706055,12429,0.0,0.0
2024-06-11 01:15:00+00:00,43.54999923706055,43.54999923706055,43.5,43.5,3080,0.0,0.0
2024-06-11 01:20:00+00:00,43.5,43.5,43.5,43.5,3200,0.0,0.0
2024-06-11 01:30:00+00:00,43.5,43.5,43.5,43.5,2000,0.0,0.0
2024-06-11 01:35:00+00:00,43.5,43.5,43.400001525878906,43.400001525878906,7259,0.0,0.0
2024-06-11 01:40:00+00:00,43.400001525878906,43.400001525878906,43.400001525878906,43.400001525878906,2000,0.0,0.0
2024-06-11 01:45:00+00:00,43.400001525878906,43.45000076293945,43.400001525878906,43.45000076293945,2940,0.0,0.0
2024-06-11 02:00:00+00:00,43.45000076293945,43.45000076293945,43.45000076293945,43.45000076293945,2077,0.0,0.0
2024-06-11 02:15:00+00:00,43.45000076293945,43.45000076293945,43.45000076293945,43.45000076293945,1114,0.0,0.0
2024-06-11 02:20:00+00:00,43.5,43.5,43.5,43.5,2000,0.0,0.0
2024-06-11 02:25:00+00:00,43.5,43.5,43.5,43.5,3010,0.0,0.0
2024-06-11 02:30:00+00:00,43.45000076293945,43.5,43.45000076293945,43.5,3044,0.0,0.0
2024-06-11 02:35:00+00:00,43.45000076293945,43.45000076293945,43.45000076293945,43.45000076293945,2000,0.0,0.0
2024-06-11 02:40:00+00:00,43.45000076293945,43.45000076293945,43.400001525878906,43.400001525878906,3010,0.0,0.0
2024-06-11 02:50:00+00:00,43.400001525878906,43.400001525878906,43.400001525878906,43.400001525878906,1000,0.0,0.0
2024-06-11 02:55:00+00:00,43.400001525878906,43.400001525878906,43.400001525878906,43.400001525878906,13649,0.0,0.0
2024-06-11 03:00:00+00:00,43.400001525878906,43.400001525878906,43.400001525878906,43.400001525878906,1000,0.0,0.0
2024-06-11 03:05:00+00:00,43.349998474121094,43.349998474121094,43.349998474121094,43.349998474121094,5000,0.0,0.0
2024-06-11 03:10:00+00:00,43.349998474121094,43.400001525878906,43.349998474121094,43.400001525878906,7000,0.0,0.0
2024-06-11 03:15:00+00:00,43.400001525878906,43.400001525878906,43.400001525878906,43.400001525878906,5000,0.0,0.0
2024-06-11 03:30:00+00:00,43.400001525878906,43.400001525878906,43.400001525878906,43.400001525878906,10000,0.0,0.0
2024-06-11 03:35:00+00:00,43.400001525878906,43.400001525878906,43.400001525878906,43.400001525878906,1403,0.0,0.0
2024-06-11 03:40:00+00:00,43.400001525878906,43.400001525878906,43.400001525878906,43.400001525878906,1000,0.0,0.0
2024-06-11 03:55:00+00:00,43.400001525878906,43.400001525878906,43.349998474121094,43.349998474121094,5079,0.0,0.0
2024-06-11 04:00:00+00:00,43.400001525878906,43.400001525878906,43.400001525878906,43.400001525878906,2000,0.0,0.0
2024-06-11 04:05:00+00:00,43.400001525878906,43.400001525878906,43.400001525878906,43.400001525878906,1500,0.0,0.0
2024-06-11 04:10:00+00:00,43.45000076293945,43.45000076293945,43.45000076293945,43.45000076293945,3090,0.0,0.0
2024-06-11 04:40:00+00:00,43.45000076293945,43.45000076293945,43.45000076293945,43.45000076293945,1100,0.0,0.0
2024-06-11 04:50:00+00:00,43.45000076293945,43.45000076293945,43.45000076293945,43.45000076293945,1000,0.0,0.0
2024-06-11 04:55:00+00:00,43.45000076293945,43.45000076293945,43.45000076293945,43.45000076293945,1000,0.0,0.0
2024-06-11 05:00:00+00:00,43.5,43.5,43.5,43.5,3000,0.0,0.0
2024-06-11 05:05:00+00:00,43.5,43.5,43.5,43.5,1000,0.0,0.0
2024-06-11 05:10:00+00:00,43.5,43.5,43.5,43.5,7130,0.0,0.0
2024-06-11 05:20:00+00:00,43.5,43.5,43.5,43.5,2001,0.0,0.0
2024-06-12 01:00:00+00:00,43.45000076293945,43.45000076293945,43.45000076293945,43.45000076293945,0,0.0,0.0
2024-06-12 01:05:00+00:00,43.400001525878906,43.400001525878906,43.400001525878906,43.400001525878906,3455,0.0,0.0
2024-06-12 01:10:00+00:00,43.400001525878906,43.400001525878906,43.400001525878906,43.400001525878906,2000,0.0,0.0
2024-06-12 01:15:00+00:00,43.45000076293945,43.45000076293945,43.45000076293945,43.45000076293945,3000,0.0,0.0
2024-06-12 01:20:00+00:00,43.45000076293945,43.5,43.45000076293945,43.5,9001,0.0,0.0
2024-06-12 01:30:00+00:00,43.45000076293945,43.45000076293945,43.45000076293945,43.45000076293945,1000,0.0,0.0
2024-06-12 01:35:00+00:00,43.400001525878906,43.400001525878906,43.400001525878906,43.400001525878906,11852,0.0,0.0
2024-06-12 02:00:00+00:00,43.45000076293945,43.45000076293945,43.45000076293945,43.45000076293945,5000,0.0,0.0
2024-06-12 02:10:00+00:00,43.400001525878906,43.400001525878906,43.400001525878906,43.400001525878906,2330,0.0,0.0
2024-06-12 02:20:00+00:00,43.400001525878906,43.400001525878906,43.400001525878906,43.400001525878906,2126,0.0,0.0
2024-06-12 02:25:00+00:00,43.45000076293945,43.45000076293945,43.45000076293945,43.45000076293945,2057,0.0,0.0
2024-06-12 02:40:00+00:00,43.45000076293945,43.45000076293945,43.45000076293945,43.45000076293945,1000,0.0,0.0
2024-06-12 02:45:00+00:00,43.45000076293945,43.45000076293945,43.45000076293945,43.45000076293945,1268,0.0,0.0
2024-06-12 03:15:00+00:00,43.45000076293945,43.45000076293945,43.45000076293945,43.45000076293945,1031,0.0,0.0
2024-06-12 03:20:00+00:00,43.400001525878906,43.400001525878906,43.400001525878906,43.400001525878906,6000,0.0,0.0
2024-06-12 03:25:00+00:00,43.400001525878906,43.400001525878906,43.349998474121094,43.349998474121094,6700,0.0,0.0
2024-06-12 03:50:00+00:00,43.400001525878906,43.400001525878906,43.400001525878906,43.400001525878906,3000,0.0,0.0
2024-06-12 03:55:00+00:00,43.349998474121094,43.349998474121094,43.349998474121094,43.349998474121094,2050,0.0,0.0
2024-06-12 04:00:00+00:00,43.349998474121094,43.349998474121094,43.349998474121094,43.349998474121094,2000,0.0,0.0
2024-06-12 04:05:00+00:00,43.349998474121094,43.349998474121094,43.29999923706055,43.29999923706055,6000,0.0,0.0
2024-06-12 04:30:00+00:00,43.29999923706055,43.29999923706055,43.29999923706055,43.29999923706055,3000,0.0,0.0
2024-06-12 04:40:00+00:00,43.29999923706055,43.29999923706055,43.29999923706055,43.29999923706055,2000,0.0,0.0
2024-06-12 04:50:00+00:00,43.29999923706055,43.349998474121094,43.29999923706055,43.349998474121094,12478,0.0,0.0
2024-06-12 04:55:00+00:00,43.349998474121094,43.349998474121094,43.349998474121094,43.349998474121094,2053,0.0,0.0
2024-06-12 05:00:00+00:00,43.349998474121094,43.349998474121094,43.349998474121094,43.349998474121094,3169,0.0,0.0
2024-06-12 05:10:00+00:00,43.349998474121094,43.349998474121094,43.349998474121094,43.349998474121094,5000,0.0,0.0
2024-06-12 05:15:00+00:00,43.29999923706055,43.29999923706055,43.29999923706055,43.29999923706055,1000,0.0,0.0
2024-06-12 05:20:00+00:00,43.29999923706055,43.29999923706055,43.29999923706055,43.29999923706055,2053,0.0,0.0
2024-06-13 01:00:00+00:00,43.400001525878906,43.400001525878906,43.20000076293945,43.20000076293945,0,0.0,0.0
2024-06-13 01:05:00+00:00,43.099998474121094,43.099998474121094,43.099998474121094,43.099998474121094,2000,0.0,0.0
2024-06-13 01:10:00+00:00,43.20000076293945,43.20000076293945,43.20000076293945,43.20000076293945,5601,0.0,0.0
2024-06-13 01:15:00+00:00,43.099998474121094,43.29999923706055,43.099998474121094,43.20000076293945,9000,0.0,0.0
2024-06-13 01:20:00+00:00,43.20000076293945,43.20000076293945,43.20000076293945,43.20000076293945,8081,0.0,0.0
2024-06-13 01:25:00+00:00,43.150001525878906,43.20000076293945,43.150001525878906,43.20000076293945,6021,0.0,0.0
2024-06-13 01:30:00+00:00,43.150001525878906,43.20000076293945,43.150001525878906,43.20000076293945,3010,0.0,0.0
2024-06-13 01:35:00+00:00,43.150001525878906,43.150001525878906,43.099998474121094,43.099998474121094,4000,0.0,0.0
2024-06-13 01:40:00+00:00,43.099998474121094,43.150001525878906,43.099998474121094,43.150001525878906,8000,0.0,0.0
2024-06-13 01:45:00+00:00,43.150001525878906,43.150001525878906,43.150001525878906,43.150001525878906,5010,0.0,0.0
2024-06-13 01:50:00+00:00,43.20000076293945,43.20000076293945,43.20000076293945,43.20000076293945,1166,0.0,0.0
2024-06-13 01:55:00+00:00,43.150001525878906,43.20000076293945,43.150001525878906,43.20000076293945,4000,0.0,0.0
2024-06-13 02:05:00+00:00,43.20000076293945,43.20000076293945,43.20000076293945,43.20000076293945,2074,0.0,0.0
2024-06-13 02:20:00+00:00,43.20000076293945,43.20000076293945,43.20000076293945,43.20000076293945,3000,0.0,0.0
2024-06-13 02:30:00+00:00,43.29999923706055,43.29999923706055,43.29999923706055,43.29999923706055,3200,0.0,0.0
2024-06-13 02:40:00+00:00,43.349998474121094,43.349998474121094,43.349998474121094,43.349998474121094,2032,0.0,0.0
2024-06-13 02:45:00+00:00,43.400001525878906,43.400001525878906,43.400001525878906,43.400001525878906,4201,0.0,0.0
2024-06-13 02:50:00+00:00,43.45000076293945,43.45000076293945,43.45000076293945,43.45000076293945,6139,0.0,0.0
2024-06-13 02:55:00+00:00,43.5,43.5,43.5,43.5,1001,0.0,0.0
2024-06-13 03:05:00+00:00,43.400001525878906,43.400001525878906,43.400001525878906,43.400001525878906,2133,0.0,0.0
2024-06-13 03:30:00+00:00,43.400001525878906,43.400001525878906,43.400001525878906,43.400001525878906,1000,0.0,0.0
2024-06-13 03:35:00+00:00,43.400001525878906,43.400001525878906,43.400001525878906,43.400001525878906,0,0.0,0.0
2024-06-13 03:45:00+00:00,43.349998474121094,43.349998474121094,43.349998474121094,43.349998474121094,92669,0.0,0.0
2024-06-13 04:00:00+00:00,43.400001525878906,43.400001525878906,43.400001525878906,43.400001525878906,3000,0.0,0.0
2024-06-13 04:05:00+00:00,43.349998474121094,43.349998474121094,43.349998474121094,43.349998474121094,1413,0.0,0.0
2024-06-13 04:25:00+00:00,43.349998474121094,43.349998474121094,43.349998474121094,43.349998474121094,2001,0.0,0.0
2024-06-13 04:30:00+00:00,43.349998474121094,43.349998474121094,43.349998474121094,43.349998474121094,3000,0.0,0.0
2024-06-13 04:35:00+00:00,43.349998474121094,43.349998474121094,43.349998474121094,43.349998474121094,1019,0.0,0.0
2024-06-13 04:45:00+00:00,43.349998474121094,43.349998474121094,43.349998474121094,43.349998474121094,1000,0.0,0.0
2024-06-13 04:55:00+00:00,43.29999923706055,43.29999923706055,43.29999923706055,43.29999923706055,1000,0.0,0.0
2024-06-13 05:00:00+00:00,43.400001525878906,43.400001525878906,43.400001525878906,43.400001525878906,2200,0.0,0.0
2024-06-13 05:10:00+00:00,43.400001525878906,43.400001525878906,43.400001525878906,43.400001525878906,3010,0.0,0.0
2024-06-14 01:00:00+00:00,43.25,43.25,43.25,43.25,0,0.0,0.0
2024-06-14 01:15:00+00:00,43.29999923706055,43.29999923706055,43.25,43.25,5000,0.0,0.0
2024-06-14 01:20:00+00:00,43.25,43.25,43.25,43.25,3283,0.0,0.0
2024-06-14 01:25:00+00:00,43.29999923706055,43.349998474121094,43.29999923706055,43.349998474121094,19219,0.0,0.0
2024-06-14 01:30:00+00:00,43.349998474121094,43.349998474121094,43.349998474121094,43.349998474121094,1004,0.0,0.0
2024-06-14 01:35:00+00:00,43.349998474121094,43.349998474121094,43.349998474121094,43.349998474121094,2389,0.0,0.0
2024-06-14 01:50:00+00:00,43.349998474121094,43.349998474121094,43.349998474121094,43.349998474121094,3080,0.0,0.0
2024-06-14 01:55:00+00:00,43.29999923706055,43.29999923706055,43.29999923706055,43.29999923706055,8349,0.0,0.0
2024-06-14 02:30:00+00:00,43.349998474121094,43.349998474121094,43.349998474121094,43.349998474121094,3326,0.0,0.0
2024-06-14 02:40:00+00:00,43.400001525878906,43.45000076293945,43.400001525878906,43.45000076293945,9000,0.0,0.0
2024-06-14 02:45:00+00:00,43.45000076293945,43.45000076293945,43.45000076293945,43.45000076293945,1353,0.0,0.0
2024-06-14 03:00:00+00:00,43.45000076293945,43.45000076293945,43.400001525878906,43.400001525878906,3400,0.0,0.0
2024-06-14 03:05:00+00:00,43.400001525878906,43.400001525878906,43.349998474121094,43.349998474121094,3200,0.0,0.0
2024-06-14 03:15:00+00:00,43.349998474121094,43.349998474121094,43.349998474121094,43.349998474121094,7000,0.0,0.0
2024-06-14 03:20:00+00:00,43.349998474121094,43.349998474121094,43.349998474121094,43.349998474121094,4200,0.0,0.0
2024-06-14 03:30:00+00:00,43.349998474121094,43.349998474121094,43.349998474121094,43.349998474121094,4130,0.0,0.0
2024-06-14 03:35:00+00:00,43.400001525878906,43.400001525878906,43.400001525878906,43.400001525878906,1187,0.0,0.0
2024-06-14 03:50:00+00:00,43.400001525878906,43.400001525878906,43.29999923706055,43.29999923706055,4000,0.0,0.0
2024-06-14 03:55:00+00:00,43.400001525878906,43.400001525878906,43.349998474121094,43.349998474121094,6440,0.0,0.0
2024-06-14 04:00:00+00:00,43.349998474121094,43.400001525878906,43.349998474121094,43.349998474121094,3141,0.0,0.0
2024-06-14 04:15:00+00:00,43.29999923706055,43.29999923706055,43.29999923706055,43.29999923706055,6935,0.0,0.0
2024-06-14 04:35:00+00:00,43.29999923706055,43.29999923706055,43.29999923706055,43.29999923706055,18210,0.0,0.0
2024-06-14 04:50:00+00:00,43.29999923706055,43.29999923706055,43.29999923706055,43.29999923706055,1220,0.0,0.0
2024-06-14 05:00:00+00:00,43.349998474121094,43.349998474121094,43.349998474121094,43.349998474121094,3085,0.0,0.0
2024-06-14 05:20:00+00:00,43.29999923706055,43.29999923706055,43.29999923706055,43.29999923706055,4050,0.0,0.0
