Datetime,Open,High,Low,Close,Volume,Dividends,Stock Splits
2024-12-05 01:00:00+00:00,24.200000762939453,24.450000762939453,24.200000762939453,24.299999237060547,0,0.0,0.0
2024-12-05 01:05:00+00:00,24.299999237060547,24.299999237060547,24.100000381469727,24.149999618530273,76101,0.0,0.0
2024-12-05 01:10:00+00:00,24.149999618530273,24.149999618530273,24.149999618530273,24.149999618530273,17060,0.0,0.0
2024-12-05 01:15:00+00:00,24.100000381469727,24.100000381469727,24.049999237060547,24.049999237060547,58010,0.0,0.0
2024-12-05 01:20:00+00:00,24.049999237060547,24.049999237060547,24.0,24.049999237060547,40000,0.0,0.0
2024-12-05 01:25:00+00:00,24.100000381469727,24.100000381469727,24.049999237060547,24.049999237060547,17119,0.0,0.0
2024-12-05 01:30:00+00:00,24.0,24.049999237060547,24.0,24.0,15000,0.0,0.0
2024-12-05 01:35:00+00:00,24.0,24.200000762939453,23.950000762939453,24.200000762939453,83097,0.0,0.0
2024-12-05 01:40:00+00:00,24.200000762939453,24.25,24.100000381469727,24.100000381469727,32000,0.0,0.0
2024-12-05 01:45:00+00:00,24.049999237060547,24.049999237060547,24.0,24.0,17000,0.0,0.0
2024-12-05 01:50:00+00:00,24.0,24.049999237060547,23.950000762939453,24.0,13787,0.0,0.0
2024-12-05 01:55:00+00:00,24.0,24.0,23.950000762939453,23.950000762939453,9429,0.0,0.0
2024-12-05 02:00:00+00:00,23.950000762939453,23.950000762939453,23.950000762939453,23.950000762939453,12019,0.0,0.0
2024-12-05 02:05:00+00:00,23.950000762939453,24.0,23.950000762939453,23.950000762939453,8070,0.0,0.0
2024-12-05 02:10:00+00:00,24.0,24.049999237060547,23.950000762939453,24.0,26000,0.0,0.0
2024-12-05 02:15:00+00:00,24.0,24.0,24.0,24.0,13151,0.0,0.0
2024-12-05 02:20:00+00:00,24.0,24.0,24.0,24.0,1000,0.0,0.0
2024-12-05 02:25:00+00:00,24.0,24.0,24.0,24.0,1051,0.0,0.0
2024-12-05 02:30:00+00:00,24.049999237060547,24.049999237060547,24.0,24.0,14001,0.0,0.0
2024-12-05 02:35:00+00:00,24.0,24.049999237060547,24.0,24.049999237060547,5000,0.0,0.0
2024-12-05 02:40:00+00:00,24.0,24.049999237060547,24.0,24.0,10505,0.0,0.0
2024-12-05 02:45:00+00:00,24.100000381469727,24.149999618530273,24.100000381469727,24.149999618530273,20000,0.0,0.0
2024-12-05 02:50:00+00:00,24.149999618530273,24.149999618530273,24.149999618530273,24.149999618530273,8000,0.0,0.0
2024-12-05 02:55:00+00:00,24.149999618530273,24.149999618530273,24.100000381469727,24.149999618530273,4030,0.0,0.0
2024-12-05 03:00:00+00:00,24.100000381469727,24.149999618530273,24.100000381469727,24.149999618530273,9000,0.0,0.0
2024-12-05 03:05:00+00:00,24.100000381469727,24.100000381469727,24.049999237060547,24.049999237060547,7070,0.0,0.0
2024-12-05 03:10:00+00:00,24.049999237060547,24.049999237060547,24.049999237060547,24.049999237060547,1000,0.0,0.0
2024-12-05 03:15:00+00:00,24.049999237060547,24.049999237060547,24.0,24.0,10000,0.0,0.0
2024-12-05 03:20:00+00:00,24.049999237060547,24.049999237060547,24.049999237060547,24.049999237060547,11000,0.0,0.0
2024-12-05 03:25:00+00:00,24.049999237060547,24.049999237060547,24.049999237060547,24.049999237060547,5000,0.0,0.0
2024-12-05 03:30:00+00:00,24.100000381469727,24.100000381469727,24.100000381469727,24.100000381469727,6000,0.0,0.0
2024-12-05 03:35:00+00:00,24.049999237060547,24.049999237060547,24.049999237060547,24.049999237060547,2097,0.0,0.0
2024-12-05 03:45:00+00:00,24.049999237060547,24.100000381469727,24.049999237060547,24.049999237060547,5000,0.0,0.0
2024-12-05 03:50:00+00:00,24.049999237060547,24.049999237060547,24.049999237060547,24.049999237060547,1000,0.0,0.0
2024-12-05 03:55:00+00:00,24.049999237060547,24.049999237060547,24.049999237060547,24.049999237060547,1000,0.0,0.0
2024-12-05 04:00:00+00:00,24.049999237060547,24.049999237060547,24.049999237060547,24.049999237060547,1000,0.0,0.0
2024-12-05 04:10:00+00:00,24.0,24.0,24.0,24.0,23000,0.0,0.0
2024-12-05 04:15:00+00:00,24.0,24.049999237060547,23.950000762939453,23.950000762939453,12000,0.0,0.0
2024-12-05 04:20:00+00:00,23.950000762939453,23.950000762939453,23.950000762939453,23.950000762939453,2000,0.0,0.0
2024-12-05 04:25:00+00:00,23.950000762939453,23.950000762939453,23.950000762939453,23.950000762939453,4000,0.0,0.0
2024-12-05 04:30:00+00:00,24.0,24.0,23.950000762939453,23.950000762939453,4000,0.0,0.0
2024-12-05 04:35:00+00:00,23.950000762939453,23.950000762939453,23.950000762939453,23.950000762939453,3000,0.0,0.0
2024-12-05 04:40:00+00:00,23.950000762939453,24.0,23.950000762939453,24.0,38000,0.0,0.0
2024-12-05 04:45:00+00:00,24.0,24.0,23.899999618530273,23.899999618530273,33000,0.0,0.0
2024-12-05 04:50:00+00:00,23.899999618530273,23.950000762939453,23.899999618530273,23.950000762939453,2000,0.0,0.0
2024-12-05 04:55:00+00:00,23.950000762939453,23.950000762939453,23.950000762939453,23.950000762939453,4100,0.0,0.0
2024-12-05 05:00:00+00:00,23.899999618530273,23.950000762939453,23.899999618530273,23.950000762939453,44000,0.0,0.0
2024-12-05 05:05:00+00:00,23.950000762939453,23.950000762939453,23.899999618530273,23.950000762939453,20000,0.0,0.0
2024-12-05 05:10:00+00:00,23.950000762939453,23.950000762939453,23.899999618530273,23.899999618530273,17000,0.0,0.0
2024-12-05 05:15:00+00:00,23.899999618530273,23.899999618530273,23.850000381469727,23.850000381469727,39016,0.0,0.0
2024-12-05 05:20:00+00:00,23.850000381469727,23.899999618530273,23.799999237060547,23.899999618530273,67289,0.0,0.0
2024-12-06 01:00:00+00:00,23.850000381469727,24.0,23.850000381469727,24.0,0,0.0,0.0
2024-12-06 01:05:00+00:00,24.0,24.200000762939453,24.0,24.049999237060547,154000,0.0,0.0
2024-12-06 01:10:00+00:00,24.049999237060547,24.350000381469727,24.049999237060547,24.350000381469727,185103,0.0,0.0
2024-12-06 01:15:00+00:00,24.350000381469727,24.350000381469727,24.25,24.299999237060547,89015,0.0,0.0
2024-12-06 01:20:00+00:00,24.299999237060547,24.299999237060547,24.200000762939453,24.25,19130,0.0,0.0
2024-12-06 01:25:00+00:00,24.25,24.25,24.149999618530273,24.200000762939453,18002,0.0,0.0
2024-12-06 01:30:00+00:00,24.149999618530273,24.149999618530273,24.149999618530273,24.149999618530273,6120,0.0,0.0
2024-12-06 01:35:00+00:00,24.149999618530273,24.149999618530273,24.149999618530273,24.149999618530273,6000,0.0,0.0
2024-12-06 01:40:00+00:00,24.149999618530273,24.149999618530273,24.149999618530273,24.149999618530273,2100,0.0,0.0
2024-12-06 01:45:00+00:00,24.100000381469727,24.100000381469727,24.049999237060547,24.100000381469727,25000,0.0,0.0
2024-12-06 01:50:00+00:00,24.049999237060547,24.049999237060547,23.950000762939453,24.0,38060,0.0,0.0
2024-12-06 02:00:00+00:00,24.0,24.0,23.950000762939453,24.0,11000,0.0,0.0
2024-12-06 02:05:00+00:00,24.0,24.0,24.0,24.0,5000,0.0,0.0
2024-12-06 02:10:00+00:00,24.0,24.0,23.950000762939453,24.0,16301,0.0,0.0
2024-12-06 02:15:00+00:00,24.0,24.0,24.0,24.0,20000,0.0,0.0
2024-12-06 02:20:00+00:00,24.049999237060547,24.100000381469727,24.049999237060547,24.049999237060547,8090,0.0,0.0
2024-12-06 02:25:00+00:00,24.100000381469727,24.100000381469727,24.100000381469727,24.100000381469727,3021,0.0,0.0
2024-12-06 02:30:00+00:00,24.100000381469727,24.100000381469727,24.100000381469727,24.100000381469727,4000,0.0,0.0
2024-12-06 02:35:00+00:00,24.049999237060547,24.049999237060547,24.049999237060547,24.049999237060547,16000,0.0,0.0
2024-12-06 02:45:00+00:00,24.049999237060547,24.049999237060547,24.049999237060547,24.049999237060547,14005,0.0,0.0
2024-12-06 02:50:00+00:00,24.049999237060547,24.049999237060547,23.950000762939453,24.0,42000,0.0,0.0
2024-12-06 02:55:00+00:00,24.0,24.0,24.0,24.0,4000,0.0,0.0
2024-12-06 03:00:00+00:00,24.0,24.0,24.0,24.0,2000,0.0,0.0
2024-12-06 03:05:00+00:00,24.0,24.0,23.950000762939453,24.0,8000,0.0,0.0
2024-12-06 03:10:00+00:00,24.0,24.0,24.0,24.0,7000,0.0,0.0
2024-12-06 03:15:00+00:00,24.049999237060547,24.049999237060547,24.0,24.0,3000,0.0,0.0
2024-12-06 03:20:00+00:00,24.0,24.0,23.950000762939453,23.950000762939453,12100,0.0,0.0
2024-12-06 03:25:00+00:00,24.0,24.0,24.0,24.0,1000,0.0,0.0
2024-12-06 03:30:00+00:00,24.0,24.0,24.0,24.0,3100,0.0,0.0
2024-12-06 03:35:00+00:00,24.0,24.0,23.950000762939453,23.950000762939453,7000,0.0,0.0
2024-12-06 03:40:00+00:00,24.049999237060547,24.049999237060547,24.0,24.0,7000,0.0,0.0
2024-12-06 03:45:00+00:00,24.0,24.0,24.0,24.0,4000,0.0,0.0
2024-12-06 03:50:00+00:00,24.0,24.0,24.0,24.0,2000,0.0,0.0
2024-12-06 03:55:00+00:00,24.0,24.049999237060547,24.0,24.049999237060547,2000,0.0,0.0
2024-12-06 04:00:00+00:00,23.950000762939453,23.950000762939453,23.950000762939453,23.950000762939453,14067,0.0,0.0
2024-12-06 04:05:00+00:00,24.0,24.0,23.950000762939453,23.950000762939453,30083,0.0,0.0
2024-12-06 04:10:00+00:00,23.950000762939453,23.950000762939453,23.950000762939453,23.950000762939453,1000,0.0,0.0
2024-12-06 04:15:00+00:00,23.950000762939453,23.950000762939453,23.950000762939453,23.950000762939453,2000,0.0,0.0
2024-12-06 04:20:00+00:00,23.950000762939453,23.950000762939453,23.950000762939453,23.950000762939453,1040,0.0,0.0
2024-12-06 04:25:00+00:00,23.899999618530273,23.899999618530273,23.899999618530273,23.899999618530273,2000,0.0,0.0
2024-12-06 04:30:00+00:00,23.899999618530273,23.950000762939453,23.899999618530273,23.899999618530273,5439,0.0,0.0
2024-12-06 04:35:00+00:00,23.950000762939453,23.950000762939453,23.950000762939453,23.950000762939453,16021,0.0,0.0
2024-12-06 04:40:00+00:00,23.950000762939453,23.950000762939453,23.950000762939453,23.950000762939453,14000,0.0,0.0
2024-12-06 04:45:00+00:00,23.950000762939453,23.950000762939453,23.950000762939453,23.950000762939453,3042,0.0,0.0
2024-12-06 04:50:00+00:00,23.950000762939453,23.950000762939453,23.950000762939453,23.950000762939453,4001,0.0,0.0
2024-12-06 05:00:00+00:00,23.950000762939453,24.0,23.950000762939453,24.0,4000,0.0,0.0
2024-12-06 05:05:00+00:00,24.0,24.100000381469727,24.0,24.100000381469727,25083,0.0,0.0
2024-12-06 05:10:00+00:00,24.100000381469727,24.100000381469727,24.049999237060547,24.100000381469727,17000,0.0,0.0
2024-12-06 05:15:00+00:00,24.100000381469727,24.100000381469727,24.0,24.100000381469727,72281,0.0,0.0
2024-12-06 05:20:00+00:00,24.049999237060547,24.100000381469727,24.049999237060547,24.049999237060547,27082,0.0,0.0
2024-12-09 01:00:00+00:00,24.299999237060547,24.299999237060547,24.049999237060547,24.049999237060547,0,0.0,0.0
2024-12-09 01:05:00+00:00,24.100000381469727,24.100000381469727,23.899999618530273,23.899999618530273,48217,0.0,0.0
2024-12-09 01:10:00+00:00,24.0,24.0,23.899999618530273,23.899999618530273,18267,0.0,0.0
2024-12-09 01:15:00+00:00,24.0,24.0,23.950000762939453,23.950000762939453,6305,0.0,0.0
2024-12-09 01:20:00+00:00,23.899999618530273,23.899999618530273,23.850000381469727,23.850000381469727,46000,0.0,0.0
2024-12-09 01:25:00+00:00,23.850000381469727,23.899999618530273,23.850000381469727,23.850000381469727,19000,0.0,0.0
2024-12-09 01:30:00+00:00,23.850000381469727,23.850000381469727,23.799999237060547,23.799999237060547,14002,0.0,0.0
2024-12-09 01:35:00+00:00,23.799999237060547,23.799999237060547,23.799999237060547,23.799999237060547,12010,0.0,0.0
2024-12-09 01:40:00+00:00,23.799999237060547,23.850000381469727,23.799999237060547,23.850000381469727,22002,0.0,0.0
2024-12-09 01:45:00+00:00,23.75,23.75,23.700000762939453,23.700000762939453,116228,0.0,0.0
2024-12-09 01:50:00+00:00,23.700000762939453,23.700000762939453,23.649999618530273,23.700000762939453,32100,0.0,0.0
2024-12-09 01:55:00+00:00,23.649999618530273,23.649999618530273,23.649999618530273,23.649999618530273,19214,0.0,0.0
2024-12-09 02:00:00+00:00,23.700000762939453,23.700000762939453,23.700000762939453,23.700000762939453,3034,0.0,0.0
2024-12-09 02:05:00+00:00,23.700000762939453,23.700000762939453,23.649999618530273,23.700000762939453,11000,0.0,0.0
2024-12-09 02:10:00+00:00,23.649999618530273,23.700000762939453,23.649999618530273,23.700000762939453,9049,0.0,0.0
2024-12-09 02:15:00+00:00,23.649999618530273,23.700000762939453,23.649999618530273,23.700000762939453,15006,0.0,0.0
2024-12-09 02:20:00+00:00,23.75,23.799999237060547,23.75,23.799999237060547,21046,0.0,0.0
2024-12-09 02:25:00+00:00,23.799999237060547,23.799999237060547,23.799999237060547,23.799999237060547,6001,0.0,0.0
2024-12-09 02:30:00+00:00,23.799999237060547,23.799999237060547,23.75,23.75,5002,0.0,0.0
2024-12-09 02:35:00+00:00,23.75,23.799999237060547,23.75,23.799999237060547,9000,0.0,0.0
2024-12-09 02:40:00+00:00,23.850000381469727,23.850000381469727,23.799999237060547,23.799999237060547,5001,0.0,0.0
2024-12-09 02:45:00+00:00,23.799999237060547,23.850000381469727,23.799999237060547,23.799999237060547,8761,0.0,0.0
2024-12-09 02:55:00+00:00,23.799999237060547,23.799999237060547,23.799999237060547,23.799999237060547,1001,0.0,0.0
2024-12-09 03:00:00+00:00,23.799999237060547,23.799999237060547,23.799999237060547,23.799999237060547,1000,0.0,0.0
2024-12-09 03:05:00+00:00,23.799999237060547,23.850000381469727,23.799999237060547,23.850000381469727,9000,0.0,0.0
2024-12-09 03:10:00+00:00,23.799999237060547,23.799999237060547,23.799999237060547,23.799999237060547,15000,0.0,0.0
2024-12-09 03:15:00+00:00,23.75,23.75,23.75,23.75,1000,0.0,0.0
2024-12-09 03:20:00+00:00,23.75,23.75,23.75,23.75,2002,0.0,0.0
2024-12-09 03:25:00+00:00,23.75,23.75,23.75,23.75,1002,0.0,0.0
2024-12-09 03:30:00+00:00,23.75,23.75,23.75,23.75,1000,0.0,0.0
2024-12-09 03:35:00+00:00,23.75,23.75,23.75,23.75,2003,0.0,0.0
2024-12-09 03:40:00+00:00,23.75,23.75,23.75,23.75,2000,0.0,0.0
2024-12-09 03:45:00+00:00,23.75,23.75,23.75,23.75,20002,0.0,0.0
2024-12-09 03:50:00+00:00,23.799999237060547,23.799999237060547,23.799999237060547,23.799999237060547,11002,0.0,0.0
2024-12-09 03:55:00+00:00,23.75,23.799999237060547,23.700000762939453,23.799999237060547,39063,0.0,0.0
2024-12-09 04:00:00+00:00,23.850000381469727,23.899999618530273,23.850000381469727,23.899999618530273,16175,0.0,0.0
2024-12-09 04:05:00+00:00,23.850000381469727,23.850000381469727,23.850000381469727,23.850000381469727,1000,0.0,0.0
2024-12-09 04:10:00+00:00,23.799999237060547,23.799999237060547,23.799999237060547,23.799999237060547,5002,0.0,0.0
2024-12-09 04:20:00+00:00,23.75,23.75,23.75,23.75,1001,0.0,0.0
2024-12-09 04:25:00+00:00,23.75,23.75,23.75,23.75,4003,0.0,0.0
2024-12-09 04:30:00+00:00,23.799999237060547,23.799999237060547,23.799999237060547,23.799999237060547,4001,0.0,0.0
2024-12-09 04:35:00+00:00,23.799999237060547,23.799999237060547,23.799999237060547,23.799999237060547,10002,0.0,0.0
2024-12-09 04:40:00+00:00,23.799999237060547,23.799999237060547,23.75,23.75,7002,0.0,0.0
2024-12-09 04:45:00+00:00,23.75,23.75,23.75,23.75,1090,0.0,0.0
2024-12-09 04:50:00+00:00,23.75,23.75,23.75,23.75,1000,0.0,0.0
2024-12-09 04:55:00+00:00,23.700000762939453,23.700000762939453,23.700000762939453,23.700000762939453,50216,0.0,0.0
2024-12-09 05:00:00+00:00,23.700000762939453,23.700000762939453,23.700000762939453,23.700000762939453,4001,0.0,0.0
2024-12-09 05:05:00+00:00,23.700000762939453,23.700000762939453,23.700000762939453,23.700000762939453,18100,0.0,0.0
2024-12-09 05:10:00+00:00,23.700000762939453,23.75,23.700000762939453,23.75,5040,0.0,0.0
2024-12-09 05:15:00+00:00,23.700000762939453,23.700000762939453,23.700000762939453,23.700000762939453,45001,0.0,0.0
2024-12-09 05:20:00+00:00,23.700000762939453,23.75,23.649999618530273,23.700000762939453,42102,0.0,0.0
2024-12-10 01:00:00+00:00,23.899999618530273,23.899999618530273,23.75,23.799999237060547,0,0.0,0.0
2024-12-10 01:05:00+00:00,23.799999237060547,24.0,23.75,24.0,47101,0.0,0.0
2024-12-10 01:10:00+00:00,23.950000762939453,24.200000762939453,23.950000762939453,24.100000381469727,122362,0.0,0.0
2024-12-10 01:15:00+00:00,24.100000381469727,24.100000381469727,24.0,24.0,47020,0.0,0.0
2024-12-10 01:20:00+00:00,24.0,24.0,24.0,24.0,4000,0.0,0.0
2024-12-10 01:25:00+00:00,23.950000762939453,24.0,23.950000762939453,24.0,17000,0.0,0.0
2024-12-10 01:30:00+00:00,23.950000762939453,23.950000762939453,23.850000381469727,23.850000381469727,21100,0.0,0.0
2024-12-10 01:35:00+00:00,23.850000381469727,23.850000381469727,23.75,23.75,20005,0.0,0.0
2024-12-10 01:40:00+00:00,23.75,23.75,23.700000762939453,23.700000762939453,44000,0.0,0.0
2024-12-10 01:45:00+00:00,23.649999618530273,23.75,23.600000381469727,23.75,111016,0.0,0.0
2024-12-10 01:50:00+00:00,23.75,23.75,23.700000762939453,23.700000762939453,5066,0.0,0.0
2024-12-10 01:55:00+00:00,23.700000762939453,23.700000762939453,23.700000762939453,23.700000762939453,12000,0.0,0.0
2024-12-10 02:00:00+00:00,23.700000762939453,23.700000762939453,23.700000762939453,23.700000762939453,4000,0.0,0.0
2024-12-10 02:05:00+00:00,23.700000762939453,23.700000762939453,23.700000762939453,23.700000762939453,4100,0.0,0.0
2024-12-10 02:10:00+00:00,23.700000762939453,23.700000762939453,23.649999618530273,23.649999618530273,7000,0.0,0.0
2024-12-10 02:20:00+00:00,23.649999618530273,23.649999618530273,23.649999618530273,23.649999618530273,1000,0.0,0.0
2024-12-10 02:25:00+00:00,23.649999618530273,23.649999618530273,23.600000381469727,23.649999618530273,15003,0.0,0.0
2024-12-10 02:30:00+00:00,23.600000381469727,23.649999618530273,23.600000381469727,23.649999618530273,4000,0.0,0.0
2024-12-10 02:35:00+00:00,23.600000381469727,23.649999618530273,23.600000381469727,23.649999618530273,14000,0.0,0.0
2024-12-10 02:40:00+00:00,23.600000381469727,23.649999618530273,23.600000381469727,23.649999618530273,15001,0.0,0.0
2024-12-10 02:45:00+00:00,23.649999618530273,23.649999618530273,23.649999618530273,23.649999618530273,9000,0.0,0.0
2024-12-10 02:50:00+00:00,23.600000381469727,23.600000381469727,23.600000381469727,23.600000381469727,20164,0.0,0.0
2024-12-10 02:55:00+00:00,23.549999237060547,23.549999237060547,23.549999237060547,23.549999237060547,1000,0.0,0.0
2024-12-10 03:00:00+00:00,23.600000381469727,23.600000381469727,23.600000381469727,23.600000381469727,8000,0.0,0.0
2024-12-10 03:05:00+00:00,23.600000381469727,23.600000381469727,23.600000381469727,23.600000381469727,22020,0.0,0.0
2024-12-10 03:10:00+00:00,23.600000381469727,23.600000381469727,23.549999237060547,23.549999237060547,18180,0.0,0.0
2024-12-10 03:15:00+00:00,23.549999237060547,23.549999237060547,23.5,23.5,49000,0.0,0.0
2024-12-10 03:20:00+00:00,23.549999237060547,23.549999237060547,23.5,23.549999237060547,16000,0.0,0.0
2024-12-10 03:30:00+00:00,23.549999237060547,23.549999237060547,23.5,23.549999237060547,15000,0.0,0.0
2024-12-10 03:35:00+00:00,23.549999237060547,23.549999237060547,23.450000762939453,23.450000762939453,109075,0.0,0.0
2024-12-10 03:40:00+00:00,23.450000762939453,23.450000762939453,23.450000762939453,23.450000762939453,6020,0.0,0.0
2024-12-10 03:45:00+00:00,23.450000762939453,23.450000762939453,23.450000762939453,23.450000762939453,10000,0.0,0.0
2024-12-10 03:50:00+00:00,23.450000762939453,23.450000762939453,23.450000762939453,23.450000762939453,1001,0.0,0.0
2024-12-10 04:00:00+00:00,23.450000762939453,23.450000762939453,23.450000762939453,23.450000762939453,23000,0.0,0.0
2024-12-10 04:05:00+00:00,23.450000762939453,23.450000762939453,23.399999618530273,23.399999618530273,17067,0.0,0.0
2024-12-10 04:10:00+00:00,23.399999618530273,23.450000762939453,23.399999618530273,23.399999618530273,21000,0.0,0.0
2024-12-10 04:15:00+00:00,23.399999618530273,23.399999618530273,23.399999618530273,23.399999618530273,29219,0.0,0.0
2024-12-10 04:20:00+00:00,23.399999618530273,23.450000762939453,23.399999618530273,23.450000762939453,4000,0.0,0.0
2024-12-10 04:25:00+00:00,23.450000762939453,23.450000762939453,23.450000762939453,23.450000762939453,6000,0.0,0.0
2024-12-10 04:30:00+00:00,23.450000762939453,23.450000762939453,23.399999618530273,23.450000762939453,9000,0.0,0.0
2024-12-10 04:35:00+00:00,23.450000762939453,23.450000762939453,23.450000762939453,23.450000762939453,9001,0.0,0.0
2024-12-10 04:40:00+00:00,23.450000762939453,23.450000762939453,23.450000762939453,23.450000762939453,4001,0.0,0.0
2024-12-10 04:45:00+00:00,23.399999618530273,23.399999618530273,23.399999618530273,23.399999618530273,39000,0.0,0.0
2024-12-10 04:50:00+00:00,23.350000381469727,23.399999618530273,23.350000381469727,23.399999618530273,5116,0.0,0.0
2024-12-10 04:55:00+00:00,23.350000381469727,23.399999618530273,23.350000381469727,23.350000381469727,3200,0.0,0.0
2024-12-10 05:00:00+00:00,23.350000381469727,23.350000381469727,23.350000381469727,23.350000381469727,12000,0.0,0.0
2024-12-10 05:05:00+00:00,23.399999618530273,23.399999618530273,23.399999618530273,23.399999618530273,15151,0.0,0.0
2024-12-10 05:10:00+00:00,23.350000381469727,23.399999618530273,23.350000381469727,23.350000381469727,6425,0.0,0.0
2024-12-10 05:15:00+00:00,23.350000381469727,23.399999618530273,23.350000381469727,23.399999618530273,28002,0.0,0.0
2024-12-10 05:20:00+00:00,23.399999618530273,23.399999618530273,23.299999237060547,23.350000381469727,94014,0.0,0.0
2024-12-11 01:00:00+00:00,23.299999237060547,23.299999237060547,23.149999618530273,23.149999618530273,0,0.0,0.0
2024-12-11 01:05:00+00:00,23.149999618530273,23.200000762939453,23.149999618530273,23.149999618530273,18113,0.0,0.0
2024-12-11 01:10:00+00:00,23.149999618530273,23.200000762939453,23.149999618530273,23.200000762939453,27000,0.0,0.0
2024-12-11 01:15:00+00:00,23.25,23.25,23.25,23.25,3000,0.0,0.0
2024-12-11 01:20:00+00:00,23.25,23.25,23.149999618530273,23.25,39000,0.0,0.0
2024-12-11 01:25:00+00:00,23.149999618530273,23.200000762939453,23.149999618530273,23.149999618530273,11000,0.0,0.0
2024-12-11 01:30:00+00:00,23.149999618530273,23.200000762939453,23.149999618530273,23.149999618530273,22000,0.0,0.0
2024-12-11 01:35:00+00:00,23.149999618530273,23.200000762939453,23.100000381469727,23.200000762939453,24120,0.0,0.0
2024-12-11 01:40:00+00:00,23.200000762939453,23.200000762939453,23.200000762939453,23.200000762939453,4000,0.0,0.0
2024-12-11 01:45:00+00:00,23.200000762939453,23.25,23.200000762939453,23.25,8000,0.0,0.0
2024-12-11 01:55:00+00:00,23.25,23.25,23.200000762939453,23.200000762939453,2072,0.0,0.0
2024-12-11 02:05:00+00:00,23.200000762939453,23.200000762939453,23.200000762939453,23.200000762939453,1100,0.0,0.0
2024-12-11 02:10:00+00:00,23.200000762939453,23.200000762939453,23.149999618530273,23.149999618530273,10013,0.0,0.0
2024-12-11 02:15:00+00:00,23.200000762939453,23.200000762939453,23.200000762939453,23.200000762939453,6203,0.0,0.0
2024-12-11 02:20:00+00:00,23.200000762939453,23.25,23.200000762939453,23.25,2000,0.0,0.0
2024-12-11 02:25:00+00:00,23.200000762939453,23.200000762939453,23.200000762939453,23.200000762939453,5005,0.0,0.0
2024-12-11 02:30:00+00:00,23.200000762939453,23.200000762939453,23.200000762939453,23.200000762939453,1095,0.0,0.0
2024-12-11 02:35:00+00:00,23.149999618530273,23.25,23.149999618530273,23.200000762939453,14000,0.0,0.0
2024-12-11 02:40:00+00:00,23.200000762939453,23.200000762939453,23.200000762939453,23.200000762939453,16000,0.0,0.0
2024-12-11 02:45:00+00:00,23.200000762939453,23.25,23.200000762939453,23.200000762939453,21000,0.0,0.0
2024-12-11 02:55:00+00:00,23.25,23.25,23.200000762939453,23.25,12000,0.0,0.0
2024-12-11 03:05:00+00:00,23.25,23.299999237060547,23.25,23.25,14000,0.0,0.0
2024-12-11 03:10:00+00:00,23.25,23.25,23.200000762939453,23.200000762939453,5000,0.0,0.0
2024-12-11 03:15:00+00:00,23.200000762939453,23.200000762939453,23.200000762939453,23.200000762939453,3000,0.0,0.0
2024-12-11 03:20:00+00:00,23.200000762939453,23.200000762939453,23.200000762939453,23.200000762939453,6000,0.0,0.0
2024-12-11 03:25:00+00:00,23.200000762939453,23.200000762939453,23.200000762939453,23.200000762939453,3000,0.0,0.0
2024-12-11 03:30:00+00:00,23.25,23.25,23.25,23.25,1000,0.0,0.0
2024-12-11 03:35:00+00:00,23.200000762939453,23.200000762939453,23.200000762939453,23.200000762939453,17000,0.0,0.0
2024-12-11 03:40:00+00:00,23.200000762939453,23.200000762939453,23.200000762939453,23.200000762939453,5000,0.0,0.0
2024-12-11 03:45:00+00:00,23.200000762939453,23.25,23.200000762939453,23.25,14000,0.0,0.0
2024-12-11 03:50:00+00:00,23.200000762939453,23.200000762939453,23.200000762939453,23.200000762939453,9000,0.0,0.0
2024-12-11 03:55:00+00:00,23.200000762939453,23.25,23.200000762939453,23.25,13000,0.0,0.0
2024-12-11 04:00:00+00:00,23.25,23.25,23.200000762939453,23.200000762939453,9100,0.0,0.0
2024-12-11 04:05:00+00:00,23.200000762939453,23.25,23.200000762939453,23.25,2000,0.0,0.0
2024-12-11 04:15:00+00:00,23.200000762939453,23.200000762939453,23.200000762939453,23.200000762939453,4000,0.0,0.0
2024-12-11 04:20:00+00:00,23.200000762939453,23.200000762939453,23.149999618530273,23.149999618530273,46105,0.0,0.0
2024-12-11 04:25:00+00:00,23.149999618530273,23.149999618530273,23.100000381469727,23.149999618530273,120123,0.0,0.0
2024-12-11 04:30:00+00:00,23.149999618530273,23.149999618530273,23.100000381469727,23.100000381469727,3000,0.0,0.0
2024-12-11 04:35:00+00:00,23.100000381469727,23.100000381469727,23.100000381469727,23.100000381469727,11050,0.0,0.0
2024-12-11 04:40:00+00:00,23.100000381469727,23.100000381469727,23.049999237060547,23.049999237060547,123392,0.0,0.0
2024-12-11 04:45:00+00:00,23.049999237060547,23.049999237060547,23.049999237060547,23.049999237060547,18185,0.0,0.0
2024-12-11 04:50:00+00:00,23.049999237060547,23.049999237060547,23.049999237060547,23.049999237060547,13000,0.0,0.0
2024-12-11 04:55:00+00:00,23.049999237060547,23.049999237060547,23.0,23.049999237060547,9685,0.0,0.0
2024-12-11 05:00:00+00:00,23.0,23.049999237060547,23.0,23.049999237060547,21021,0.0,0.0
2024-12-11 05:05:00+00:00,23.0,23.0,23.0,23.0,68845,0.0,0.0
2024-12-11 05:10:00+00:00,23.0,23.049999237060547,23.0,23.0,46000,0.0,0.0
2024-12-11 05:15:00+00:00,23.0,23.049999237060547,23.0,23.0,21000,0.0,0.0
2024-12-11 05:20:00+00:00,23.049999237060547,23.049999237060547,22.950000762939453,23.0,124124,0.0,0.0
2024-12-12 01:00:00+00:00,23.049999237060547,23.149999618530273,23.049999237060547,23.100000381469727,0,0.0,0.0
2024-12-12 01:05:00+00:00,23.100000381469727,23.149999618530273,23.100000381469727,23.149999618530273,13065,0.0,0.0
2024-12-12 01:10:00+00:00,23.200000762939453,23.649999618530273,23.149999618530273,23.5,126000,0.0,0.0
2024-12-12 01:15:00+00:00,23.5,23.600000381469727,23.350000381469727,23.350000381469727,57150,0.0,0.0
2024-12-12 01:20:00+00:00,23.350000381469727,23.5,23.350000381469727,23.450000762939453,127010,0.0,0.0
2024-12-12 01:25:00+00:00,23.450000762939453,23.450000762939453,23.450000762939453,23.450000762939453,25060,0.0,0.0
2024-12-12 01:30:00+00:00,23.399999618530273,23.399999618530273,23.350000381469727,23.350000381469727,5084,0.0,0.0
2024-12-12 01:35:00+00:00,23.350000381469727,23.350000381469727,23.299999237060547,23.299999237060547,48000,0.0,0.0
2024-12-12 01:40:00+00:00,23.25,23.299999237060547,23.25,23.299999237060547,33050,0.0,0.0
2024-12-12 01:45:00+00:00,23.299999237060547,23.299999237060547,23.299999237060547,23.299999237060547,14000,0.0,0.0
2024-12-12 01:50:00+00:00,23.25,23.299999237060547,23.25,23.299999237060547,2000,0.0,0.0
2024-12-12 01:55:00+00:00,23.25,23.25,23.200000762939453,23.200000762939453,6445,0.0,0.0
2024-12-12 02:00:00+00:00,23.25,23.25,23.25,23.25,2069,0.0,0.0
2024-12-12 02:05:00+00:00,23.200000762939453,23.200000762939453,23.200000762939453,23.200000762939453,28065,0.0,0.0
2024-12-12 02:10:00+00:00,23.149999618530273,23.200000762939453,23.149999618530273,23.200000762939453,48010,0.0,0.0
2024-12-12 02:15:00+00:00,23.25,23.25,23.200000762939453,23.200000762939453,20090,0.0,0.0
2024-12-12 02:20:00+00:00,23.200000762939453,23.200000762939453,23.200000762939453,23.200000762939453,4000,0.0,0.0
2024-12-12 02:25:00+00:00,23.200000762939453,23.200000762939453,23.149999618530273,23.149999618530273,5020,0.0,0.0
2024-12-12 02:30:00+00:00,23.149999618530273,23.200000762939453,23.149999618530273,23.200000762939453,6000,0.0,0.0
2024-12-12 02:35:00+00:00,23.200000762939453,23.25,23.200000762939453,23.25,8000,0.0,0.0
2024-12-12 02:40:00+00:00,23.200000762939453,23.200000762939453,23.149999618530273,23.149999618530273,20000,0.0,0.0
2024-12-12 02:45:00+00:00,23.149999618530273,23.149999618530273,23.149999618530273,23.149999618530273,24048,0.0,0.0
2024-12-12 02:50:00+00:00,23.100000381469727,23.149999618530273,23.049999237060547,23.100000381469727,82009,0.0,0.0
2024-12-12 02:55:00+00:00,23.100000381469727,23.100000381469727,23.049999237060547,23.049999237060547,44000,0.0,0.0
2024-12-12 03:00:00+00:00,23.100000381469727,23.100000381469727,23.049999237060547,23.100000381469727,9027,0.0,0.0
2024-12-12 03:05:00+00:00,23.100000381469727,23.100000381469727,23.100000381469727,23.100000381469727,1012,0.0,0.0
2024-12-12 03:10:00+00:00,23.100000381469727,23.100000381469727,23.049999237060547,23.049999237060547,69005,0.0,0.0
2024-12-12 03:15:00+00:00,23.049999237060547,23.049999237060547,23.049999237060547,23.049999237060547,19001,0.0,0.0
2024-12-12 03:20:00+00:00,23.049999237060547,23.049999237060547,23.049999237060547,23.049999237060547,3000,0.0,0.0
2024-12-12 03:25:00+00:00,23.049999237060547,23.049999237060547,22.950000762939453,22.950000762939453,69218,0.0,0.0
2024-12-12 03:30:00+00:00,22.950000762939453,23.0,22.950000762939453,23.0,43000,0.0,0.0
2024-12-12 03:35:00+00:00,23.0,23.0,23.0,23.0,12007,0.0,0.0
2024-12-12 03:40:00+00:00,23.0,23.0,23.0,23.0,5000,0.0,0.0
2024-12-12 03:45:00+00:00,23.0,23.0,22.899999618530273,22.950000762939453,31100,0.0,0.0
2024-12-12 03:50:00+00:00,22.950000762939453,22.950000762939453,22.950000762939453,22.950000762939453,11000,0.0,0.0
2024-12-12 03:55:00+00:00,22.950000762939453,22.950000762939453,22.899999618530273,22.899999618530273,44536,0.0,0.0
2024-12-12 04:00:00+00:00,22.899999618530273,22.899999618530273,22.899999618530273,22.899999618530273,26000,0.0,0.0
2024-12-12 04:05:00+00:00,22.899999618530273,22.950000762939453,22.899999618530273,22.950000762939453,6000,0.0,0.0
2024-12-12 04:10:00+00:00,22.899999618530273,22.899999618530273,22.799999237060547,22.799999237060547,73281,0.0,0.0
2024-12-12 04:15:00+00:00,22.799999237060547,22.850000381469727,22.649999618530273,22.700000762939453,156376,0.0,0.0
2024-12-12 04:20:00+00:00,22.649999618530273,22.700000762939453,22.649999618530273,22.700000762939453,40000,0.0,0.0
2024-12-12 04:25:00+00:00,22.75,22.75,22.700000762939453,22.700000762939453,14002,0.0,0.0
2024-12-12 04:30:00+00:00,22.75,22.799999237060547,22.700000762939453,22.75,32000,0.0,0.0
2024-12-12 04:35:00+00:00,22.75,22.75,22.649999618530273,22.700000762939453,36265,0.0,0.0
2024-12-12 04:40:00+00:00,22.700000762939453,22.700000762939453,22.649999618530273,22.700000762939453,34202,0.0,0.0
2024-12-12 04:45:00+00:00,22.700000762939453,22.700000762939453,22.649999618530273,22.649999618530273,14000,0.0,0.0
2024-12-12 04:50:00+00:00,22.700000762939453,22.700000762939453,22.649999618530273,22.700000762939453,53000,0.0,0.0
2024-12-12 04:55:00+00:00,22.700000762939453,22.700000762939453,22.649999618530273,22.649999618530273,84541,0.0,0.0
2024-12-12 05:00:00+00:00,22.649999618530273,22.649999618530273,22.600000381469727,22.649999618530273,24029,0.0,0.0
2024-12-12 05:05:00+00:00,22.649999618530273,22.649999618530273,22.600000381469727,22.649999618530273,32112,0.0,0.0
2024-12-12 05:10:00+00:00,22.649999618530273,22.649999618530273,22.600000381469727,22.649999618530273,16491,0.0,0.0
2024-12-12 05:15:00+00:00,22.600000381469727,22.700000762939453,22.600000381469727,22.700000762939453,43231,0.0,0.0
2024-12-12 05:20:00+00:00,22.700000762939453,22.75,22.649999618530273,22.75,50291,0.0,0.0
2024-12-13 01:00:00+00:00,22.700000762939453,22.700000762939453,22.200000762939453,22.200000762939453,0,0.0,0.0
2024-12-13 01:05:00+00:00,22.25,22.299999237060547,22.049999237060547,22.100000381469727,186000,0.0,0.0
2024-12-13 01:10:00+00:00,22.200000762939453,22.25,22.200000762939453,22.200000762939453,51530,0.0,0.0
2024-12-13 01:15:00+00:00,22.200000762939453,22.200000762939453,22.100000381469727,22.149999618530273,93603,0.0,0.0
2024-12-13 01:20:00+00:00,22.149999618530273,22.200000762939453,21.799999237060547,21.899999618530273,397413,0.0,0.0
2024-12-13 01:25:00+00:00,21.899999618530273,22.049999237060547,21.700000762939453,21.850000381469727,279224,0.0,0.0
2024-12-13 01:30:00+00:00,21.850000381469727,21.850000381469727,21.75,21.75,128298,0.0,0.0
2024-12-13 01:35:00+00:00,21.799999237060547,21.899999618530273,21.799999237060547,21.799999237060547,61400,0.0,0.0
2024-12-13 01:40:00+00:00,21.799999237060547,21.899999618530273,21.75,21.899999618530273,77200,0.0,0.0
2024-12-13 01:45:00+00:00,21.899999618530273,21.899999618530273,21.899999618530273,21.899999618530273,34007,0.0,0.0
2024-12-13 01:50:00+00:00,21.899999618530273,21.899999618530273,21.799999237060547,21.799999237060547,33416,0.0,0.0
2024-12-13 01:55:00+00:00,21.799999237060547,21.850000381469727,21.799999237060547,21.850000381469727,54628,0.0,0.0
2024-12-13 02:00:00+00:00,21.850000381469727,21.850000381469727,21.649999618530273,21.649999618530273,203485,0.0,0.0
2024-12-13 02:05:00+00:00,21.700000762939453,21.75,21.700000762939453,21.700000762939453,30025,0.0,0.0
2024-12-13 02:10:00+00:00,21.700000762939453,21.75,21.700000762939453,21.700000762939453,17000,0.0,0.0
2024-12-13 02:15:00+00:00,21.75,21.75,21.700000762939453,21.75,12000,0.0,0.0
2024-12-13 02:20:00+00:00,21.700000762939453,21.850000381469727,21.700000762939453,21.850000381469727,67720,0.0,0.0
2024-12-13 02:25:00+00:00,21.850000381469727,21.850000381469727,21.850000381469727,21.850000381469727,18000,0.0,0.0
2024-12-13 02:30:00+00:00,21.850000381469727,21.950000762939453,21.799999237060547,21.950000762939453,82000,0.0,0.0
2024-12-13 02:35:00+00:00,21.950000762939453,22.0,21.950000762939453,22.0,9209,0.0,0.0
2024-12-13 02:40:00+00:00,22.0,22.0,21.950000762939453,21.950000762939453,12244,0.0,0.0
2024-12-13 02:45:00+00:00,21.950000762939453,22.0,21.899999618530273,21.950000762939453,48003,0.0,0.0
2024-12-13 02:50:00+00:00,21.899999618530273,22.049999237060547,21.899999618530273,22.049999237060547,41599,0.0,0.0
2024-12-13 02:55:00+00:00,22.049999237060547,22.149999618530273,22.049999237060547,22.149999618530273,47100,0.0,0.0
2024-12-13 03:00:00+00:00,22.149999618530273,22.149999618530273,22.100000381469727,22.100000381469727,21000,0.0,0.0
2024-12-13 03:05:00+00:00,22.100000381469727,22.100000381469727,22.100000381469727,22.100000381469727,1000,0.0,0.0
2024-12-13 03:10:00+00:00,22.100000381469727,22.100000381469727,22.049999237060547,22.049999237060547,25010,0.0,0.0
2024-12-13 03:15:00+00:00,22.049999237060547,22.049999237060547,22.0,22.0,4269,0.0,0.0
2024-12-13 03:20:00+00:00,22.049999237060547,22.049999237060547,22.049999237060547,22.049999237060547,2000,0.0,0.0
2024-12-13 03:25:00+00:00,22.049999237060547,22.049999237060547,22.0,22.0,6000,0.0,0.0
2024-12-13 03:30:00+00:00,22.0,22.049999237060547,22.0,22.049999237060547,79161,0.0,0.0
2024-12-13 03:40:00+00:00,22.049999237060547,22.049999237060547,22.0,22.049999237060547,14000,0.0,0.0
2024-12-13 03:45:00+00:00,22.049999237060547,22.049999237060547,22.049999237060547,22.049999237060547,6000,0.0,0.0
2024-12-13 03:50:00+00:00,22.049999237060547,22.049999237060547,22.0,22.0,68079,0.0,0.0
2024-12-13 03:55:00+00:00,22.0,22.0,22.0,22.0,5000,0.0,0.0
2024-12-13 04:00:00+00:00,22.0,22.0,21.950000762939453,21.950000762939453,38045,0.0,0.0
2024-12-13 04:05:00+00:00,21.950000762939453,21.950000762939453,21.899999618530273,21.899999618530273,20000,0.0,0.0
2024-12-13 04:10:00+00:00,21.950000762939453,21.950000762939453,21.950000762939453,21.950000762939453,7030,0.0,0.0
2024-12-13 04:15:00+00:00,21.950000762939453,21.950000762939453,21.899999618530273,21.899999618530273,63000,0.0,0.0
2024-12-13 04:20:00+00:00,21.899999618530273,21.950000762939453,21.899999618530273,21.950000762939453,6010,0.0,0.0
2024-12-13 04:25:00+00:00,21.950000762939453,21.950000762939453,21.899999618530273,21.899999618530273,22100,0.0,0.0
2024-12-13 04:30:00+00:00,21.950000762939453,21.950000762939453,21.850000381469727,21.850000381469727,44213,0.0,0.0
2024-12-13 04:35:00+00:00,21.899999618530273,21.899999618530273,21.850000381469727,21.850000381469727,8188,0.0,0.0
2024-12-13 04:40:00+00:00,21.899999618530273,21.950000762939453,21.899999618530273,21.950000762939453,14000,0.0,0.0
2024-12-13 04:45:00+00:00,21.950000762939453,21.950000762939453,21.899999618530273,21.899999618530273,13000,0.0,0.0
2024-12-13 04:50:00+00:00,21.899999618530273,21.899999618530273,21.899999618530273,21.899999618530273,17000,0.0,0.0
2024-12-13 04:55:00+00:00,21.899999618530273,21.950000762939453,21.899999618530273,21.899999618530273,16000,0.0,0.0
2024-12-13 05:00:00+00:00,21.950000762939453,21.950000762939453,21.899999618530273,21.899999618530273,20050,0.0,0.0
2024-12-13 05:05:00+00:00,21.850000381469727,22.0,21.850000381469727,21.950000762939453,55015,0.0,0.0
2024-12-13 05:10:00+00:00,21.950000762939453,21.950000762939453,21.950000762939453,21.950000762939453,53057,0.0,0.0
2024-12-13 05:15:00+00:00,22.0,22.0,21.899999618530273,21.899999618530273,19061,0.0,0.0
2024-12-13 05:20:00+00:00,21.950000762939453,22.0,21.899999618530273,22.0,51001,0.0,0.0
2024-12-16 01:00:00+00:00,21.850000381469727,21.950000762939453,21.850000381469727,21.899999618530273,0,0.0,0.0
2024-12-16 01:05:00+00:00,21.899999618530273,21.899999618530273,21.75,21.799999237060547,43000,0.0,0.0
2024-12-16 01:10:00+00:00,21.799999237060547,21.850000381469727,21.75,21.850000381469727,29640,0.0,0.0
2024-12-16 01:15:00+00:00,21.799999237060547,21.799999237060547,21.700000762939453,21.799999237060547,54120,0.0,0.0
2024-12-16 01:20:00+00:00,21.799999237060547,21.799999237060547,21.799999237060547,21.799999237060547,2000,0.0,0.0
2024-12-16 01:25:00+00:00,21.75,21.75,21.75,21.75,9050,0.0,0.0
2024-12-16 01:30:00+00:00,21.75,21.950000762939453,21.700000762939453,21.950000762939453,52001,0.0,0.0
2024-12-16 01:35:00+00:00,21.950000762939453,22.049999237060547,21.950000762939453,22.0,64200,0.0,0.0
2024-12-16 01:40:00+00:00,21.899999618530273,21.950000762939453,21.899999618530273,21.950000762939453,11000,0.0,0.0
2024-12-16 01:45:00+00:00,21.950000762939453,22.0,21.950000762939453,22.0,11010,0.0,0.0
2024-12-16 01:50:00+00:00,21.950000762939453,22.0,21.950000762939453,22.0,4000,0.0,0.0
2024-12-16 01:55:00+00:00,22.0,22.049999237060547,22.0,22.0,27136,0.0,0.0
2024-12-16 02:00:00+00:00,22.0,22.0,22.0,22.0,6017,0.0,0.0
2024-12-16 02:10:00+00:00,21.899999618530273,21.899999618530273,21.899999618530273,21.899999618530273,4000,0.0,0.0
2024-12-16 02:15:00+00:00,21.850000381469727,21.850000381469727,21.850000381469727,21.850000381469727,2373,0.0,0.0
2024-12-16 02:20:00+00:00,21.850000381469727,21.850000381469727,21.799999237060547,21.799999237060547,13149,0.0,0.0
2024-12-16 02:25:00+00:00,21.799999237060547,21.850000381469727,21.799999237060547,21.850000381469727,9251,0.0,0.0
2024-12-16 02:30:00+00:00,21.799999237060547,21.799999237060547,21.799999237060547,21.799999237060547,1000,0.0,0.0
2024-12-16 02:35:00+00:00,21.850000381469727,21.899999618530273,21.850000381469727,21.899999618530273,8020,0.0,0.0
2024-12-16 02:40:00+00:00,21.899999618530273,21.899999618530273,21.899999618530273,21.899999618530273,1000,0.0,0.0
2024-12-16 02:45:00+00:00,21.899999618530273,21.899999618530273,21.899999618530273,21.899999618530273,1000,0.0,0.0
2024-12-16 02:50:00+00:00,21.899999618530273,21.899999618530273,21.850000381469727,21.850000381469727,8050,0.0,0.0
2024-12-16 02:55:00+00:00,21.850000381469727,21.899999618530273,21.850000381469727,21.899999618530273,5000,0.0,0.0
2024-12-16 03:05:00+00:00,21.799999237060547,21.850000381469727,21.799999237060547,21.850000381469727,7000,0.0,0.0
2024-12-16 03:10:00+00:00,21.799999237060547,21.799999237060547,21.799999237060547,21.799999237060547,65501,0.0,0.0
2024-12-16 03:15:00+00:00,21.75,21.799999237060547,21.75,21.799999237060547,29215,0.0,0.0
2024-12-16 03:20:00+00:00,21.75,21.75,21.700000762939453,21.700000762939453,30000,0.0,0.0
2024-12-16 03:25:00+00:00,21.75,21.75,21.700000762939453,21.75,12000,0.0,0.0
2024-12-16 03:30:00+00:00,21.700000762939453,21.700000762939453,21.700000762939453,21.700000762939453,66200,0.0,0.0
2024-12-16 03:35:00+00:00,21.700000762939453,21.700000762939453,21.700000762939453,21.700000762939453,26233,0.0,0.0
2024-12-16 03:40:00+00:00,21.649999618530273,21.649999618530273,21.649999618530273,21.649999618530273,32000,0.0,0.0
2024-12-16 03:45:00+00:00,21.649999618530273,21.649999618530273,21.649999618530273,21.649999618530273,6025,0.0,0.0
2024-12-16 03:50:00+00:00,21.700000762939453,21.700000762939453,21.649999618530273,21.649999618530273,4665,0.0,0.0
2024-12-16 03:55:00+00:00,21.649999618530273,21.649999618530273,21.649999618530273,21.649999618530273,17047,0.0,0.0
2024-12-16 04:00:00+00:00,21.649999618530273,21.649999618530273,21.649999618530273,21.649999618530273,22050,0.0,0.0
2024-12-16 04:05:00+00:00,21.649999618530273,21.649999618530273,21.649999618530273,21.649999618530273,8200,0.0,0.0
2024-12-16 04:10:00+00:00,21.649999618530273,21.649999618530273,21.600000381469727,21.600000381469727,6000,0.0,0.0
2024-12-16 04:15:00+00:00,21.600000381469727,21.600000381469727,21.5,21.549999237060547,114490,0.0,0.0
2024-12-16 04:20:00+00:00,21.549999237060547,21.549999237060547,21.399999618530273,21.399999618530273,177100,0.0,0.0
2024-12-16 04:25:00+00:00,21.399999618530273,21.549999237060547,21.399999618530273,21.549999237060547,106000,0.0,0.0
2024-12-16 04:30:00+00:00,21.600000381469727,21.600000381469727,21.549999237060547,21.549999237060547,14006,0.0,0.0
2024-12-16 04:35:00+00:00,21.600000381469727,21.600000381469727,21.600000381469727,21.600000381469727,19100,0.0,0.0
2024-12-16 04:40:00+00:00,21.600000381469727,21.600000381469727,21.600000381469727,21.600000381469727,6252,0.0,0.0
2024-12-16 04:45:00+00:00,21.549999237060547,21.549999237060547,21.549999237060547,21.549999237060547,8050,0.0,0.0
2024-12-16 04:50:00+00:00,21.549999237060547,21.549999237060547,21.5,21.549999237060547,4015,0.0,0.0
2024-12-16 04:55:00+00:00,21.5,21.5,21.5,21.5,19000,0.0,0.0
2024-12-16 05:00:00+00:00,21.5,21.549999237060547,21.399999618530273,21.399999618530273,79070,0.0,0.0
2024-12-16 05:05:00+00:00,21.450000762939453,21.450000762939453,21.350000381469727,21.399999618530273,151005,0.0,0.0
2024-12-16 05:10:00+00:00,21.5,21.5,21.399999618530273,21.450000762939453,38030,0.0,0.0
2024-12-16 05:15:00+00:00,21.399999618530273,21.450000762939453,21.399999618530273,21.399999618530273,32400,0.0,0.0
2024-12-16 05:20:00+00:00,21.450000762939453,21.450000762939453,21.350000381469727,21.350000381469727,54204,0.0,0.0
2024-12-17 01:00:00+00:00,21.399999618530273,21.5,21.399999618530273,21.450000762939453,0,0.0,0.0
2024-12-17 01:05:00+00:00,21.450000762939453,21.5,21.450000762939453,21.450000762939453,83065,0.0,0.0
2024-12-17 01:10:00+00:00,21.5,21.600000381469727,21.5,21.600000381469727,70000,0.0,0.0
2024-12-17 01:15:00+00:00,21.600000381469727,21.600000381469727,21.5,21.5,49200,0.0,0.0
2024-12-17 01:20:00+00:00,21.5,21.5,21.450000762939453,21.5,96030,0.0,0.0
2024-12-17 01:25:00+00:00,21.549999237060547,21.549999237060547,21.5,21.5,20060,0.0,0.0
2024-12-17 01:30:00+00:00,21.5,21.549999237060547,21.5,21.549999237060547,53020,0.0,0.0
2024-12-17 01:35:00+00:00,21.549999237060547,21.549999237060547,21.5,21.549999237060547,55456,0.0,0.0
2024-12-17 01:40:00+00:00,21.5,21.600000381469727,21.5,21.600000381469727,7000,0.0,0.0
2024-12-17 01:45:00+00:00,21.600000381469727,21.600000381469727,21.5,21.5,5776,0.0,0.0
2024-12-17 01:50:00+00:00,21.5,21.549999237060547,21.5,21.549999237060547,6000,0.0,0.0
2024-12-17 01:55:00+00:00,21.549999237060547,21.549999237060547,21.5,21.5,6000,0.0,0.0
2024-12-17 02:00:00+00:00,21.5,21.5,21.5,21.5,13000,0.0,0.0
2024-12-17 02:05:00+00:00,21.5,21.5,21.5,21.5,8093,0.0,0.0
2024-12-17 02:10:00+00:00,21.5,21.700000762939453,21.5,21.700000762939453,108650,0.0,0.0
2024-12-17 02:15:00+00:00,21.700000762939453,21.75,21.700000762939453,21.700000762939453,31201,0.0,0.0
2024-12-17 02:20:00+00:00,21.700000762939453,21.700000762939453,21.700000762939453,21.700000762939453,2000,0.0,0.0
2024-12-17 02:25:00+00:00,21.700000762939453,21.700000762939453,21.700000762939453,21.700000762939453,1000,0.0,0.0
2024-12-17 02:30:00+00:00,21.649999618530273,21.649999618530273,21.649999618530273,21.649999618530273,15030,0.0,0.0
2024-12-17 02:35:00+00:00,21.649999618530273,21.649999618530273,21.649999618530273,21.649999618530273,5008,0.0,0.0
2024-12-17 02:40:00+00:00,21.649999618530273,21.649999618530273,21.649999618530273,21.649999618530273,7000,0.0,0.0
2024-12-17 02:45:00+00:00,21.649999618530273,21.700000762939453,21.649999618530273,21.700000762939453,15000,0.0,0.0
2024-12-17 02:50:00+00:00,21.700000762939453,21.700000762939453,21.700000762939453,21.700000762939453,11000,0.0,0.0
2024-12-17 02:55:00+00:00,21.700000762939453,21.700000762939453,21.700000762939453,21.700000762939453,4000,0.0,0.0
2024-12-17 03:00:00+00:00,21.700000762939453,21.700000762939453,21.700000762939453,21.700000762939453,2000,0.0,0.0
2024-12-17 03:05:00+00:00,21.649999618530273,21.649999618530273,21.649999618530273,21.649999618530273,3006,0.0,0.0
2024-12-17 03:10:00+00:00,21.649999618530273,21.75,21.649999618530273,21.75,27000,0.0,0.0
2024-12-17 03:15:00+00:00,21.700000762939453,21.75,21.700000762939453,21.75,2000,0.0,0.0
2024-12-17 03:20:00+00:00,21.75,21.75,21.75,21.75,5000,0.0,0.0
2024-12-17 03:25:00+00:00,21.75,21.75,21.75,21.75,21100,0.0,0.0
2024-12-17 03:30:00+00:00,21.75,21.75,21.75,21.75,11200,0.0,0.0
2024-12-17 03:35:00+00:00,21.75,21.75,21.700000762939453,21.700000762939453,7000,0.0,0.0
2024-12-17 03:40:00+00:00,21.700000762939453,21.700000762939453,21.700000762939453,21.700000762939453,11000,0.0,0.0
2024-12-17 03:45:00+00:00,21.700000762939453,21.700000762939453,21.700000762939453,21.700000762939453,6100,0.0,0.0
2024-12-17 03:50:00+00:00,21.700000762939453,21.700000762939453,21.700000762939453,21.700000762939453,10000,0.0,0.0
2024-12-17 03:55:00+00:00,21.649999618530273,21.649999618530273,21.649999618530273,21.649999618530273,45000,0.0,0.0
2024-12-17 04:00:00+00:00,21.700000762939453,21.700000762939453,21.700000762939453,21.700000762939453,3076,0.0,0.0
2024-12-17 04:05:00+00:00,21.600000381469727,21.649999618530273,21.600000381469727,21.649999618530273,8000,0.0,0.0
2024-12-17 04:10:00+00:00,21.600000381469727,21.600000381469727,21.600000381469727,21.600000381469727,27530,0.0,0.0
2024-12-17 04:15:00+00:00,21.600000381469727,21.600000381469727,21.600000381469727,21.600000381469727,1141,0.0,0.0
2024-12-17 04:20:00+00:00,21.600000381469727,21.600000381469727,21.549999237060547,21.549999237060547,2015,0.0,0.0
2024-12-17 04:25:00+00:00,21.549999237060547,21.600000381469727,21.549999237060547,21.549999237060547,21008,0.0,0.0
2024-12-17 04:30:00+00:00,21.549999237060547,21.649999618530273,21.549999237060547,21.600000381469727,7010,0.0,0.0
2024-12-17 04:35:00+00:00,21.600000381469727,21.600000381469727,21.549999237060547,21.549999237060547,21032,0.0,0.0
2024-12-17 04:40:00+00:00,21.600000381469727,21.600000381469727,21.600000381469727,21.600000381469727,7000,0.0,0.0
2024-12-17 04:45:00+00:00,21.600000381469727,21.600000381469727,21.600000381469727,21.600000381469727,28000,0.0,0.0
2024-12-17 04:50:00+00:00,21.600000381469727,21.649999618530273,21.600000381469727,21.649999618530273,16000,0.0,0.0
2024-12-17 04:55:00+00:00,21.600000381469727,21.649999618530273,21.600000381469727,21.649999618530273,12000,0.0,0.0
2024-12-17 05:00:00+00:00,21.649999618530273,21.649999618530273,21.649999618530273,21.649999618530273,3000,0.0,0.0
2024-12-17 05:05:00+00:00,21.649999618530273,21.649999618530273,21.549999237060547,21.549999237060547,27000,0.0,0.0
2024-12-17 05:10:00+00:00,21.549999237060547,21.649999618530273,21.549999237060547,21.649999618530273,26350,0.0,0.0
2024-12-17 05:15:00+00:00,21.649999618530273,21.75,21.649999618530273,21.700000762939453,84001,0.0,0.0
2024-12-17 05:20:00+00:00,21.649999618530273,21.700000762939453,21.600000381469727,21.700000762939453,12001,0.0,0.0
2024-12-18 01:00:00+00:00,21.600000381469727,21.600000381469727,21.350000381469727,21.399999618530273,159000,0.0,0.0
2024-12-18 01:05:00+00:00,21.450000762939453,21.450000762939453,21.399999618530273,21.399999618530273,46600,0.0,0.0
2024-12-18 01:10:00+00:00,21.350000381469727,21.450000762939453,21.350000381469727,21.450000762939453,52000,0.0,0.0
2024-12-18 01:15:00+00:00,21.450000762939453,21.450000762939453,21.350000381469727,21.350000381469727,55000,0.0,0.0
2024-12-18 01:20:00+00:00,21.350000381469727,21.399999618530273,21.350000381469727,21.399999618530273,47000,0.0,0.0
2024-12-18 01:25:00+00:00,21.350000381469727,21.450000762939453,21.350000381469727,21.450000762939453,26070,0.0,0.0
2024-12-18 01:30:00+00:00,21.450000762939453,21.450000762939453,21.450000762939453,21.450000762939453,26000,0.0,0.0
2024-12-18 01:35:00+00:00,21.450000762939453,21.450000762939453,21.399999618530273,21.399999618530273,7724,0.0,0.0
2024-12-18 01:40:00+00:00,21.450000762939453,21.75,21.450000762939453,21.75,113000,0.0,0.0
2024-12-18 01:45:00+00:00,21.700000762939453,21.700000762939453,21.700000762939453,21.700000762939453,13000,0.0,0.0
2024-12-18 01:50:00+00:00,21.700000762939453,21.700000762939453,21.700000762939453,21.700000762939453,1000,0.0,0.0
2024-12-18 01:55:00+00:00,21.700000762939453,21.700000762939453,21.700000762939453,21.700000762939453,2000,0.0,0.0
2024-12-18 02:00:00+00:00,21.700000762939453,21.700000762939453,21.700000762939453,21.700000762939453,1000,0.0,0.0
2024-12-18 02:05:00+00:00,21.700000762939453,21.700000762939453,21.649999618530273,21.649999618530273,22000,0.0,0.0
2024-12-18 02:10:00+00:00,21.649999618530273,21.75,21.649999618530273,21.75,22000,0.0,0.0
2024-12-18 02:15:00+00:00,21.700000762939453,21.75,21.700000762939453,21.75,14220,0.0,0.0
2024-12-18 02:20:00+00:00,21.75,21.75,21.75,21.75,22000,0.0,0.0
2024-12-18 02:25:00+00:00,21.75,21.799999237060547,21.700000762939453,21.75,105000,0.0,0.0
2024-12-18 02:30:00+00:00,21.75,21.75,21.75,21.75,2000,0.0,0.0
2024-12-18 02:35:00+00:00,21.75,21.75,21.75,21.75,3010,0.0,0.0
2024-12-18 02:40:00+00:00,21.75,21.75,21.75,21.75,1020,0.0,0.0
2024-12-18 02:45:00+00:00,21.700000762939453,21.700000762939453,21.649999618530273,21.649999618530273,11080,0.0,0.0
2024-12-18 02:55:00+00:00,21.600000381469727,21.600000381469727,21.600000381469727,21.600000381469727,1000,0.0,0.0
2024-12-18 03:00:00+00:00,21.649999618530273,21.75,21.649999618530273,21.75,6406,0.0,0.0
2024-12-18 03:05:00+00:00,21.600000381469727,21.700000762939453,21.549999237060547,21.700000762939453,17010,0.0,0.0
2024-12-18 03:15:00+00:00,21.649999618530273,21.649999618530273,21.649999618530273,21.649999618530273,2100,0.0,0.0
2024-12-18 03:20:00+00:00,21.600000381469727,21.600000381469727,21.600000381469727,21.600000381469727,11000,0.0,0.0
2024-12-18 03:25:00+00:00,21.649999618530273,21.649999618530273,21.600000381469727,21.600000381469727,12050,0.0,0.0
2024-12-18 03:30:00+00:00,21.549999237060547,21.549999237060547,21.549999237060547,21.549999237060547,1000,0.0,0.0
2024-12-18 03:35:00+00:00,21.549999237060547,21.549999237060547,21.549999237060547,21.549999237060547,15000,0.0,0.0
2024-12-18 03:40:00+00:00,21.600000381469727,21.600000381469727,21.549999237060547,21.549999237060547,15201,0.0,0.0
2024-12-18 03:45:00+00:00,21.549999237060547,21.549999237060547,21.549999237060547,21.549999237060547,3010,0.0,0.0
2024-12-18 03:50:00+00:00,21.549999237060547,21.549999237060547,21.549999237060547,21.549999237060547,2000,0.0,0.0
2024-12-18 04:00:00+00:00,21.549999237060547,21.549999237060547,21.5,21.549999237060547,23000,0.0,0.0
2024-12-18 04:05:00+00:00,21.549999237060547,21.600000381469727,21.5,21.5,22350,0.0,0.0
2024-12-18 04:10:00+00:00,21.5,21.5,21.5,21.5,20150,0.0,0.0
2024-12-18 04:20:00+00:00,21.5,21.700000762939453,21.5,21.700000762939453,25000,0.0,0.0
2024-12-18 04:25:00+00:00,21.700000762939453,21.799999237060547,21.649999618530273,21.799999237060547,23435,0.0,0.0
2024-12-18 04:30:00+00:00,21.799999237060547,21.899999618530273,21.799999237060547,21.899999618530273,4100,0.0,0.0
2024-12-18 04:35:00+00:00,21.799999237060547,21.899999618530273,21.799999237060547,21.850000381469727,48043,0.0,0.0
2024-12-18 04:40:00+00:00,21.899999618530273,21.899999618530273,21.75,21.75,34000,0.0,0.0
2024-12-18 04:45:00+00:00,21.799999237060547,21.799999237060547,21.700000762939453,21.75,42020,0.0,0.0
2024-12-18 04:50:00+00:00,21.700000762939453,21.799999237060547,21.649999618530273,21.75,82050,0.0,0.0
2024-12-18 04:55:00+00:00,21.700000762939453,21.700000762939453,21.649999618530273,21.649999618530273,20000,0.0,0.0
2024-12-18 05:00:00+00:00,21.700000762939453,21.799999237060547,21.600000381469727,21.799999237060547,154027,0.0,0.0
2024-12-18 05:05:00+00:00,21.75,21.799999237060547,21.75,21.799999237060547,4005,0.0,0.0
2024-12-18 05:10:00+00:00,21.799999237060547,21.799999237060547,21.700000762939453,21.75,69000,0.0,0.0
2024-12-18 05:15:00+00:00,21.75,21.799999237060547,21.700000762939453,21.75,50000,0.0,0.0
2024-12-18 05:20:00+00:00,21.75,21.850000381469727,21.75,21.75,77253,0.0,0.0
2024-12-19 01:00:00+00:00,21.5,21.549999237060547,21.450000762939453,21.5,0,0.0,0.0
2024-12-19 01:05:00+00:00,21.549999237060547,21.549999237060547,21.5,21.549999237060547,14032,0.0,0.0
2024-12-19 01:10:00+00:00,21.549999237060547,21.549999237060547,21.549999237060547,21.549999237060547,3000,0.0,0.0
2024-12-19 01:15:00+00:00,21.649999618530273,21.649999618530273,21.649999618530273,21.649999618530273,3998,0.0,0.0
2024-12-19 01:20:00+00:00,21.649999618530273,21.649999618530273,21.600000381469727,21.649999618530273,11020,0.0,0.0
2024-12-19 01:25:00+00:00,21.649999618530273,21.649999618530273,21.649999618530273,21.649999618530273,2050,0.0,0.0
2024-12-19 01:30:00+00:00,21.600000381469727,21.600000381469727,21.549999237060547,21.549999237060547,10050,0.0,0.0
2024-12-19 01:35:00+00:00,21.549999237060547,21.649999618530273,21.549999237060547,21.649999618530273,28000,0.0,0.0
2024-12-19 01:40:00+00:00,21.75,21.75,21.75,21.75,1000,0.0,0.0
2024-12-19 01:45:00+00:00,21.75,21.75,21.75,21.75,4000,0.0,0.0
2024-12-19 01:55:00+00:00,21.700000762939453,21.700000762939453,21.700000762939453,21.700000762939453,1020,0.0,0.0
2024-12-19 02:00:00+00:00,21.700000762939453,21.700000762939453,21.649999618530273,21.649999618530273,14359,0.0,0.0
2024-12-19 02:05:00+00:00,21.600000381469727,21.649999618530273,21.600000381469727,21.649999618530273,14141,0.0,0.0
2024-12-19 02:10:00+00:00,21.649999618530273,21.649999618530273,21.600000381469727,21.600000381469727,10131,0.0,0.0
2024-12-19 02:20:00+00:00,21.600000381469727,21.600000381469727,21.600000381469727,21.600000381469727,1000,0.0,0.0
2024-12-19 02:25:00+00:00,21.649999618530273,21.649999618530273,21.600000381469727,21.600000381469727,42000,0.0,0.0
2024-12-19 02:30:00+00:00,21.649999618530273,21.700000762939453,21.649999618530273,21.700000762939453,24000,0.0,0.0
2024-12-19 02:35:00+00:00,21.649999618530273,21.649999618530273,21.649999618530273,21.649999618530273,4200,0.0,0.0
2024-12-19 02:45:00+00:00,21.649999618530273,21.649999618530273,21.649999618530273,21.649999618530273,4006,0.0,0.0
2024-12-19 02:50:00+00:00,21.600000381469727,21.649999618530273,21.600000381469727,21.649999618530273,2000,0.0,0.0
2024-12-19 02:55:00+00:00,21.649999618530273,21.649999618530273,21.600000381469727,21.600000381469727,8070,0.0,0.0
2024-12-19 03:00:00+00:00,21.600000381469727,21.649999618530273,21.600000381469727,21.649999618530273,14021,0.0,0.0
2024-12-19 03:05:00+00:00,21.649999618530273,21.649999618530273,21.649999618530273,21.649999618530273,1000,0.0,0.0
2024-12-19 03:10:00+00:00,21.649999618530273,21.649999618530273,21.649999618530273,21.649999618530273,5000,0.0,0.0
2024-12-19 03:15:00+00:00,21.649999618530273,21.649999618530273,21.649999618530273,21.649999618530273,6030,0.0,0.0
2024-12-19 03:20:00+00:00,21.649999618530273,21.649999618530273,21.649999618530273,21.649999618530273,12000,0.0,0.0
2024-12-19 03:25:00+00:00,21.649999618530273,21.649999618530273,21.549999237060547,21.549999237060547,31202,0.0,0.0
2024-12-19 03:30:00+00:00,21.549999237060547,21.600000381469727,21.549999237060547,21.600000381469727,17000,0.0,0.0
2024-12-19 03:35:00+00:00,21.600000381469727,21.600000381469727,21.600000381469727,21.600000381469727,9500,0.0,0.0
2024-12-19 03:40:00+00:00,21.600000381469727,21.600000381469727,21.549999237060547,21.600000381469727,14079,0.0,0.0
2024-12-19 03:45:00+00:00,21.600000381469727,21.600000381469727,21.600000381469727,21.600000381469727,1001,0.0,0.0
2024-12-19 03:50:00+00:00,21.549999237060547,21.649999618530273,21.549999237060547,21.649999618530273,33000,0.0,0.0
2024-12-19 03:55:00+00:00,21.649999618530273,21.649999618530273,21.600000381469727,21.600000381469727,7000,0.0,0.0
2024-12-19 04:00:00+00:00,21.600000381469727,21.649999618530273,21.600000381469727,21.600000381469727,3000,0.0,0.0
2024-12-19 04:05:00+00:00,21.600000381469727,21.600000381469727,21.600000381469727,21.600000381469727,7000,0.0,0.0
2024-12-19 04:10:00+00:00,21.600000381469727,21.600000381469727,21.600000381469727,21.600000381469727,3190,0.0,0.0
2024-12-19 04:20:00+00:00,21.600000381469727,21.600000381469727,21.600000381469727,21.600000381469727,1001,0.0,0.0
2024-12-19 04:25:00+00:00,21.549999237060547,21.549999237060547,21.549999237060547,21.549999237060547,1000,0.0,0.0
2024-12-19 04:30:00+00:00,21.549999237060547,21.649999618530273,21.549999237060547,21.649999618530273,26000,0.0,0.0
2024-12-19 04:35:00+00:00,21.649999618530273,21.649999618530273,21.649999618530273,21.649999618530273,4205,0.0,0.0
2024-12-19 04:45:00+00:00,21.649999618530273,21.649999618530273,21.649999618530273,21.649999618530273,3000,0.0,0.0
2024-12-19 04:50:00+00:00,21.649999618530273,21.649999618530273,21.649999618530273,21.649999618530273,11000,0.0,0.0
2024-12-19 04:55:00+00:00,21.649999618530273,21.700000762939453,21.649999618530273,21.700000762939453,38331,0.0,0.0
2024-12-19 05:00:00+00:00,21.700000762939453,21.700000762939453,21.700000762939453,21.700000762939453,3000,0.0,0.0
2024-12-19 05:05:00+00:00,21.700000762939453,21.700000762939453,21.700000762939453,21.700000762939453,2000,0.0,0.0
2024-12-19 05:10:00+00:00,21.700000762939453,21.75,21.700000762939453,21.75,2000,0.0,0.0
2024-12-19 05:15:00+00:00,21.700000762939453,21.75,21.700000762939453,21.75,9115,0.0,0.0
2024-12-19 05:20:00+00:00,21.75,21.75,21.75,21.75,7012,0.0,0.0
2024-12-20 01:00:00+00:00,21.450000762939453,21.700000762939453,21.450000762939453,21.700000762939453,0,0.0,0.0
2024-12-20 01:05:00+00:00,21.600000381469727,21.700000762939453,21.600000381469727,21.700000762939453,15006,0.0,0.0
2024-12-20 01:10:00+00:00,21.700000762939453,21.700000762939453,21.5,21.5,22035,0.0,0.0
2024-12-20 01:15:00+00:00,21.5,21.600000381469727,21.5,21.600000381469727,11030,0.0,0.0
2024-12-20 01:20:00+00:00,21.600000381469727,21.600000381469727,21.5,21.600000381469727,17000,0.0,0.0
2024-12-20 01:25:00+00:00,21.600000381469727,21.700000762939453,21.600000381469727,21.700000762939453,15000,0.0,0.0
2024-12-20 01:30:00+00:00,21.75,21.75,21.600000381469727,21.600000381469727,15000,0.0,0.0
2024-12-20 01:35:00+00:00,21.649999618530273,21.649999618530273,21.600000381469727,21.600000381469727,11020,0.0,0.0
2024-12-20 01:40:00+00:00,21.700000762939453,21.75,21.700000762939453,21.75,10000,0.0,0.0
2024-12-20 01:45:00+00:00,21.649999618530273,21.649999618530273,21.600000381469727,21.600000381469727,28083,0.0,0.0
2024-12-20 01:50:00+00:00,21.600000381469727,21.649999618530273,21.600000381469727,21.649999618530273,6000,0.0,0.0
2024-12-20 02:00:00+00:00,21.600000381469727,21.600000381469727,21.549999237060547,21.549999237060547,26029,0.0,0.0
2024-12-20 02:05:00+00:00,21.600000381469727,21.649999618530273,21.600000381469727,21.649999618530273,6000,0.0,0.0
2024-12-20 02:10:00+00:00,21.649999618530273,21.649999618530273,21.649999618530273,21.649999618530273,4000,0.0,0.0
2024-12-20 02:15:00+00:00,21.649999618530273,21.649999618530273,21.600000381469727,21.600000381469727,12001,0.0,0.0
2024-12-20 02:20:00+00:00,21.649999618530273,21.649999618530273,21.549999237060547,21.549999237060547,22230,0.0,0.0
2024-12-20 02:25:00+00:00,21.600000381469727,21.600000381469727,21.549999237060547,21.549999237060547,15120,0.0,0.0
2024-12-20 02:35:00+00:00,21.549999237060547,21.549999237060547,21.549999237060547,21.549999237060547,2000,0.0,0.0
2024-12-20 02:40:00+00:00,21.549999237060547,22.149999618530273,21.549999237060547,22.0,251001,0.0,0.0
2024-12-20 02:45:00+00:00,22.049999237060547,22.049999237060547,21.850000381469727,21.850000381469727,41000,0.0,0.0
2024-12-20 02:50:00+00:00,21.850000381469727,21.850000381469727,21.799999237060547,21.799999237060547,27000,0.0,0.0
2024-12-20 02:55:00+00:00,21.799999237060547,21.799999237060547,21.799999237060547,21.799999237060547,2007,0.0,0.0
2024-12-20 03:05:00+00:00,21.799999237060547,21.799999237060547,21.75,21.75,6000,0.0,0.0
2024-12-20 03:10:00+00:00,21.75,21.75,21.75,21.75,18000,0.0,0.0
2024-12-20 03:15:00+00:00,21.700000762939453,21.75,21.700000762939453,21.700000762939453,7000,0.0,0.0
2024-12-20 03:20:00+00:00,21.700000762939453,21.700000762939453,21.700000762939453,21.700000762939453,5007,0.0,0.0
2024-12-20 03:25:00+00:00,21.700000762939453,21.700000762939453,21.700000762939453,21.700000762939453,3000,0.0,0.0
2024-12-20 03:30:00+00:00,21.700000762939453,21.75,21.700000762939453,21.75,3000,0.0,0.0
2024-12-20 03:35:00+00:00,21.700000762939453,21.75,21.700000762939453,21.75,6000,0.0,0.0
2024-12-20 03:40:00+00:00,21.700000762939453,21.700000762939453,21.700000762939453,21.700000762939453,7085,0.0,0.0
2024-12-20 03:45:00+00:00,21.700000762939453,21.700000762939453,21.600000381469727,21.600000381469727,103387,0.0,0.0
2024-12-20 03:50:00+00:00,21.600000381469727,21.600000381469727,21.600000381469727,21.600000381469727,3100,0.0,0.0
2024-12-20 03:55:00+00:00,21.600000381469727,21.600000381469727,21.600000381469727,21.600000381469727,4000,0.0,0.0
2024-12-20 04:00:00+00:00,21.600000381469727,21.600000381469727,21.600000381469727,21.600000381469727,12000,0.0,0.0
2024-12-20 04:05:00+00:00,21.600000381469727,21.600000381469727,21.549999237060547,21.549999237060547,23001,0.0,0.0
2024-12-20 04:10:00+00:00,21.549999237060547,21.600000381469727,21.549999237060547,21.600000381469727,23008,0.0,0.0
2024-12-20 04:15:00+00:00,21.549999237060547,21.549999237060547,21.549999237060547,21.549999237060547,15000,0.0,0.0
2024-12-20 04:20:00+00:00,21.549999237060547,21.549999237060547,21.549999237060547,21.549999237060547,7000,0.0,0.0
2024-12-20 04:25:00+00:00,21.5,21.549999237060547,21.5,21.549999237060547,7181,0.0,0.0
2024-12-20 04:30:00+00:00,21.5,21.549999237060547,21.5,21.549999237060547,9000,0.0,0.0
2024-12-20 04:35:00+00:00,21.549999237060547,21.549999237060547,21.549999237060547,21.549999237060547,3000,0.0,0.0
2024-12-20 04:40:00+00:00,21.549999237060547,21.600000381469727,21.549999237060547,21.600000381469727,14025,0.0,0.0
2024-12-20 04:45:00+00:00,21.600000381469727,21.600000381469727,21.549999237060547,21.549999237060547,5000,0.0,0.0
2024-12-20 04:50:00+00:00,21.549999237060547,21.600000381469727,21.549999237060547,21.549999237060547,5000,0.0,0.0
2024-12-20 04:55:00+00:00,21.549999237060547,21.549999237060547,21.549999237060547,21.549999237060547,2000,0.0,0.0
2024-12-20 05:00:00+00:00,21.549999237060547,21.549999237060547,21.549999237060547,21.549999237060547,3746,0.0,0.0
2024-12-20 05:05:00+00:00,21.549999237060547,21.549999237060547,21.549999237060547,21.549999237060547,11000,0.0,0.0
2024-12-20 05:10:00+00:00,21.549999237060547,21.600000381469727,21.549999237060547,21.549999237060547,7000,0.0,0.0
2024-12-20 05:15:00+00:00,21.600000381469727,21.600000381469727,21.549999237060547,21.549999237060547,22000,0.0,0.0
2024-12-20 05:20:00+00:00,21.549999237060547,21.549999237060547,21.549999237060547,21.549999237060547,13500,0.0,0.0
2024-12-23 01:00:00+00:00,21.850000381469727,21.950000762939453,21.799999237060547,21.899999618530273,0,0.0,0.0
2024-12-23 01:05:00+00:00,21.950000762939453,21.950000762939453,21.899999618530273,21.899999618530273,16040,0.0,0.0
2024-12-23 01:10:00+00:00,21.950000762939453,22.25,21.950000762939453,22.149999618530273,304822,0.0,0.0
2024-12-23 01:15:00+00:00,22.149999618530273,22.200000762939453,22.149999618530273,22.149999618530273,22024,0.0,0.0
2024-12-23 01:20:00+00:00,22.200000762939453,22.200000762939453,22.149999618530273,22.149999618530273,32436,0.0,0.0
2024-12-23 01:25:00+00:00,22.149999618530273,22.149999618530273,22.0,22.0,16020,0.0,0.0
2024-12-23 01:30:00+00:00,22.0,22.049999237060547,22.0,22.0,24000,0.0,0.0
2024-12-23 01:35:00+00:00,22.0,22.049999237060547,22.0,22.049999237060547,4010,0.0,0.0
2024-12-23 01:40:00+00:00,22.049999237060547,22.049999237060547,22.0,22.0,8000,0.0,0.0
2024-12-23 01:45:00+00:00,22.049999237060547,22.049999237060547,22.0,22.0,8538,0.0,0.0
2024-12-23 01:50:00+00:00,21.950000762939453,21.950000762939453,21.950000762939453,21.950000762939453,4000,0.0,0.0
2024-12-23 01:55:00+00:00,22.0,22.0,21.899999618530273,21.899999618530273,13006,0.0,0.0
2024-12-23 02:00:00+00:00,21.950000762939453,22.0,21.950000762939453,21.950000762939453,8000,0.0,0.0
2024-12-23 02:05:00+00:00,21.950000762939453,21.950000762939453,21.899999618530273,21.950000762939453,9000,0.0,0.0
2024-12-23 02:10:00+00:00,21.950000762939453,21.950000762939453,21.899999618530273,21.899999618530273,2000,0.0,0.0
2024-12-23 02:15:00+00:00,21.899999618530273,21.899999618530273,21.899999618530273,21.899999618530273,2001,0.0,0.0
2024-12-23 02:20:00+00:00,21.950000762939453,21.950000762939453,21.950000762939453,21.950000762939453,1100,0.0,0.0
2024-12-23 02:25:00+00:00,21.950000762939453,21.950000762939453,21.950000762939453,21.950000762939453,9000,0.0,0.0
2024-12-23 02:30:00+00:00,22.0,22.0,22.0,22.0,9000,0.0,0.0
2024-12-23 02:35:00+00:00,22.049999237060547,22.049999237060547,22.0,22.0,3000,0.0,0.0
2024-12-23 02:40:00+00:00,22.049999237060547,22.049999237060547,22.0,22.0,5000,0.0,0.0
2024-12-23 02:45:00+00:00,22.049999237060547,22.049999237060547,22.0,22.049999237060547,16000,0.0,0.0
2024-12-23 02:50:00+00:00,22.0,22.0,21.950000762939453,21.950000762939453,8187,0.0,0.0
2024-12-23 02:55:00+00:00,22.049999237060547,22.049999237060547,22.049999237060547,22.049999237060547,4001,0.0,0.0
2024-12-23 03:10:00+00:00,22.0,22.0,21.950000762939453,21.950000762939453,2002,0.0,0.0
2024-12-23 03:15:00+00:00,22.0,22.0,22.0,22.0,9015,0.0,0.0
2024-12-23 03:20:00+00:00,22.0,22.0,22.0,22.0,14020,0.0,0.0
2024-12-23 03:25:00+00:00,22.0,22.0,22.0,22.0,28000,0.0,0.0
2024-12-23 03:35:00+00:00,21.950000762939453,21.950000762939453,21.950000762939453,21.950000762939453,1227,0.0,0.0
2024-12-23 03:40:00+00:00,21.950000762939453,21.950000762939453,21.950000762939453,21.950000762939453,1338,0.0,0.0
2024-12-23 03:55:00+00:00,22.0,22.0,21.950000762939453,21.950000762939453,18111,0.0,0.0
2024-12-23 04:10:00+00:00,21.950000762939453,22.0,21.950000762939453,22.0,4000,0.0,0.0
2024-12-23 04:15:00+00:00,21.950000762939453,22.100000381469727,21.950000762939453,22.049999237060547,107597,0.0,0.0
2024-12-23 04:20:00+00:00,22.049999237060547,22.049999237060547,22.049999237060547,22.049999237060547,6000,0.0,0.0
2024-12-23 04:25:00+00:00,22.049999237060547,22.049999237060547,22.049999237060547,22.049999237060547,13000,0.0,0.0
2024-12-23 04:30:00+00:00,22.049999237060547,22.049999237060547,22.049999237060547,22.049999237060547,1000,0.0,0.0
2024-12-23 04:35:00+00:00,22.049999237060547,22.049999237060547,22.0,22.049999237060547,7000,0.0,0.0
2024-12-23 04:40:00+00:00,22.049999237060547,22.049999237060547,22.049999237060547,22.049999237060547,4000,0.0,0.0
2024-12-23 04:45:00+00:00,22.0,22.0,22.0,22.0,4000,0.0,0.0
2024-12-23 04:50:00+00:00,22.049999237060547,22.049999237060547,22.0,22.049999237060547,5000,0.0,0.0
2024-12-23 04:55:00+00:00,22.049999237060547,22.100000381469727,22.049999237060547,22.100000381469727,18130,0.0,0.0
2024-12-23 05:00:00+00:00,22.100000381469727,22.100000381469727,22.049999237060547,22.100000381469727,13720,0.0,0.0
2024-12-23 05:05:00+00:00,22.100000381469727,22.100000381469727,22.049999237060547,22.100000381469727,10344,0.0,0.0
2024-12-23 05:10:00+00:00,22.100000381469727,22.100000381469727,22.100000381469727,22.100000381469727,19245,0.0,0.0
2024-12-23 05:15:00+00:00,22.100000381469727,22.100000381469727,22.100000381469727,22.100000381469727,10153,0.0,0.0
2024-12-23 05:20:00+00:00,22.100000381469727,22.100000381469727,22.100000381469727,22.100000381469727,8103,0.0,0.0
2024-12-24 01:00:00+00:00,22.25,22.350000381469727,22.200000762939453,22.350000381469727,0,0.0,0.0
2024-12-24 01:05:00+00:00,22.350000381469727,22.600000381469727,22.350000381469727,22.399999618530273,135000,0.0,0.0
2024-12-24 01:10:00+00:00,22.399999618530273,22.450000762939453,22.299999237060547,22.299999237060547,41701,0.0,0.0
2024-12-24 01:15:00+00:00,22.299999237060547,22.299999237060547,22.299999237060547,22.299999237060547,10041,0.0,0.0
2024-12-24 01:20:00+00:00,22.350000381469727,22.350000381469727,22.350000381469727,22.350000381469727,9189,0.0,0.0
2024-12-24 01:25:00+00:00,22.399999618530273,22.399999618530273,22.350000381469727,22.350000381469727,13050,0.0,0.0
2024-12-24 01:30:00+00:00,22.399999618530273,22.399999618530273,22.299999237060547,22.350000381469727,10000,0.0,0.0
2024-12-24 01:35:00+00:00,22.350000381469727,22.350000381469727,22.299999237060547,22.299999237060547,15000,0.0,0.0
2024-12-24 01:40:00+00:00,22.299999237060547,22.299999237060547,22.299999237060547,22.299999237060547,6025,0.0,0.0
2024-12-24 01:45:00+00:00,22.299999237060547,22.299999237060547,22.299999237060547,22.299999237060547,10000,0.0,0.0
2024-12-24 01:50:00+00:00,22.299999237060547,22.299999237060547,22.25,22.25,19000,0.0,0.0
2024-12-24 01:55:00+00:00,22.25,22.25,22.200000762939453,22.200000762939453,39002,0.0,0.0
2024-12-24 02:00:00+00:00,22.200000762939453,22.25,22.149999618530273,22.25,47000,0.0,0.0
2024-12-24 02:05:00+00:00,22.25,22.299999237060547,22.200000762939453,22.200000762939453,7003,0.0,0.0
2024-12-24 02:10:00+00:00,22.200000762939453,22.25,22.200000762939453,22.25,8027,0.0,0.0
2024-12-24 02:15:00+00:00,22.25,22.299999237060547,22.200000762939453,22.200000762939453,12050,0.0,0.0
2024-12-24 02:20:00+00:00,22.200000762939453,22.200000762939453,22.200000762939453,22.200000762939453,2000,0.0,0.0
2024-12-24 02:25:00+00:00,22.25,22.25,22.25,22.25,3000,0.0,0.0
2024-12-24 02:30:00+00:00,22.25,22.25,22.200000762939453,22.200000762939453,2000,0.0,0.0
2024-12-24 02:40:00+00:00,22.200000762939453,22.200000762939453,22.149999618530273,22.200000762939453,16000,0.0,0.0
2024-12-24 02:45:00+00:00,22.200000762939453,22.200000762939453,22.149999618530273,22.200000762939453,13163,0.0,0.0
2024-12-24 02:50:00+00:00,22.200000762939453,22.200000762939453,22.200000762939453,22.200000762939453,3000,0.0,0.0
2024-12-24 02:55:00+00:00,22.200000762939453,22.200000762939453,22.200000762939453,22.200000762939453,13050,0.0,0.0
2024-12-24 03:00:00+00:00,22.200000762939453,22.200000762939453,22.149999618530273,22.149999618530273,3000,0.0,0.0
2024-12-24 03:05:00+00:00,22.149999618530273,22.149999618530273,22.149999618530273,22.149999618530273,3000,0.0,0.0
2024-12-24 03:10:00+00:00,22.149999618530273,22.149999618530273,22.149999618530273,22.149999618530273,3000,0.0,0.0
2024-12-24 03:15:00+00:00,22.149999618530273,22.149999618530273,22.149999618530273,22.149999618530273,6000,0.0,0.0
2024-12-24 03:20:00+00:00,22.200000762939453,22.200000762939453,22.149999618530273,22.149999618530273,29016,0.0,0.0
2024-12-24 03:25:00+00:00,22.149999618530273,22.149999618530273,22.149999618530273,22.149999618530273,3000,0.0,0.0
2024-12-24 03:30:00+00:00,22.149999618530273,22.149999618530273,22.149999618530273,22.149999618530273,1000,0.0,0.0
2024-12-24 03:35:00+00:00,22.149999618530273,22.149999618530273,22.149999618530273,22.149999618530273,1001,0.0,0.0
2024-12-24 03:40:00+00:00,22.149999618530273,22.149999618530273,22.100000381469727,22.100000381469727,12000,0.0,0.0
2024-12-24 03:45:00+00:00,22.149999618530273,22.149999618530273,22.149999618530273,22.149999618530273,21000,0.0,0.0
2024-12-24 03:50:00+00:00,22.100000381469727,22.149999618530273,22.100000381469727,22.100000381469727,29008,0.0,0.0
2024-12-24 03:55:00+00:00,22.049999237060547,22.100000381469727,22.049999237060547,22.100000381469727,11000,0.0,0.0
2024-12-24 04:05:00+00:00,22.049999237060547,22.100000381469727,22.049999237060547,22.100000381469727,4000,0.0,0.0
2024-12-24 04:10:00+00:00,22.100000381469727,22.100000381469727,22.100000381469727,22.100000381469727,5000,0.0,0.0
2024-12-24 04:15:00+00:00,22.049999237060547,22.049999237060547,22.0,22.0,15000,0.0,0.0
2024-12-24 04:20:00+00:00,22.049999237060547,22.049999237060547,22.0,22.0,44000,0.0,0.0
2024-12-24 04:25:00+00:00,22.0,22.100000381469727,22.0,22.100000381469727,7450,0.0,0.0
2024-12-24 04:30:00+00:00,22.100000381469727,22.100000381469727,22.100000381469727,22.100000381469727,11194,0.0,0.0
2024-12-24 04:35:00+00:00,22.100000381469727,22.100000381469727,22.049999237060547,22.100000381469727,6000,0.0,0.0
2024-12-24 04:45:00+00:00,22.100000381469727,22.100000381469727,22.100000381469727,22.100000381469727,3000,0.0,0.0
2024-12-24 04:50:00+00:00,22.100000381469727,22.100000381469727,22.049999237060547,22.049999237060547,3011,0.0,0.0
2024-12-24 04:55:00+00:00,22.100000381469727,22.100000381469727,22.049999237060547,22.049999237060547,10000,0.0,0.0
2024-12-24 05:00:00+00:00,22.049999237060547,22.049999237060547,22.049999237060547,22.049999237060547,8091,0.0,0.0
2024-12-24 05:10:00+00:00,22.049999237060547,22.049999237060547,22.049999237060547,22.049999237060547,7000,0.0,0.0
2024-12-24 05:15:00+00:00,22.049999237060547,22.100000381469727,22.049999237060547,22.100000381469727,9000,0.0,0.0
2024-12-24 05:20:00+00:00,22.049999237060547,22.100000381469727,22.0,22.100000381469727,27055,0.0,0.0
2024-12-25 01:00:00+00:00,22.149999618530273,22.25,22.149999618530273,22.25,0,0.0,0.0
2024-12-25 01:05:00+00:00,22.25,22.350000381469727,22.25,22.350000381469727,17110,0.0,0.0
2024-12-25 01:10:00+00:00,22.350000381469727,22.350000381469727,22.25,22.25,36000,0.0,0.0
2024-12-25 01:15:00+00:00,22.200000762939453,22.200000762939453,22.200000762939453,22.200000762939453,4000,0.0,0.0
2024-12-25 01:20:00+00:00,22.149999618530273,22.200000762939453,22.149999618530273,22.200000762939453,3000,0.0,0.0
2024-12-25 01:25:00+00:00,22.149999618530273,22.149999618530273,22.149999618530273,22.149999618530273,8000,0.0,0.0
2024-12-25 01:30:00+00:00,22.100000381469727,22.100000381469727,22.100000381469727,22.100000381469727,3000,0.0,0.0
2024-12-25 01:35:00+00:00,22.149999618530273,22.149999618530273,22.149999618530273,22.149999618530273,3000,0.0,0.0
2024-12-25 01:45:00+00:00,22.100000381469727,22.149999618530273,22.100000381469727,22.100000381469727,21000,0.0,0.0
2024-12-25 01:50:00+00:00,22.100000381469727,22.100000381469727,22.100000381469727,22.100000381469727,3010,0.0,0.0
2024-12-25 01:55:00+00:00,22.100000381469727,22.100000381469727,22.100000381469727,22.100000381469727,8000,0.0,0.0
2024-12-25 02:00:00+00:00,22.100000381469727,22.149999618530273,22.100000381469727,22.149999618530273,3010,0.0,0.0
2024-12-25 02:05:00+00:00,22.149999618530273,22.149999618530273,22.149999618530273,22.149999618530273,7029,0.0,0.0
2024-12-25 02:10:00+00:00,22.149999618530273,22.149999618530273,22.100000381469727,22.100000381469727,4000,0.0,0.0
2024-12-25 02:15:00+00:00,22.100000381469727,22.100000381469727,22.100000381469727,22.100000381469727,3050,0.0,0.0
2024-12-25 02:20:00+00:00,22.049999237060547,22.100000381469727,22.049999237060547,22.100000381469727,4010,0.0,0.0
2024-12-25 02:25:00+00:00,22.149999618530273,22.200000762939453,22.149999618530273,22.149999618530273,14049,0.0,0.0
2024-12-25 02:35:00+00:00,22.149999618530273,22.149999618530273,22.149999618530273,22.149999618530273,1000,0.0,0.0
2024-12-25 02:40:00+00:00,22.200000762939453,22.200000762939453,22.200000762939453,22.200000762939453,1000,0.0,0.0
2024-12-25 02:45:00+00:00,22.200000762939453,22.200000762939453,22.149999618530273,22.149999618530273,2000,0.0,0.0
2024-12-25 02:50:00+00:00,22.200000762939453,22.200000762939453,22.149999618530273,22.149999618530273,4000,0.0,0.0
2024-12-25 02:55:00+00:00,22.149999618530273,22.149999618530273,22.149999618530273,22.149999618530273,3226,0.0,0.0
2024-12-25 03:00:00+00:00,22.149999618530273,22.149999618530273,22.100000381469727,22.100000381469727,5000,0.0,0.0
2024-12-25 03:05:00+00:00,22.149999618530273,22.149999618530273,22.149999618530273,22.149999618530273,1300,0.0,0.0
2024-12-25 03:10:00+00:00,22.149999618530273,22.149999618530273,22.149999618530273,22.149999618530273,4000,0.0,0.0
2024-12-25 03:15:00+00:00,22.149999618530273,22.149999618530273,22.149999618530273,22.149999618530273,4050,0.0,0.0
2024-12-25 03:25:00+00:00,22.149999618530273,22.149999618530273,22.100000381469727,22.100000381469727,7000,0.0,0.0
2024-12-25 03:30:00+00:00,22.100000381469727,22.100000381469727,22.100000381469727,22.100000381469727,1000,0.0,0.0
2024-12-25 03:35:00+00:00,22.100000381469727,22.100000381469727,22.100000381469727,22.100000381469727,3039,0.0,0.0
2024-12-25 03:40:00+00:00,22.149999618530273,22.149999618530273,22.149999618530273,22.149999618530273,2000,0.0,0.0
2024-12-25 03:55:00+00:00,22.200000762939453,22.200000762939453,22.200000762939453,22.200000762939453,1000,0.0,0.0
2024-12-25 04:00:00+00:00,22.200000762939453,22.299999237060547,22.200000762939453,22.299999237060547,85000,0.0,0.0
2024-12-25 04:05:00+00:00,22.25,22.25,22.25,22.25,6000,0.0,0.0
2024-12-25 04:10:00+00:00,22.25,22.25,22.25,22.25,15000,0.0,0.0
2024-12-25 04:15:00+00:00,22.25,22.25,22.25,22.25,4000,0.0,0.0
2024-12-25 04:20:00+00:00,22.25,22.25,22.200000762939453,22.200000762939453,2000,0.0,0.0
2024-12-25 04:25:00+00:00,22.25,22.25,22.200000762939453,22.25,20000,0.0,0.0
2024-12-25 04:30:00+00:00,22.299999237060547,22.299999237060547,22.25,22.25,14000,0.0,0.0
2024-12-25 04:35:00+00:00,22.25,22.25,22.25,22.25,2512,0.0,0.0
2024-12-25 04:45:00+00:00,22.200000762939453,22.25,22.200000762939453,22.25,60419,0.0,0.0
2024-12-25 04:50:00+00:00,22.25,22.25,22.25,22.25,1102,0.0,0.0
2024-12-25 04:55:00+00:00,22.200000762939453,22.200000762939453,22.200000762939453,22.200000762939453,4000,0.0,0.0
2024-12-25 05:00:00+00:00,22.25,22.25,22.200000762939453,22.25,33000,0.0,0.0
2024-12-25 05:05:00+00:00,22.25,22.25,22.25,22.25,11000,0.0,0.0
2024-12-25 05:10:00+00:00,22.25,22.299999237060547,22.200000762939453,22.299999237060547,39000,0.0,0.0
2024-12-25 05:15:00+00:00,22.299999237060547,22.299999237060547,22.25,22.299999237060547,7049,0.0,0.0
2024-12-25 05:20:00+00:00,22.299999237060547,22.299999237060547,22.200000762939453,22.25,20320,0.0,0.0
2024-12-26 01:00:00+00:00,22.399999618530273,22.399999618530273,22.25,22.350000381469727,0,0.0,0.0
2024-12-26 01:05:00+00:00,22.350000381469727,22.450000762939453,22.299999237060547,22.450000762939453,57000,0.0,0.0
2024-12-26 01:10:00+00:00,22.450000762939453,22.450000762939453,22.299999237060547,22.299999237060547,19000,0.0,0.0
2024-12-26 01:15:00+00:00,22.350000381469727,22.399999618530273,22.350000381469727,22.399999618530273,46000,0.0,0.0
2024-12-26 01:20:00+00:00,22.350000381469727,22.350000381469727,22.350000381469727,22.350000381469727,11000,0.0,0.0
2024-12-26 01:25:00+00:00,22.350000381469727,22.350000381469727,22.350000381469727,22.350000381469727,22000,0.0,0.0
2024-12-26 01:30:00+00:00,22.399999618530273,22.399999618530273,22.350000381469727,22.350000381469727,13020,0.0,0.0
2024-12-26 01:35:00+00:00,22.399999618530273,22.399999618530273,22.350000381469727,22.350000381469727,10100,0.0,0.0
2024-12-26 01:40:00+00:00,22.350000381469727,22.350000381469727,22.350000381469727,22.350000381469727,3000,0.0,0.0
2024-12-26 01:45:00+00:00,22.350000381469727,22.350000381469727,22.350000381469727,22.350000381469727,6000,0.0,0.0
2024-12-26 01:50:00+00:00,22.299999237060547,22.299999237060547,22.299999237060547,22.299999237060547,1000,0.0,0.0
2024-12-26 01:55:00+00:00,22.350000381469727,22.350000381469727,22.350000381469727,22.350000381469727,7000,0.0,0.0
2024-12-26 02:00:00+00:00,22.299999237060547,22.350000381469727,22.299999237060547,22.350000381469727,4000,0.0,0.0
2024-12-26 02:05:00+00:00,22.350000381469727,22.350000381469727,22.350000381469727,22.350000381469727,4000,0.0,0.0
2024-12-26 02:10:00+00:00,22.350000381469727,22.350000381469727,22.350000381469727,22.350000381469727,1000,0.0,0.0
2024-12-26 02:20:00+00:00,22.299999237060547,22.299999237060547,22.299999237060547,22.299999237060547,39000,0.0,0.0
2024-12-26 02:25:00+00:00,22.299999237060547,22.299999237060547,22.299999237060547,22.299999237060547,7000,0.0,0.0
2024-12-26 02:35:00+00:00,22.25,22.299999237060547,22.25,22.299999237060547,11301,0.0,0.0
2024-12-26 02:40:00+00:00,22.25,22.25,22.25,22.25,1000,0.0,0.0
2024-12-26 02:45:00+00:00,22.200000762939453,22.25,22.200000762939453,22.25,21000,0.0,0.0
2024-12-26 02:50:00+00:00,22.25,22.25,22.25,22.25,1045,0.0,0.0
2024-12-26 02:55:00+00:00,22.25,22.25,22.25,22.25,8123,0.0,0.0
2024-12-26 03:05:00+00:00,22.25,22.25,22.200000762939453,22.200000762939453,5078,0.0,0.0
2024-12-26 03:10:00+00:00,22.200000762939453,22.200000762939453,22.200000762939453,22.200000762939453,10000,0.0,0.0
2024-12-26 03:15:00+00:00,22.200000762939453,22.200000762939453,22.200000762939453,22.200000762939453,13005,0.0,0.0
2024-12-26 03:20:00+00:00,22.200000762939453,22.200000762939453,22.200000762939453,22.200000762939453,6001,0.0,0.0
2024-12-26 03:25:00+00:00,22.200000762939453,22.200000762939453,22.200000762939453,22.200000762939453,7000,0.0,0.0
2024-12-26 03:35:00+00:00,22.200000762939453,22.200000762939453,22.200000762939453,22.200000762939453,3000,0.0,0.0
2024-12-26 03:40:00+00:00,22.200000762939453,22.200000762939453,22.200000762939453,22.200000762939453,1000,0.0,0.0
2024-12-26 03:45:00+00:00,22.200000762939453,22.25,22.200000762939453,22.25,21037,0.0,0.0
2024-12-26 03:50:00+00:00,22.25,22.25,22.25,22.25,9100,0.0,0.0
2024-12-26 04:00:00+00:00,22.299999237060547,22.299999237060547,22.25,22.25,2000,0.0,0.0
2024-12-26 04:05:00+00:00,22.200000762939453,22.200000762939453,22.200000762939453,22.200000762939453,1031,0.0,0.0
2024-12-26 04:10:00+00:00,22.200000762939453,22.25,22.200000762939453,22.25,20000,0.0,0.0
2024-12-26 04:15:00+00:00,22.25,22.25,22.25,22.25,8101,0.0,0.0
2024-12-26 04:20:00+00:00,22.25,22.25,22.25,22.25,1001,0.0,0.0
2024-12-26 04:25:00+00:00,22.299999237060547,22.299999237060547,22.299999237060547,22.299999237060547,8012,0.0,0.0
2024-12-26 04:30:00+00:00,22.299999237060547,22.299999237060547,22.25,22.25,30867,0.0,0.0
2024-12-26 04:45:00+00:00,22.25,22.25,22.25,22.25,2001,0.0,0.0
2024-12-26 04:50:00+00:00,22.25,22.25,22.25,22.25,3019,0.0,0.0
2024-12-26 04:55:00+00:00,22.299999237060547,22.350000381469727,22.25,22.25,21003,0.0,0.0
2024-12-26 05:00:00+00:00,22.350000381469727,22.350000381469727,22.25,22.25,12000,0.0,0.0
2024-12-26 05:05:00+00:00,22.25,22.25,22.25,22.25,66000,0.0,0.0
2024-12-26 05:10:00+00:00,22.299999237060547,22.299999237060547,22.25,22.25,6005,0.0,0.0
2024-12-26 05:15:00+00:00,22.299999237060547,22.299999237060547,22.299999237060547,22.299999237060547,3000,0.0,0.0
2024-12-26 05:20:00+00:00,22.299999237060547,22.299999237060547,22.25,22.25,55201,0.0,0.0
2024-12-27 01:00:00+00:00,22.399999618530273,22.450000762939453,22.299999237060547,22.299999237060547,0,0.0,0.0
2024-12-27 01:05:00+00:00,22.25,22.25,22.200000762939453,22.200000762939453,14749,0.0,0.0
2024-12-27 01:10:00+00:00,22.200000762939453,22.25,22.200000762939453,22.25,7000,0.0,0.0
2024-12-27 01:15:00+00:00,22.25,22.25,22.200000762939453,22.25,11381,0.0,0.0
2024-12-27 01:20:00+00:00,22.25,22.25,22.25,22.25,3000,0.0,0.0
2024-12-27 01:25:00+00:00,22.200000762939453,22.25,22.200000762939453,22.25,4921,0.0,0.0
2024-12-27 01:30:00+00:00,22.25,22.25,22.25,22.25,3001,0.0,0.0
2024-12-27 01:35:00+00:00,22.25,22.25,22.25,22.25,5000,0.0,0.0
2024-12-27 01:40:00+00:00,22.25,22.25,22.25,22.25,8000,0.0,0.0
2024-12-27 01:45:00+00:00,22.25,22.25,22.25,22.25,1000,0.0,0.0
2024-12-27 01:50:00+00:00,22.25,22.25,22.25,22.25,1000,0.0,0.0
2024-12-27 01:55:00+00:00,22.25,22.25,22.25,22.25,1000,0.0,0.0
2024-12-27 02:00:00+00:00,22.25,22.25,22.25,22.25,5000,0.0,0.0
2024-12-27 02:05:00+00:00,22.25,22.25,22.25,22.25,6001,0.0,0.0
2024-12-27 02:10:00+00:00,22.299999237060547,22.299999237060547,22.25,22.25,2000,0.0,0.0
2024-12-27 02:15:00+00:00,22.25,22.25,22.25,22.25,1011,0.0,0.0
2024-12-27 02:20:00+00:00,22.25,22.25,22.25,22.25,5000,0.0,0.0
2024-12-27 02:30:00+00:00,22.25,22.25,22.25,22.25,5011,0.0,0.0
2024-12-27 02:35:00+00:00,22.25,22.25,22.25,22.25,4000,0.0,0.0
2024-12-27 02:45:00+00:00,22.200000762939453,22.200000762939453,22.200000762939453,22.200000762939453,21004,0.0,0.0
2024-12-27 02:50:00+00:00,22.200000762939453,22.200000762939453,22.200000762939453,22.200000762939453,3000,0.0,0.0
2024-12-27 02:55:00+00:00,22.149999618530273,22.149999618530273,22.149999618530273,22.149999618530273,3000,0.0,0.0
2024-12-27 03:00:00+00:00,22.200000762939453,22.200000762939453,22.200000762939453,22.200000762939453,13000,0.0,0.0
2024-12-27 03:15:00+00:00,22.200000762939453,22.200000762939453,22.200000762939453,22.200000762939453,6000,0.0,0.0
2024-12-27 03:20:00+00:00,22.200000762939453,22.200000762939453,22.200000762939453,22.200000762939453,1000,0.0,0.0
2024-12-27 03:35:00+00:00,22.149999618530273,22.200000762939453,22.149999618530273,22.200000762939453,16000,0.0,0.0
2024-12-27 03:45:00+00:00,22.200000762939453,22.200000762939453,22.200000762939453,22.200000762939453,10000,0.0,0.0
2024-12-27 03:50:00+00:00,22.200000762939453,22.200000762939453,22.200000762939453,22.200000762939453,3000,0.0,0.0
2024-12-27 03:55:00+00:00,22.200000762939453,22.200000762939453,22.200000762939453,22.200000762939453,1000,0.0,0.0
2024-12-27 04:00:00+00:00,22.149999618530273,22.149999618530273,22.149999618530273,22.149999618530273,10075,0.0,0.0
2024-12-27 04:10:00+00:00,22.149999618530273,22.149999618530273,22.149999618530273,22.149999618530273,6000,0.0,0.0
2024-12-27 04:15:00+00:00,22.149999618530273,22.149999618530273,22.149999618530273,22.149999618530273,1000,0.0,0.0
2024-12-27 04:20:00+00:00,22.149999618530273,22.149999618530273,22.149999618530273,22.149999618530273,3012,0.0,0.0
2024-12-27 04:25:00+00:00,22.149999618530273,22.149999618530273,22.149999618530273,22.149999618530273,5000,0.0,0.0
2024-12-27 04:30:00+00:00,22.149999618530273,22.200000762939453,22.149999618530273,22.200000762939453,3014,0.0,0.0
2024-12-27 04:40:00+00:00,22.200000762939453,22.200000762939453,22.200000762939453,22.200000762939453,5200,0.0,0.0
2024-12-27 04:50:00+00:00,22.200000762939453,22.200000762939453,22.200000762939453,22.200000762939453,2000,0.0,0.0
2024-12-27 04:55:00+00:00,22.200000762939453,22.200000762939453,22.149999618530273,22.200000762939453,8000,0.0,0.0
2024-12-27 05:00:00+00:00,22.200000762939453,22.25,22.200000762939453,22.25,2000,0.0,0.0
2024-12-27 05:05:00+00:00,22.200000762939453,22.200000762939453,22.200000762939453,22.200000762939453,2000,0.0,0.0
2024-12-27 05:10:00+00:00,22.200000762939453,22.200000762939453,22.0,22.0,204001,0.0,0.0
2024-12-27 05:15:00+00:00,22.049999237060547,22.100000381469727,22.049999237060547,22.100000381469727,2100,0.0,0.0
2024-12-27 05:20:00+00:00,22.149999618530273,22.149999618530273,22.100000381469727,22.100000381469727,6301,0.0,0.0
2024-12-30 01:00:00+00:00,22.5,22.799999237060547,22.399999618530273,22.649999618530273,20218,0.0,0.0
2024-12-30 01:05:00+00:00,22.649999618530273,22.700000762939453,22.649999618530273,22.700000762939453,58039,0.0,0.0
2024-12-30 01:10:00+00:00,22.700000762939453,22.700000762939453,22.649999618530273,22.649999618530273,29091,0.0,0.0
2024-12-30 01:15:00+00:00,22.649999618530273,22.649999618530273,22.549999237060547,22.549999237060547,35000,0.0,0.0
2024-12-30 01:20:00+00:00,22.600000381469727,22.75,22.549999237060547,22.649999618530273,73323,0.0,0.0
2024-12-30 01:25:00+00:00,22.649999618530273,22.700000762939453,22.649999618530273,22.700000762939453,48029,0.0,0.0
2024-12-30 01:30:00+00:00,22.649999618530273,22.899999618530273,22.649999618530273,22.850000381469727,290760,0.0,0.0
2024-12-30 01:35:00+00:00,22.850000381469727,22.950000762939453,22.799999237060547,22.899999618530273,147541,0.0,0.0
2024-12-30 01:40:00+00:00,22.899999618530273,22.950000762939453,22.850000381469727,22.850000381469727,79285,0.0,0.0
2024-12-30 01:45:00+00:00,22.850000381469727,22.950000762939453,22.850000381469727,22.950000762939453,91712,0.0,0.0
2024-12-30 01:50:00+00:00,22.950000762939453,23.100000381469727,22.950000762939453,23.049999237060547,166554,0.0,0.0
2024-12-30 01:55:00+00:00,23.049999237060547,23.049999237060547,22.950000762939453,23.0,68110,0.0,0.0
2024-12-30 02:00:00+00:00,22.950000762939453,23.049999237060547,22.950000762939453,23.049999237060547,65003,0.0,0.0
2024-12-30 02:05:00+00:00,23.049999237060547,23.049999237060547,22.899999618530273,23.049999237060547,68173,0.0,0.0
2024-12-30 02:10:00+00:00,22.950000762939453,23.0,22.899999618530273,22.950000762939453,44050,0.0,0.0
2024-12-30 02:15:00+00:00,22.950000762939453,22.950000762939453,22.850000381469727,22.899999618530273,24028,0.0,0.0
2024-12-30 02:20:00+00:00,22.899999618530273,22.899999618530273,22.899999618530273,22.899999618530273,10000,0.0,0.0
2024-12-30 02:25:00+00:00,22.899999618530273,22.950000762939453,22.850000381469727,22.850000381469727,11001,0.0,0.0
2024-12-30 02:30:00+00:00,22.850000381469727,22.899999618530273,22.850000381469727,22.899999618530273,5000,0.0,0.0
2024-12-30 02:35:00+00:00,22.899999618530273,22.899999618530273,22.850000381469727,22.850000381469727,13050,0.0,0.0
2024-12-30 02:40:00+00:00,22.850000381469727,22.899999618530273,22.850000381469727,22.899999618530273,7000,0.0,0.0
2024-12-30 02:45:00+00:00,22.899999618530273,22.899999618530273,22.850000381469727,22.850000381469727,10000,0.0,0.0
2024-12-30 02:50:00+00:00,22.899999618530273,22.899999618530273,22.850000381469727,22.850000381469727,6259,0.0,0.0
2024-12-30 02:55:00+00:00,22.799999237060547,22.799999237060547,22.799999237060547,22.799999237060547,4000,0.0,0.0
2024-12-30 03:00:00+00:00,22.850000381469727,22.850000381469727,22.850000381469727,22.850000381469727,2075,0.0,0.0
2024-12-30 03:05:00+00:00,22.850000381469727,22.850000381469727,22.799999237060547,22.799999237060547,30040,0.0,0.0
2024-12-30 03:10:00+00:00,22.75,22.75,22.75,22.75,6000,0.0,0.0
2024-12-30 03:15:00+00:00,22.799999237060547,22.799999237060547,22.799999237060547,22.799999237060547,2000,0.0,0.0
2024-12-30 03:20:00+00:00,22.799999237060547,22.799999237060547,22.799999237060547,22.799999237060547,13000,0.0,0.0
2024-12-30 03:25:00+00:00,22.799999237060547,22.799999237060547,22.799999237060547,22.799999237060547,11010,0.0,0.0
2024-12-30 03:30:00+00:00,22.799999237060547,22.799999237060547,22.799999237060547,22.799999237060547,8387,0.0,0.0
2024-12-30 03:35:00+00:00,22.75,22.75,22.75,22.75,2085,0.0,0.0
2024-12-30 03:45:00+00:00,22.75,22.799999237060547,22.75,22.799999237060547,24000,0.0,0.0
2024-12-30 03:50:00+00:00,22.75,22.75,22.75,22.75,15120,0.0,0.0
2024-12-30 03:55:00+00:00,22.75,22.75,22.700000762939453,22.75,19000,0.0,0.0
2024-12-30 04:05:00+00:00,22.700000762939453,22.75,22.700000762939453,22.75,4000,0.0,0.0
2024-12-30 04:10:00+00:00,22.75,22.75,22.75,22.75,6000,0.0,0.0
2024-12-30 04:15:00+00:00,22.700000762939453,22.700000762939453,22.700000762939453,22.700000762939453,42200,0.0,0.0
2024-12-30 04:25:00+00:00,22.700000762939453,22.700000762939453,22.700000762939453,22.700000762939453,16030,0.0,0.0
2024-12-30 04:30:00+00:00,22.700000762939453,22.700000762939453,22.700000762939453,22.700000762939453,34011,0.0,0.0
2024-12-30 04:35:00+00:00,22.700000762939453,22.700000762939453,22.649999618530273,22.649999618530273,2000,0.0,0.0
2024-12-30 04:40:00+00:00,22.700000762939453,22.700000762939453,22.649999618530273,22.649999618530273,27149,0.0,0.0
2024-12-30 04:45:00+00:00,22.649999618530273,22.649999618530273,22.649999618530273,22.649999618530273,17200,0.0,0.0
2024-12-30 04:50:00+00:00,22.649999618530273,22.649999618530273,22.649999618530273,22.649999618530273,7000,0.0,0.0
2024-12-30 04:55:00+00:00,22.649999618530273,22.649999618530273,22.649999618530273,22.649999618530273,1000,0.0,0.0
2024-12-30 05:00:00+00:00,22.649999618530273,22.649999618530273,22.600000381469727,22.649999618530273,18000,0.0,0.0
2024-12-30 05:05:00+00:00,22.649999618530273,22.700000762939453,22.649999618530273,22.700000762939453,35002,0.0,0.0
2024-12-30 05:10:00+00:00,22.75,22.75,22.649999618530273,22.700000762939453,44000,0.0,0.0
2024-12-30 05:15:00+00:00,22.649999618530273,22.649999618530273,22.649999618530273,22.649999618530273,42001,0.0,0.0
2024-12-30 05:20:00+00:00,22.600000381469727,22.649999618530273,22.600000381469727,22.649999618530273,87110,0.0,0.0
2024-12-31 01:00:00+00:00,22.450000762939453,22.5,22.299999237060547,22.399999618530273,0,0.0,0.0
2024-12-31 01:05:00+00:00,22.350000381469727,22.450000762939453,22.350000381469727,22.450000762939453,43071,0.0,0.0
2024-12-31 01:10:00+00:00,22.399999618530273,22.399999618530273,22.350000381469727,22.350000381469727,6000,0.0,0.0
2024-12-31 01:15:00+00:00,22.350000381469727,22.399999618530273,22.350000381469727,22.399999618530273,52000,0.0,0.0
2024-12-31 01:20:00+00:00,22.399999618530273,22.399999618530273,22.399999618530273,22.399999618530273,3072,0.0,0.0
2024-12-31 01:25:00+00:00,22.350000381469727,22.350000381469727,22.149999618530273,22.149999618530273,123071,0.0,0.0
2024-12-31 01:30:00+00:00,22.149999618530273,22.200000762939453,22.149999618530273,22.200000762939453,19000,0.0,0.0
2024-12-31 01:35:00+00:00,22.200000762939453,22.350000381469727,22.200000762939453,22.350000381469727,95035,0.0,0.0
2024-12-31 01:45:00+00:00,22.350000381469727,22.350000381469727,22.350000381469727,22.350000381469727,22000,0.0,0.0
2024-12-31 01:50:00+00:00,22.399999618530273,22.399999618530273,22.399999618530273,22.399999618530273,1000,0.0,0.0
2024-12-31 01:55:00+00:00,22.350000381469727,22.350000381469727,22.350000381469727,22.350000381469727,19004,0.0,0.0
2024-12-31 02:00:00+00:00,22.350000381469727,22.350000381469727,22.299999237060547,22.299999237060547,33021,0.0,0.0
2024-12-31 02:10:00+00:00,22.299999237060547,22.299999237060547,22.299999237060547,22.299999237060547,4000,0.0,0.0
2024-12-31 02:15:00+00:00,22.299999237060547,22.350000381469727,22.299999237060547,22.299999237060547,17680,0.0,0.0
2024-12-31 02:20:00+00:00,22.350000381469727,22.350000381469727,22.299999237060547,22.299999237060547,13000,0.0,0.0
2024-12-31 02:25:00+00:00,22.299999237060547,22.299999237060547,22.25,22.25,11000,0.0,0.0
2024-12-31 02:30:00+00:00,22.25,22.25,22.25,22.25,4051,0.0,0.0
2024-12-31 02:35:00+00:00,22.25,22.25,22.25,22.25,3000,0.0,0.0
2024-12-31 02:40:00+00:00,22.25,22.25,22.25,22.25,5354,0.0,0.0
2024-12-31 02:50:00+00:00,22.25,22.25,22.25,22.25,2000,0.0,0.0
2024-12-31 02:55:00+00:00,22.25,22.299999237060547,22.25,22.299999237060547,11396,0.0,0.0
2024-12-31 03:00:00+00:00,22.25,22.25,22.200000762939453,22.200000762939453,6030,0.0,0.0
2024-12-31 03:05:00+00:00,22.299999237060547,22.299999237060547,22.200000762939453,22.200000762939453,8198,0.0,0.0
2024-12-31 03:15:00+00:00,22.200000762939453,22.200000762939453,22.200000762939453,22.200000762939453,11000,0.0,0.0
2024-12-31 03:20:00+00:00,22.200000762939453,22.200000762939453,22.200000762939453,22.200000762939453,1734,0.0,0.0
2024-12-31 03:25:00+00:00,22.200000762939453,22.200000762939453,22.149999618530273,22.149999618530273,42072,0.0,0.0
2024-12-31 03:30:00+00:00,22.149999618530273,22.149999618530273,22.149999618530273,22.149999618530273,2505,0.0,0.0
2024-12-31 03:35:00+00:00,22.149999618530273,22.149999618530273,22.149999618530273,22.149999618530273,1000,0.0,0.0
2024-12-31 03:40:00+00:00,22.200000762939453,22.200000762939453,22.149999618530273,22.149999618530273,4001,0.0,0.0
2024-12-31 03:45:00+00:00,22.149999618530273,22.200000762939453,22.100000381469727,22.100000381469727,29252,0.0,0.0
2024-12-31 03:50:00+00:00,22.149999618530273,22.149999618530273,22.149999618530273,22.149999618530273,2000,0.0,0.0
2024-12-31 03:55:00+00:00,22.149999618530273,22.200000762939453,22.149999618530273,22.200000762939453,19000,0.0,0.0
2024-12-31 04:00:00+00:00,22.149999618530273,22.149999618530273,22.149999618530273,22.149999618530273,3000,0.0,0.0
2024-12-31 04:05:00+00:00,22.149999618530273,22.200000762939453,22.149999618530273,22.149999618530273,6000,0.0,0.0
2024-12-31 04:10:00+00:00,22.149999618530273,22.149999618530273,22.149999618530273,22.149999618530273,19000,0.0,0.0
2024-12-31 04:15:00+00:00,22.149999618530273,22.149999618530273,22.100000381469727,22.149999618530273,8001,0.0,0.0
2024-12-31 04:25:00+00:00,22.149999618530273,22.149999618530273,22.149999618530273,22.149999618530273,6001,0.0,0.0
2024-12-31 04:30:00+00:00,22.200000762939453,22.200000762939453,22.149999618530273,22.200000762939453,11000,0.0,0.0
2024-12-31 04:35:00+00:00,22.200000762939453,22.200000762939453,22.200000762939453,22.200000762939453,1000,0.0,0.0
2024-12-31 04:40:00+00:00,22.200000762939453,22.200000762939453,22.200000762939453,22.200000762939453,1000,0.0,0.0
2024-12-31 04:45:00+00:00,22.200000762939453,22.200000762939453,22.149999618530273,22.149999618530273,61001,0.0,0.0
2024-12-31 04:50:00+00:00,22.149999618530273,22.200000762939453,22.149999618530273,22.200000762939453,8000,0.0,0.0
2024-12-31 04:55:00+00:00,22.149999618530273,22.200000762939453,22.149999618530273,22.200000762939453,14000,0.0,0.0
2024-12-31 05:00:00+00:00,22.200000762939453,22.25,22.200000762939453,22.25,19000,0.0,0.0
2024-12-31 05:05:00+00:00,22.25,22.25,22.200000762939453,22.200000762939453,10000,0.0,0.0
2024-12-31 05:10:00+00:00,22.200000762939453,22.25,22.200000762939453,22.25,4000,0.0,0.0
2024-12-31 05:15:00+00:00,22.200000762939453,22.25,22.200000762939453,22.25,6030,0.0,0.0
2024-12-31 05:20:00+00:00,22.200000762939453,22.25,22.200000762939453,22.25,113001,0.0,0.0
2025-01-02 01:00:00+00:00,22.149999618530273,22.200000762939453,22.049999237060547,22.049999237060547,0,0.0,0.0
2025-01-02 01:05:00+00:00,22.049999237060547,22.100000381469727,22.049999237060547,22.049999237060547,15000,0.0,0.0
2025-01-02 01:10:00+00:00,22.049999237060547,22.049999237060547,21.950000762939453,21.950000762939453,96060,0.0,0.0
2025-01-02 01:15:00+00:00,21.950000762939453,22.049999237060547,21.950000762939453,22.049999237060547,23000,0.0,0.0
2025-01-02 01:20:00+00:00,22.049999237060547,22.049999237060547,22.049999237060547,22.049999237060547,3040,0.0,0.0
2025-01-02 01:25:00+00:00,22.049999237060547,22.149999618530273,22.0,22.149999618530273,21000,0.0,0.0
2025-01-02 01:30:00+00:00,22.149999618530273,22.200000762939453,22.100000381469727,22.100000381469727,19000,0.0,0.0
2025-01-02 01:35:00+00:00,22.100000381469727,22.100000381469727,22.049999237060547,22.049999237060547,8100,0.0,0.0
2025-01-02 01:40:00+00:00,22.100000381469727,22.200000762939453,22.100000381469727,22.200000762939453,9000,0.0,0.0
2025-01-02 01:45:00+00:00,22.149999618530273,22.149999618530273,22.149999618530273,22.149999618530273,3000,0.0,0.0
2025-01-02 01:50:00+00:00,22.149999618530273,22.149999618530273,22.149999618530273,22.149999618530273,1000,0.0,0.0
2025-01-02 01:55:00+00:00,22.149999618530273,22.149999618530273,22.149999618530273,22.149999618530273,16000,0.0,0.0
2025-01-02 02:00:00+00:00,22.149999618530273,22.149999618530273,22.149999618530273,22.149999618530273,8005,0.0,0.0
2025-01-02 02:05:00+00:00,22.149999618530273,22.149999618530273,22.100000381469727,22.100000381469727,6000,0.0,0.0
2025-01-02 02:10:00+00:00,22.100000381469727,22.100000381469727,22.049999237060547,22.049999237060547,38092,0.0,0.0
2025-01-02 02:15:00+00:00,22.049999237060547,22.049999237060547,22.049999237060547,22.049999237060547,2000,0.0,0.0
2025-01-02 02:20:00+00:00,22.049999237060547,22.049999237060547,22.049999237060547,22.049999237060547,6703,0.0,0.0
2025-01-02 02:25:00+00:00,22.049999237060547,22.049999237060547,22.049999237060547,22.049999237060547,5010,0.0,0.0
2025-01-02 02:30:00+00:00,22.049999237060547,22.049999237060547,22.049999237060547,22.049999237060547,16000,0.0,0.0
2025-01-02 02:35:00+00:00,22.049999237060547,22.100000381469727,22.049999237060547,22.100000381469727,17000,0.0,0.0
2025-01-02 02:40:00+00:00,22.100000381469727,22.100000381469727,22.100000381469727,22.100000381469727,3131,0.0,0.0
2025-01-02 02:45:00+00:00,22.100000381469727,22.100000381469727,22.100000381469727,22.100000381469727,1000,0.0,0.0
2025-01-02 02:50:00+00:00,22.100000381469727,22.100000381469727,22.100000381469727,22.100000381469727,15007,0.0,0.0
2025-01-02 02:55:00+00:00,22.149999618530273,22.149999618530273,22.149999618530273,22.149999618530273,1519,0.0,0.0
2025-01-02 03:00:00+00:00,22.100000381469727,22.100000381469727,22.100000381469727,22.100000381469727,26100,0.0,0.0
2025-01-02 03:05:00+00:00,22.100000381469727,22.100000381469727,22.100000381469727,22.100000381469727,5000,0.0,0.0
2025-01-02 03:10:00+00:00,22.049999237060547,22.049999237060547,22.049999237060547,22.049999237060547,5030,0.0,0.0
2025-01-02 03:15:00+00:00,22.049999237060547,22.049999237060547,22.049999237060547,22.049999237060547,7000,0.0,0.0
2025-01-02 03:25:00+00:00,22.049999237060547,22.049999237060547,22.049999237060547,22.049999237060547,6063,0.0,0.0
2025-01-02 03:30:00+00:00,22.049999237060547,22.049999237060547,22.049999237060547,22.049999237060547,2000,0.0,0.0
2025-01-02 03:35:00+00:00,22.049999237060547,22.049999237060547,22.049999237060547,22.049999237060547,7000,0.0,0.0
2025-01-02 03:40:00+00:00,22.049999237060547,22.100000381469727,22.049999237060547,22.049999237060547,9001,0.0,0.0
2025-01-02 03:45:00+00:00,22.049999237060547,22.049999237060547,22.0,22.0,20197,0.0,0.0
2025-01-02 03:50:00+00:00,22.0,22.049999237060547,22.0,22.0,11000,0.0,0.0
2025-01-02 03:55:00+00:00,22.0,22.0,22.0,22.0,5000,0.0,0.0
2025-01-02 04:00:00+00:00,22.0,22.0,21.950000762939453,21.950000762939453,47100,0.0,0.0
2025-01-02 04:05:00+00:00,21.950000762939453,22.0,21.950000762939453,22.0,9000,0.0,0.0
2025-01-02 04:10:00+00:00,21.950000762939453,22.0,21.899999618530273,21.899999618530273,65230,0.0,0.0
2025-01-02 04:15:00+00:00,21.950000762939453,21.950000762939453,21.899999618530273,21.899999618530273,18000,0.0,0.0
2025-01-02 04:20:00+00:00,21.899999618530273,21.899999618530273,21.850000381469727,21.850000381469727,32062,0.0,0.0
2025-01-02 04:25:00+00:00,21.850000381469727,21.899999618530273,21.850000381469727,21.850000381469727,75080,0.0,0.0
2025-01-02 04:30:00+00:00,21.899999618530273,21.899999618530273,21.850000381469727,21.899999618530273,26000,0.0,0.0
2025-01-02 04:35:00+00:00,21.850000381469727,21.899999618530273,21.850000381469727,21.850000381469727,9044,0.0,0.0
2025-01-02 04:40:00+00:00,21.850000381469727,21.850000381469727,21.850000381469727,21.850000381469727,6030,0.0,0.0
2025-01-02 04:45:00+00:00,21.899999618530273,21.899999618530273,21.899999618530273,21.899999618530273,18001,0.0,0.0
2025-01-02 04:50:00+00:00,21.899999618530273,21.899999618530273,21.850000381469727,21.899999618530273,8041,0.0,0.0
2025-01-02 04:55:00+00:00,21.850000381469727,21.850000381469727,21.850000381469727,21.850000381469727,3001,0.0,0.0
2025-01-02 05:00:00+00:00,21.850000381469727,21.899999618530273,21.850000381469727,21.850000381469727,42001,0.0,0.0
2025-01-02 05:05:00+00:00,21.850000381469727,21.850000381469727,21.850000381469727,21.850000381469727,9000,0.0,0.0
2025-01-02 05:10:00+00:00,21.850000381469727,21.850000381469727,21.850000381469727,21.850000381469727,9000,0.0,0.0
2025-01-02 05:15:00+00:00,21.850000381469727,21.899999618530273,21.850000381469727,21.850000381469727,24101,0.0,0.0
2025-01-02 05:20:00+00:00,21.850000381469727,21.899999618530273,21.850000381469727,21.899999618530273,28011,0.0,0.0
2025-01-03 01:00:00+00:00,21.899999618530273,22.100000381469727,21.899999618530273,22.049999237060547,0,0.0,0.0
2025-01-03 01:05:00+00:00,22.049999237060547,22.100000381469727,22.049999237060547,22.100000381469727,49000,0.0,0.0
2025-01-03 01:10:00+00:00,22.149999618530273,22.149999618530273,22.100000381469727,22.100000381469727,29219,0.0,0.0
2025-01-03 01:15:00+00:00,22.100000381469727,22.100000381469727,22.049999237060547,22.049999237060547,41181,0.0,0.0
2025-01-03 01:20:00+00:00,22.0,22.100000381469727,22.0,22.049999237060547,38000,0.0,0.0
2025-01-03 01:25:00+00:00,22.100000381469727,22.100000381469727,22.0,22.049999237060547,38000,0.0,0.0
2025-01-03 01:30:00+00:00,22.049999237060547,22.049999237060547,22.0,22.0,5000,0.0,0.0
2025-01-03 01:35:00+00:00,22.0,22.0,21.950000762939453,21.950000762939453,8259,0.0,0.0
2025-01-03 01:40:00+00:00,21.950000762939453,21.950000762939453,21.899999618530273,21.899999618530273,10047,0.0,0.0
2025-01-03 01:45:00+00:00,21.899999618530273,21.950000762939453,21.899999618530273,21.899999618530273,33000,0.0,0.0
2025-01-03 01:50:00+00:00,21.850000381469727,21.850000381469727,21.799999237060547,21.799999237060547,15203,0.0,0.0
2025-01-03 01:55:00+00:00,21.799999237060547,21.850000381469727,21.799999237060547,21.799999237060547,14000,0.0,0.0
2025-01-03 02:00:00+00:00,21.850000381469727,21.850000381469727,21.799999237060547,21.799999237060547,54000,0.0,0.0
2025-01-03 02:05:00+00:00,21.75,21.75,21.649999618530273,21.649999618530273,48113,0.0,0.0
2025-01-03 02:10:00+00:00,21.649999618530273,21.700000762939453,21.649999618530273,21.700000762939453,9000,0.0,0.0
2025-01-03 02:15:00+00:00,21.700000762939453,21.75,21.700000762939453,21.75,17000,0.0,0.0
2025-01-03 02:20:00+00:00,21.75,21.799999237060547,21.75,21.75,8000,0.0,0.0
2025-01-03 02:25:00+00:00,21.75,21.75,21.700000762939453,21.75,5030,0.0,0.0
2025-01-03 02:30:00+00:00,21.700000762939453,21.700000762939453,21.700000762939453,21.700000762939453,1000,0.0,0.0
2025-01-03 02:35:00+00:00,21.75,21.75,21.75,21.75,4000,0.0,0.0
2025-01-03 02:40:00+00:00,21.75,21.75,21.75,21.75,2000,0.0,0.0
2025-01-03 02:45:00+00:00,21.799999237060547,21.850000381469727,21.799999237060547,21.850000381469727,26000,0.0,0.0
2025-01-03 02:50:00+00:00,21.850000381469727,21.850000381469727,21.850000381469727,21.850000381469727,11000,0.0,0.0
2025-01-03 02:55:00+00:00,21.799999237060547,21.850000381469727,21.799999237060547,21.850000381469727,2000,0.0,0.0
2025-01-03 03:00:00+00:00,21.799999237060547,21.799999237060547,21.700000762939453,21.700000762939453,30000,0.0,0.0
2025-01-03 03:05:00+00:00,21.799999237060547,21.799999237060547,21.799999237060547,21.799999237060547,2000,0.0,0.0
2025-01-03 03:10:00+00:00,21.850000381469727,21.850000381469727,21.850000381469727,21.850000381469727,17000,0.0,0.0
2025-01-03 03:15:00+00:00,21.850000381469727,21.850000381469727,21.850000381469727,21.850000381469727,4000,0.0,0.0
2025-01-03 03:20:00+00:00,21.850000381469727,21.850000381469727,21.850000381469727,21.850000381469727,1000,0.0,0.0
2025-01-03 03:25:00+00:00,21.850000381469727,21.850000381469727,21.850000381469727,21.850000381469727,3000,0.0,0.0
2025-01-03 03:30:00+00:00,21.850000381469727,21.850000381469727,21.850000381469727,21.850000381469727,4000,0.0,0.0
2025-01-03 03:35:00+00:00,21.799999237060547,21.850000381469727,21.799999237060547,21.850000381469727,6000,0.0,0.0
2025-01-03 03:40:00+00:00,21.799999237060547,21.799999237060547,21.799999237060547,21.799999237060547,8181,0.0,0.0
2025-01-03 03:45:00+00:00,21.799999237060547,21.799999237060547,21.799999237060547,21.799999237060547,8100,0.0,0.0
2025-01-03 03:50:00+00:00,21.799999237060547,21.799999237060547,21.799999237060547,21.799999237060547,4001,0.0,0.0
2025-01-03 03:55:00+00:00,21.799999237060547,21.799999237060547,21.799999237060547,21.799999237060547,2000,0.0,0.0
2025-01-03 04:00:00+00:00,21.799999237060547,21.799999237060547,21.799999237060547,21.799999237060547,2050,0.0,0.0
2025-01-03 04:10:00+00:00,21.799999237060547,21.799999237060547,21.799999237060547,21.799999237060547,13100,0.0,0.0
2025-01-03 04:15:00+00:00,21.75,21.75,21.75,21.75,2080,0.0,0.0
2025-01-03 04:20:00+00:00,21.799999237060547,21.799999237060547,21.75,21.75,4000,0.0,0.0
2025-01-03 04:25:00+00:00,21.799999237060547,21.799999237060547,21.799999237060547,21.799999237060547,2000,0.0,0.0
2025-01-03 04:35:00+00:00,21.75,21.799999237060547,21.75,21.75,11000,0.0,0.0
2025-01-03 04:40:00+00:00,21.75,21.75,21.700000762939453,21.700000762939453,11239,0.0,0.0
2025-01-03 04:45:00+00:00,21.700000762939453,21.700000762939453,21.700000762939453,21.700000762939453,11030,0.0,0.0
2025-01-03 04:50:00+00:00,21.700000762939453,21.75,21.700000762939453,21.75,7100,0.0,0.0
2025-01-03 04:55:00+00:00,21.700000762939453,21.75,21.700000762939453,21.700000762939453,11005,0.0,0.0
2025-01-03 05:00:00+00:00,21.700000762939453,21.75,21.700000762939453,21.75,5000,0.0,0.0
2025-01-03 05:05:00+00:00,21.75,21.75,21.700000762939453,21.700000762939453,6400,0.0,0.0
2025-01-03 05:10:00+00:00,21.700000762939453,21.75,21.700000762939453,21.700000762939453,7000,0.0,0.0
2025-01-03 05:15:00+00:00,21.700000762939453,21.75,21.700000762939453,21.700000762939453,9000,0.0,0.0
2025-01-03 05:20:00+00:00,21.75,21.799999237060547,21.700000762939453,21.75,29000,0.0,0.0
2025-01-06 01:00:00+00:00,21.700000762939453,21.899999618530273,21.700000762939453,21.850000381469727,0,0.0,0.0
2025-01-06 01:05:00+00:00,21.899999618530273,21.899999618530273,21.899999618530273,21.899999618530273,3051,0.0,0.0
2025-01-06 01:10:00+00:00,21.899999618530273,22.149999618530273,21.899999618530273,22.149999618530273,79000,0.0,0.0
2025-01-06 01:15:00+00:00,22.149999618530273,22.299999237060547,22.100000381469727,22.299999237060547,121292,0.0,0.0
2025-01-06 01:20:00+00:00,22.25,22.25,22.200000762939453,22.200000762939453,21084,0.0,0.0
2025-01-06 01:25:00+00:00,22.200000762939453,22.200000762939453,22.100000381469727,22.100000381469727,22000,0.0,0.0
2025-01-06 01:30:00+00:00,22.100000381469727,22.100000381469727,22.049999237060547,22.049999237060547,17020,0.0,0.0
2025-01-06 01:35:00+00:00,22.049999237060547,22.049999237060547,22.0,22.0,24000,0.0,0.0
2025-01-06 01:40:00+00:00,22.0,22.0,21.950000762939453,21.950000762939453,34500,0.0,0.0
2025-01-06 01:45:00+00:00,21.950000762939453,21.950000762939453,21.950000762939453,21.950000762939453,1000,0.0,0.0
2025-01-06 01:50:00+00:00,21.950000762939453,21.950000762939453,21.950000762939453,21.950000762939453,10000,0.0,0.0
2025-01-06 01:55:00+00:00,21.950000762939453,21.950000762939453,21.950000762939453,21.950000762939453,3000,0.0,0.0
2025-01-06 02:05:00+00:00,21.950000762939453,21.950000762939453,21.950000762939453,21.950000762939453,4000,0.0,0.0
2025-01-06 02:10:00+00:00,21.950000762939453,21.950000762939453,21.950000762939453,21.950000762939453,39000,0.0,0.0
2025-01-06 02:15:00+00:00,22.0,22.049999237060547,22.0,22.049999237060547,55000,0.0,0.0
2025-01-06 02:20:00+00:00,22.049999237060547,22.049999237060547,22.0,22.0,16000,0.0,0.0
2025-01-06 02:25:00+00:00,22.049999237060547,22.049999237060547,22.0,22.0,5000,0.0,0.0
2025-01-06 02:30:00+00:00,22.0,22.049999237060547,22.0,22.049999237060547,12000,0.0,0.0
2025-01-06 02:35:00+00:00,22.0,22.0,22.0,22.0,3000,0.0,0.0
2025-01-06 02:45:00+00:00,22.0,22.100000381469727,22.0,22.100000381469727,30487,0.0,0.0
2025-01-06 02:50:00+00:00,22.100000381469727,22.100000381469727,22.100000381469727,22.100000381469727,3000,0.0,0.0
2025-01-06 02:55:00+00:00,22.100000381469727,22.100000381469727,22.049999237060547,22.049999237060547,16000,0.0,0.0
2025-01-06 03:05:00+00:00,22.049999237060547,22.049999237060547,22.049999237060547,22.049999237060547,10000,0.0,0.0
2025-01-06 03:10:00+00:00,22.049999237060547,22.100000381469727,21.899999618530273,22.0,63000,0.0,0.0
2025-01-06 03:15:00+00:00,22.0,22.049999237060547,21.850000381469727,22.049999237060547,78000,0.0,0.0
2025-01-06 03:20:00+00:00,22.049999237060547,22.100000381469727,21.950000762939453,22.100000381469727,8000,0.0,0.0
2025-01-06 03:25:00+00:00,22.100000381469727,22.100000381469727,22.100000381469727,22.100000381469727,7000,0.0,0.0
2025-01-06 03:30:00+00:00,22.049999237060547,22.100000381469727,22.0,22.049999237060547,21000,0.0,0.0
2025-01-06 03:35:00+00:00,22.049999237060547,22.100000381469727,22.049999237060547,22.100000381469727,37000,0.0,0.0
2025-01-06 03:40:00+00:00,22.149999618530273,22.25,22.149999618530273,22.200000762939453,58344,0.0,0.0
2025-01-06 03:45:00+00:00,22.200000762939453,22.200000762939453,22.200000762939453,22.200000762939453,4000,0.0,0.0
2025-01-06 03:50:00+00:00,22.149999618530273,22.149999618530273,22.149999618530273,22.149999618530273,3000,0.0,0.0
2025-01-06 03:55:00+00:00,22.149999618530273,22.149999618530273,22.100000381469727,22.100000381469727,20000,0.0,0.0
2025-01-06 04:00:00+00:00,22.149999618530273,22.200000762939453,22.149999618530273,22.200000762939453,5000,0.0,0.0
2025-01-06 04:05:00+00:00,22.200000762939453,22.200000762939453,22.149999618530273,22.149999618530273,2000,0.0,0.0
2025-01-06 04:10:00+00:00,22.149999618530273,22.149999618530273,22.100000381469727,22.149999618530273,13000,0.0,0.0
2025-01-06 04:20:00+00:00,22.149999618530273,22.149999618530273,22.149999618530273,22.149999618530273,21000,0.0,0.0
2025-01-06 04:25:00+00:00,22.149999618530273,22.149999618530273,22.149999618530273,22.149999618530273,4000,0.0,0.0
2025-01-06 04:30:00+00:00,22.100000381469727,22.100000381469727,22.100000381469727,22.100000381469727,7000,0.0,0.0
2025-01-06 04:35:00+00:00,22.100000381469727,22.100000381469727,22.100000381469727,22.100000381469727,1000,0.0,0.0
2025-01-06 04:40:00+00:00,22.100000381469727,22.100000381469727,22.100000381469727,22.100000381469727,4000,0.0,0.0
2025-01-06 04:45:00+00:00,22.149999618530273,22.149999618530273,22.149999618530273,22.149999618530273,4000,0.0,0.0
2025-01-06 04:50:00+00:00,22.149999618530273,22.149999618530273,22.100000381469727,22.100000381469727,3000,0.0,0.0
2025-01-06 04:55:00+00:00,22.100000381469727,22.149999618530273,22.100000381469727,22.149999618530273,30452,0.0,0.0
2025-01-06 05:00:00+00:00,22.100000381469727,22.149999618530273,22.100000381469727,22.149999618530273,15000,0.0,0.0
2025-01-06 05:05:00+00:00,22.149999618530273,22.200000762939453,22.149999618530273,22.149999618530273,22000,0.0,0.0
2025-01-06 05:10:00+00:00,22.149999618530273,22.149999618530273,22.149999618530273,22.149999618530273,8100,0.0,0.0
2025-01-06 05:15:00+00:00,22.200000762939453,22.200000762939453,22.149999618530273,22.149999618530273,20000,0.0,0.0
2025-01-06 05:20:00+00:00,22.149999618530273,22.149999618530273,22.100000381469727,22.100000381469727,15000,0.0,0.0
2025-01-07 01:00:00+00:00,22.75,23.0,22.700000762939453,22.799999237060547,0,0.0,0.0
2025-01-07 01:05:00+00:00,22.799999237060547,22.799999237060547,22.700000762939453,22.700000762939453,58955,0.0,0.0
2025-01-07 01:10:00+00:00,22.700000762939453,22.700000762939453,22.600000381469727,22.600000381469727,43079,0.0,0.0
2025-01-07 01:15:00+00:00,22.549999237060547,22.549999237060547,22.5,22.549999237060547,31001,0.0,0.0
2025-01-07 01:20:00+00:00,22.549999237060547,22.549999237060547,22.549999237060547,22.549999237060547,13060,0.0,0.0
2025-01-07 01:25:00+00:00,22.600000381469727,22.600000381469727,22.450000762939453,22.450000762939453,82010,0.0,0.0
2025-01-07 01:30:00+00:00,22.450000762939453,22.450000762939453,22.450000762939453,22.450000762939453,18000,0.0,0.0
2025-01-07 01:35:00+00:00,22.5,22.5,22.450000762939453,22.450000762939453,13491,0.0,0.0
2025-01-07 01:40:00+00:00,22.450000762939453,22.450000762939453,22.350000381469727,22.350000381469727,92025,0.0,0.0
2025-01-07 01:45:00+00:00,22.350000381469727,22.450000762939453,22.350000381469727,22.450000762939453,35100,0.0,0.0
2025-01-07 01:50:00+00:00,22.450000762939453,22.5,22.450000762939453,22.5,15030,0.0,0.0
2025-01-07 01:55:00+00:00,22.5,22.5,22.5,22.5,8458,0.0,0.0
2025-01-07 02:00:00+00:00,22.450000762939453,22.450000762939453,22.399999618530273,22.450000762939453,15000,0.0,0.0
2025-01-07 02:05:00+00:00,22.399999618530273,22.399999618530273,22.299999237060547,22.350000381469727,23000,0.0,0.0
2025-01-07 02:10:00+00:00,22.350000381469727,22.399999618530273,22.350000381469727,22.350000381469727,96054,0.0,0.0
2025-01-07 02:15:00+00:00,22.399999618530273,22.399999618530273,22.350000381469727,22.350000381469727,8000,0.0,0.0
2025-01-07 02:20:00+00:00,22.350000381469727,22.350000381469727,22.350000381469727,22.350000381469727,7200,0.0,0.0
2025-01-07 02:25:00+00:00,22.350000381469727,22.350000381469727,22.350000381469727,22.350000381469727,2005,0.0,0.0
2025-01-07 02:30:00+00:00,22.399999618530273,22.450000762939453,22.399999618530273,22.450000762939453,67000,0.0,0.0
2025-01-07 02:40:00+00:00,22.399999618530273,22.399999618530273,22.350000381469727,22.350000381469727,27100,0.0,0.0
2025-01-07 02:45:00+00:00,22.350000381469727,22.350000381469727,22.350000381469727,22.350000381469727,3050,0.0,0.0
2025-01-07 02:50:00+00:00,22.350000381469727,22.350000381469727,22.350000381469727,22.350000381469727,19090,0.0,0.0
2025-01-07 02:55:00+00:00,22.350000381469727,22.350000381469727,22.350000381469727,22.350000381469727,2000,0.0,0.0
2025-01-07 03:00:00+00:00,22.350000381469727,22.350000381469727,22.350000381469727,22.350000381469727,3196,0.0,0.0
2025-01-07 03:05:00+00:00,22.350000381469727,22.350000381469727,22.350000381469727,22.350000381469727,4045,0.0,0.0
2025-01-07 03:10:00+00:00,22.350000381469727,22.350000381469727,22.299999237060547,22.350000381469727,16000,0.0,0.0
2025-01-07 03:15:00+00:00,22.350000381469727,22.350000381469727,22.350000381469727,22.350000381469727,4000,0.0,0.0
2025-01-07 03:20:00+00:00,22.350000381469727,22.350000381469727,22.299999237060547,22.299999237060547,24000,0.0,0.0
2025-01-07 03:25:00+00:00,22.299999237060547,22.299999237060547,22.25,22.25,41030,0.0,0.0
2025-01-07 03:30:00+00:00,22.25,22.25,22.149999618530273,22.149999618530273,50414,0.0,0.0
2025-01-07 03:35:00+00:00,22.200000762939453,22.200000762939453,22.149999618530273,22.200000762939453,7000,0.0,0.0
2025-01-07 03:40:00+00:00,22.149999618530273,22.149999618530273,22.149999618530273,22.149999618530273,1000,0.0,0.0
2025-01-07 03:45:00+00:00,22.149999618530273,22.200000762939453,22.149999618530273,22.200000762939453,9000,0.0,0.0
2025-01-07 03:50:00+00:00,22.200000762939453,22.200000762939453,22.200000762939453,22.200000762939453,5000,0.0,0.0
2025-01-07 03:55:00+00:00,22.200000762939453,22.200000762939453,22.200000762939453,22.200000762939453,2000,0.0,0.0
2025-01-07 04:00:00+00:00,22.149999618530273,22.149999618530273,22.149999618530273,22.149999618530273,2000,0.0,0.0
2025-01-07 04:05:00+00:00,22.149999618530273,22.149999618530273,22.100000381469727,22.100000381469727,34000,0.0,0.0
2025-01-07 04:10:00+00:00,22.100000381469727,22.100000381469727,22.049999237060547,22.100000381469727,30000,0.0,0.0
2025-01-07 04:15:00+00:00,22.049999237060547,22.100000381469727,22.049999237060547,22.049999237060547,67000,0.0,0.0
2025-01-07 04:20:00+00:00,22.049999237060547,22.049999237060547,22.0,22.0,40150,0.0,0.0
2025-01-07 04:25:00+00:00,22.049999237060547,22.049999237060547,22.0,22.0,6000,0.0,0.0
2025-01-07 04:30:00+00:00,22.0,22.049999237060547,22.0,22.0,13000,0.0,0.0
2025-01-07 04:35:00+00:00,22.049999237060547,22.100000381469727,22.049999237060547,22.100000381469727,31000,0.0,0.0
2025-01-07 04:40:00+00:00,22.100000381469727,22.100000381469727,22.100000381469727,22.100000381469727,12000,0.0,0.0
2025-01-07 04:45:00+00:00,22.049999237060547,22.100000381469727,22.049999237060547,22.049999237060547,9000,0.0,0.0
2025-01-07 04:50:00+00:00,22.100000381469727,22.100000381469727,22.049999237060547,22.100000381469727,12000,0.0,0.0
2025-01-07 04:55:00+00:00,22.100000381469727,22.100000381469727,22.049999237060547,22.049999237060547,43100,0.0,0.0
2025-01-07 05:00:00+00:00,22.100000381469727,22.100000381469727,22.049999237060547,22.049999237060547,8000,0.0,0.0
2025-01-07 05:05:00+00:00,22.100000381469727,22.100000381469727,22.049999237060547,22.049999237060547,36000,0.0,0.0
2025-01-07 05:10:00+00:00,22.049999237060547,22.049999237060547,22.049999237060547,22.049999237060547,3475,0.0,0.0
2025-01-07 05:15:00+00:00,22.100000381469727,22.100000381469727,22.049999237060547,22.100000381469727,20000,0.0,0.0
2025-01-07 05:20:00+00:00,22.100000381469727,22.149999618530273,22.049999237060547,22.100000381469727,70100,0.0,0.0
2025-01-08 01:00:00+00:00,22.299999237060547,22.450000762939453,22.100000381469727,22.100000381469727,0,0.0,0.0
2025-01-08 01:05:00+00:00,22.100000381469727,22.100000381469727,21.950000762939453,21.950000762939453,85400,0.0,0.0
2025-01-08 01:10:00+00:00,22.0,22.25,21.950000762939453,22.149999618530273,73000,0.0,0.0
2025-01-08 01:15:00+00:00,22.149999618530273,22.149999618530273,22.0,22.100000381469727,14110,0.0,0.0
2025-01-08 01:20:00+00:00,22.049999237060547,22.049999237060547,22.049999237060547,22.049999237060547,3052,0.0,0.0
2025-01-08 01:25:00+00:00,22.0,22.0,22.0,22.0,11058,0.0,0.0
2025-01-08 01:30:00+00:00,22.0,22.0,22.0,22.0,8000,0.0,0.0
2025-01-08 01:35:00+00:00,22.0,22.0,22.0,22.0,6050,0.0,0.0
2025-01-08 01:40:00+00:00,22.0,22.0,22.0,22.0,7200,0.0,0.0
2025-01-08 01:45:00+00:00,22.0,22.0,22.0,22.0,11000,0.0,0.0
2025-01-08 01:50:00+00:00,22.0,22.0,22.0,22.0,7000,0.0,0.0
2025-01-08 01:55:00+00:00,22.0,22.0,21.950000762939453,21.950000762939453,24035,0.0,0.0
2025-01-08 02:05:00+00:00,21.950000762939453,21.950000762939453,21.899999618530273,21.950000762939453,11015,0.0,0.0
2025-01-08 02:20:00+00:00,21.950000762939453,21.950000762939453,21.899999618530273,21.950000762939453,6000,0.0,0.0
2025-01-08 02:25:00+00:00,21.950000762939453,21.950000762939453,21.950000762939453,21.950000762939453,5010,0.0,0.0
2025-01-08 02:30:00+00:00,21.950000762939453,21.950000762939453,21.950000762939453,21.950000762939453,21000,0.0,0.0
2025-01-08 02:35:00+00:00,21.899999618530273,21.899999618530273,21.799999237060547,21.799999237060547,91164,0.0,0.0
2025-01-08 02:40:00+00:00,21.799999237060547,21.799999237060547,21.799999237060547,21.799999237060547,8000,0.0,0.0
2025-01-08 02:45:00+00:00,21.799999237060547,21.799999237060547,21.75,21.75,23000,0.0,0.0
2025-01-08 02:50:00+00:00,21.75,21.799999237060547,21.75,21.799999237060547,4000,0.0,0.0
2025-01-08 02:55:00+00:00,21.75,21.799999237060547,21.75,21.75,48005,0.0,0.0
2025-01-08 03:00:00+00:00,21.700000762939453,21.75,21.700000762939453,21.700000762939453,33871,0.0,0.0
2025-01-08 03:05:00+00:00,21.700000762939453,21.700000762939453,21.700000762939453,21.700000762939453,25000,0.0,0.0
2025-01-08 03:10:00+00:00,21.700000762939453,21.75,21.700000762939453,21.700000762939453,28000,0.0,0.0
2025-01-08 03:15:00+00:00,21.700000762939453,21.700000762939453,21.700000762939453,21.700000762939453,4000,0.0,0.0
2025-01-08 03:20:00+00:00,21.75,21.75,21.75,21.75,5060,0.0,0.0
2025-01-08 03:25:00+00:00,21.799999237060547,21.799999237060547,21.799999237060547,21.799999237060547,2000,0.0,0.0
2025-01-08 03:35:00+00:00,21.799999237060547,21.799999237060547,21.799999237060547,21.799999237060547,8000,0.0,0.0
2025-01-08 03:40:00+00:00,21.850000381469727,21.850000381469727,21.75,21.75,4005,0.0,0.0
2025-01-08 03:45:00+00:00,21.75,21.75,21.75,21.75,2000,0.0,0.0
2025-01-08 03:50:00+00:00,21.799999237060547,21.799999237060547,21.75,21.799999237060547,8000,0.0,0.0
2025-01-08 03:55:00+00:00,21.850000381469727,21.850000381469727,21.799999237060547,21.799999237060547,2100,0.0,0.0
2025-01-08 04:00:00+00:00,21.850000381469727,21.850000381469727,21.850000381469727,21.850000381469727,47000,0.0,0.0
2025-01-08 04:05:00+00:00,21.899999618530273,21.950000762939453,21.850000381469727,21.899999618530273,21000,0.0,0.0
2025-01-08 04:10:00+00:00,21.950000762939453,22.049999237060547,21.899999618530273,22.049999237060547,51211,0.0,0.0
2025-01-08 04:20:00+00:00,22.0,22.0,22.0,22.0,1000,0.0,0.0
2025-01-08 04:25:00+00:00,22.0,22.0,21.899999618530273,22.0,7000,0.0,0.0
2025-01-08 04:30:00+00:00,22.0,22.0,22.0,22.0,3000,0.0,0.0
2025-01-08 04:35:00+00:00,21.899999618530273,21.899999618530273,21.899999618530273,21.899999618530273,2046,0.0,0.0
2025-01-08 04:40:00+00:00,21.950000762939453,21.950000762939453,21.950000762939453,21.950000762939453,1000,0.0,0.0
2025-01-08 04:45:00+00:00,21.899999618530273,21.899999618530273,21.899999618530273,21.899999618530273,3204,0.0,0.0
2025-01-08 04:50:00+00:00,21.899999618530273,21.899999618530273,21.899999618530273,21.899999618530273,8031,0.0,0.0
2025-01-08 04:55:00+00:00,21.899999618530273,21.899999618530273,21.850000381469727,21.899999618530273,10800,0.0,0.0
2025-01-08 05:00:00+00:00,21.899999618530273,21.899999618530273,21.899999618530273,21.899999618530273,6000,0.0,0.0
2025-01-08 05:05:00+00:00,21.899999618530273,21.950000762939453,21.850000381469727,21.899999618530273,19010,0.0,0.0
2025-01-08 05:10:00+00:00,21.950000762939453,21.950000762939453,21.899999618530273,21.899999618530273,4000,0.0,0.0
2025-01-08 05:15:00+00:00,21.899999618530273,21.899999618530273,21.899999618530273,21.899999618530273,5000,0.0,0.0
2025-01-08 05:20:00+00:00,21.899999618530273,21.950000762939453,21.899999618530273,21.899999618530273,22000,0.0,0.0
2025-01-09 01:00:00+00:00,22.0,22.0,21.799999237060547,21.799999237060547,0,0.0,0.0
2025-01-09 01:05:00+00:00,21.75,21.799999237060547,21.700000762939453,21.75,30012,0.0,0.0
2025-01-09 01:10:00+00:00,21.75,21.75,21.75,21.75,4000,0.0,0.0
2025-01-09 01:15:00+00:00,21.700000762939453,21.75,21.700000762939453,21.700000762939453,5000,0.0,0.0
2025-01-09 01:20:00+00:00,21.75,21.75,21.700000762939453,21.700000762939453,42000,0.0,0.0
2025-01-09 01:25:00+00:00,21.649999618530273,21.649999618530273,21.600000381469727,21.649999618530273,72327,0.0,0.0
2025-01-09 01:30:00+00:00,21.600000381469727,21.600000381469727,21.549999237060547,21.549999237060547,10000,0.0,0.0
2025-01-09 01:35:00+00:00,21.600000381469727,21.600000381469727,21.549999237060547,21.549999237060547,37037,0.0,0.0
2025-01-09 01:40:00+00:00,21.549999237060547,21.600000381469727,21.549999237060547,21.549999237060547,8000,0.0,0.0
2025-01-09 01:45:00+00:00,21.549999237060547,21.549999237060547,21.549999237060547,21.549999237060547,2000,0.0,0.0
2025-01-09 01:50:00+00:00,21.549999237060547,21.549999237060547,21.549999237060547,21.549999237060547,10100,0.0,0.0
2025-01-09 01:55:00+00:00,21.549999237060547,21.549999237060547,21.549999237060547,21.549999237060547,16027,0.0,0.0
2025-01-09 02:00:00+00:00,21.5,21.549999237060547,21.5,21.549999237060547,10200,0.0,0.0
2025-01-09 02:05:00+00:00,21.5,21.549999237060547,21.5,21.549999237060547,35032,0.0,0.0
2025-01-09 02:10:00+00:00,21.549999237060547,21.549999237060547,21.5,21.5,8158,0.0,0.0
2025-01-09 02:15:00+00:00,21.5,21.5,21.450000762939453,21.450000762939453,87409,0.0,0.0
2025-01-09 02:20:00+00:00,21.5,21.5,21.450000762939453,21.5,13000,0.0,0.0
2025-01-09 02:25:00+00:00,21.450000762939453,21.549999237060547,21.399999618530273,21.450000762939453,50046,0.0,0.0
2025-01-09 02:30:00+00:00,21.450000762939453,21.450000762939453,21.450000762939453,21.450000762939453,2108,0.0,0.0
2025-01-09 02:35:00+00:00,21.5,21.5,21.5,21.5,1000,0.0,0.0
2025-01-09 02:40:00+00:00,21.450000762939453,21.450000762939453,21.399999618530273,21.399999618530273,85085,0.0,0.0
2025-01-09 02:45:00+00:00,21.399999618530273,21.399999618530273,21.399999618530273,21.399999618530273,23001,0.0,0.0
2025-01-09 02:50:00+00:00,21.399999618530273,21.399999618530273,21.399999618530273,21.399999618530273,15000,0.0,0.0
2025-01-09 02:55:00+00:00,21.399999618530273,21.399999618530273,21.350000381469727,21.350000381469727,10912,0.0,0.0
2025-01-09 03:00:00+00:00,21.350000381469727,21.399999618530273,21.350000381469727,21.399999618530273,6000,0.0,0.0
2025-01-09 03:05:00+00:00,21.350000381469727,21.399999618530273,21.350000381469727,21.350000381469727,5000,0.0,0.0
2025-01-09 03:10:00+00:00,21.399999618530273,21.399999618530273,21.350000381469727,21.399999618530273,5000,0.0,0.0
2025-01-09 03:15:00+00:00,21.399999618530273,21.399999618530273,21.350000381469727,21.350000381469727,107008,0.0,0.0
2025-01-09 03:20:00+00:00,21.399999618530273,21.399999618530273,21.350000381469727,21.350000381469727,37000,0.0,0.0
2025-01-09 03:25:00+00:00,21.399999618530273,21.399999618530273,21.350000381469727,21.399999618530273,36066,0.0,0.0
2025-01-09 03:30:00+00:00,21.450000762939453,21.450000762939453,21.450000762939453,21.450000762939453,2000,0.0,0.0
2025-01-09 03:35:00+00:00,21.450000762939453,21.450000762939453,21.450000762939453,21.450000762939453,25005,0.0,0.0
2025-01-09 03:40:00+00:00,21.450000762939453,21.450000762939453,21.450000762939453,21.450000762939453,16000,0.0,0.0
2025-01-09 03:45:00+00:00,21.450000762939453,21.5,21.450000762939453,21.5,17000,0.0,0.0
2025-01-09 03:50:00+00:00,21.450000762939453,21.450000762939453,21.450000762939453,21.450000762939453,8000,0.0,0.0
2025-01-09 03:55:00+00:00,21.399999618530273,21.399999618530273,21.399999618530273,21.399999618530273,5010,0.0,0.0
2025-01-09 04:00:00+00:00,21.399999618530273,21.399999618530273,21.399999618530273,21.399999618530273,2000,0.0,0.0
2025-01-09 04:05:00+00:00,21.399999618530273,21.399999618530273,21.350000381469727,21.350000381469727,88125,0.0,0.0
2025-01-09 04:10:00+00:00,21.299999237060547,21.350000381469727,21.299999237060547,21.350000381469727,19100,0.0,0.0
2025-01-09 04:15:00+00:00,21.350000381469727,21.350000381469727,21.200000762939453,21.200000762939453,158128,0.0,0.0
2025-01-09 04:20:00+00:00,21.25,21.350000381469727,21.25,21.25,43213,0.0,0.0
2025-01-09 04:25:00+00:00,21.299999237060547,21.299999237060547,21.200000762939453,21.200000762939453,24015,0.0,0.0
2025-01-09 04:30:00+00:00,21.25,21.25,21.200000762939453,21.25,11000,0.0,0.0
2025-01-09 04:35:00+00:00,21.200000762939453,21.25,21.149999618530273,21.149999618530273,128058,0.0,0.0
2025-01-09 04:40:00+00:00,21.149999618530273,21.149999618530273,21.049999237060547,21.049999237060547,76449,0.0,0.0
2025-01-09 04:45:00+00:00,21.049999237060547,21.049999237060547,21.0,21.049999237060547,39870,0.0,0.0
2025-01-09 04:50:00+00:00,21.100000381469727,21.100000381469727,21.100000381469727,21.100000381469727,23530,0.0,0.0
2025-01-09 04:55:00+00:00,21.100000381469727,21.100000381469727,21.100000381469727,21.100000381469727,7688,0.0,0.0
2025-01-09 05:00:00+00:00,21.100000381469727,21.100000381469727,21.049999237060547,21.049999237060547,47000,0.0,0.0
2025-01-09 05:05:00+00:00,21.049999237060547,21.049999237060547,21.0,21.0,156099,0.0,0.0
2025-01-09 05:10:00+00:00,21.0,21.0,20.899999618530273,20.950000762939453,51436,0.0,0.0
2025-01-09 05:15:00+00:00,20.950000762939453,20.950000762939453,20.799999237060547,20.850000381469727,206050,0.0,0.0
2025-01-09 05:20:00+00:00,20.850000381469727,20.950000762939453,20.850000381469727,20.899999618530273,55518,0.0,0.0
2025-01-10 01:00:00+00:00,20.75,20.799999237060547,20.649999618530273,20.799999237060547,0,0.0,0.0
2025-01-10 01:05:00+00:00,20.799999237060547,20.899999618530273,20.799999237060547,20.899999618530273,46000,0.0,0.0
2025-01-10 01:10:00+00:00,20.850000381469727,20.950000762939453,20.799999237060547,20.799999237060547,48020,0.0,0.0
2025-01-10 01:15:00+00:00,20.75,20.799999237060547,20.75,20.75,15000,0.0,0.0
2025-01-10 01:20:00+00:00,20.799999237060547,20.899999618530273,20.799999237060547,20.850000381469727,14000,0.0,0.0
2025-01-10 01:25:00+00:00,20.850000381469727,20.850000381469727,20.799999237060547,20.850000381469727,25000,0.0,0.0
2025-01-10 01:30:00+00:00,20.850000381469727,20.899999618530273,20.700000762939453,20.75,22260,0.0,0.0
2025-01-10 01:35:00+00:00,20.75,20.850000381469727,20.75,20.850000381469727,27050,0.0,0.0
2025-01-10 01:40:00+00:00,20.850000381469727,20.850000381469727,20.850000381469727,20.850000381469727,1021,0.0,0.0
2025-01-10 01:45:00+00:00,20.799999237060547,20.799999237060547,20.799999237060547,20.799999237060547,8500,0.0,0.0
2025-01-10 01:50:00+00:00,20.799999237060547,20.799999237060547,20.75,20.799999237060547,7210,0.0,0.0
2025-01-10 01:55:00+00:00,20.799999237060547,20.799999237060547,20.700000762939453,20.700000762939453,9050,0.0,0.0
2025-01-10 02:00:00+00:00,20.75,20.75,20.649999618530273,20.649999618530273,38000,0.0,0.0
2025-01-10 02:05:00+00:00,20.649999618530273,20.700000762939453,20.649999618530273,20.700000762939453,30100,0.0,0.0
2025-01-10 02:10:00+00:00,20.649999618530273,20.850000381469727,20.649999618530273,20.850000381469727,38379,0.0,0.0
2025-01-10 02:15:00+00:00,20.850000381469727,20.850000381469727,20.799999237060547,20.799999237060547,6000,0.0,0.0
2025-01-10 02:20:00+00:00,20.799999237060547,20.799999237060547,20.799999237060547,20.799999237060547,2000,0.0,0.0
2025-01-10 02:25:00+00:00,20.799999237060547,20.799999237060547,20.799999237060547,20.799999237060547,4030,0.0,0.0
2025-01-10 02:30:00+00:00,20.700000762939453,20.700000762939453,20.700000762939453,20.700000762939453,5500,0.0,0.0
2025-01-10 02:35:00+00:00,20.700000762939453,20.75,20.700000762939453,20.700000762939453,27001,0.0,0.0
2025-01-10 02:45:00+00:00,20.700000762939453,20.700000762939453,20.700000762939453,20.700000762939453,8000,0.0,0.0
2025-01-10 02:50:00+00:00,20.700000762939453,20.700000762939453,20.700000762939453,20.700000762939453,7288,0.0,0.0
2025-01-10 02:55:00+00:00,20.700000762939453,20.75,20.700000762939453,20.75,22000,0.0,0.0
2025-01-10 03:00:00+00:00,20.75,20.75,20.700000762939453,20.75,5000,0.0,0.0
2025-01-10 03:05:00+00:00,20.799999237060547,20.799999237060547,20.75,20.799999237060547,7179,0.0,0.0
2025-01-10 03:10:00+00:00,20.75,20.75,20.75,20.75,6000,0.0,0.0
2025-01-10 03:15:00+00:00,20.799999237060547,20.850000381469727,20.799999237060547,20.850000381469727,16000,0.0,0.0
2025-01-10 03:20:00+00:00,20.799999237060547,20.799999237060547,20.75,20.75,16000,0.0,0.0
2025-01-10 03:25:00+00:00,20.799999237060547,20.799999237060547,20.799999237060547,20.799999237060547,1300,0.0,0.0
2025-01-10 03:30:00+00:00,20.75,20.75,20.75,20.75,8000,0.0,0.0
2025-01-10 03:35:00+00:00,20.75,20.850000381469727,20.75,20.850000381469727,20000,0.0,0.0
2025-01-10 03:40:00+00:00,20.850000381469727,20.850000381469727,20.850000381469727,20.850000381469727,2000,0.0,0.0
2025-01-10 03:45:00+00:00,20.850000381469727,20.850000381469727,20.850000381469727,20.850000381469727,2001,0.0,0.0
2025-01-10 03:50:00+00:00,20.899999618530273,20.899999618530273,20.899999618530273,20.899999618530273,11000,0.0,0.0
2025-01-10 03:55:00+00:00,20.899999618530273,20.899999618530273,20.850000381469727,20.850000381469727,23000,0.0,0.0
2025-01-10 04:00:00+00:00,20.850000381469727,20.850000381469727,20.850000381469727,20.850000381469727,29101,0.0,0.0
2025-01-10 04:05:00+00:00,20.899999618530273,20.899999618530273,20.899999618530273,20.899999618530273,2010,0.0,0.0
2025-01-10 04:10:00+00:00,20.899999618530273,20.899999618530273,20.899999618530273,20.899999618530273,1000,0.0,0.0
2025-01-10 04:15:00+00:00,20.850000381469727,20.850000381469727,20.850000381469727,20.850000381469727,2000,0.0,0.0
2025-01-10 04:20:00+00:00,20.850000381469727,20.850000381469727,20.850000381469727,20.850000381469727,10000,0.0,0.0
2025-01-10 04:25:00+00:00,20.850000381469727,20.899999618530273,20.850000381469727,20.899999618530273,5000,0.0,0.0
2025-01-10 04:30:00+00:00,20.850000381469727,20.850000381469727,20.850000381469727,20.850000381469727,2000,0.0,0.0
2025-01-10 04:35:00+00:00,20.850000381469727,20.899999618530273,20.850000381469727,20.850000381469727,10100,0.0,0.0
2025-01-10 04:40:00+00:00,20.850000381469727,20.850000381469727,20.850000381469727,20.850000381469727,2000,0.0,0.0
2025-01-10 04:45:00+00:00,20.850000381469727,20.850000381469727,20.850000381469727,20.850000381469727,4662,0.0,0.0
2025-01-10 04:50:00+00:00,20.850000381469727,20.899999618530273,20.850000381469727,20.899999618530273,7000,0.0,0.0
2025-01-10 04:55:00+00:00,20.899999618530273,20.899999618530273,20.899999618530273,20.899999618530273,50001,0.0,0.0
2025-01-10 05:00:00+00:00,20.899999618530273,20.899999618530273,20.899999618530273,20.899999618530273,4012,0.0,0.0
2025-01-10 05:05:00+00:00,20.899999618530273,20.950000762939453,20.899999618530273,20.950000762939453,4000,0.0,0.0
2025-01-10 05:10:00+00:00,20.950000762939453,21.049999237060547,20.950000762939453,21.0,38107,0.0,0.0
2025-01-10 05:15:00+00:00,21.0,21.0,21.0,21.0,3000,0.0,0.0
2025-01-10 05:20:00+00:00,20.950000762939453,20.950000762939453,20.899999618530273,20.899999618530273,29019,0.0,0.0
2025-01-13 01:00:00+00:00,20.75,20.799999237060547,20.450000762939453,20.600000381469727,0,0.0,0.0
2025-01-13 01:05:00+00:00,20.5,20.5,20.399999618530273,20.5,109683,0.0,0.0
2025-01-13 01:10:00+00:00,20.450000762939453,20.5,20.399999618530273,20.399999618530273,48000,0.0,0.0
2025-01-13 01:15:00+00:00,20.399999618530273,20.450000762939453,20.350000381469727,20.350000381469727,26027,0.0,0.0
2025-01-13 01:20:00+00:00,20.299999237060547,20.299999237060547,20.100000381469727,20.100000381469727,52616,0.0,0.0
2025-01-13 01:25:00+00:00,20.200000762939453,20.200000762939453,20.049999237060547,20.149999618530273,45804,0.0,0.0
2025-01-13 01:30:00+00:00,20.149999618530273,20.25,20.100000381469727,20.25,26000,0.0,0.0
2025-01-13 01:35:00+00:00,20.25,20.299999237060547,20.049999237060547,20.149999618530273,105000,0.0,0.0
2025-01-13 01:40:00+00:00,20.149999618530273,20.149999618530273,20.0,20.0,114063,0.0,0.0
2025-01-13 01:45:00+00:00,20.0,20.200000762939453,20.0,20.200000762939453,170422,0.0,0.0
2025-01-13 01:50:00+00:00,20.200000762939453,20.25,20.149999618530273,20.200000762939453,26000,0.0,0.0
2025-01-13 01:55:00+00:00,20.149999618530273,20.200000762939453,20.100000381469727,20.100000381469727,36160,0.0,0.0
2025-01-13 02:00:00+00:00,20.100000381469727,20.100000381469727,20.049999237060547,20.049999237060547,44050,0.0,0.0
2025-01-13 02:05:00+00:00,20.100000381469727,20.149999618530273,20.049999237060547,20.149999618530273,52080,0.0,0.0
2025-01-13 02:10:00+00:00,20.149999618530273,20.149999618530273,20.100000381469727,20.100000381469727,14000,0.0,0.0
2025-01-13 02:15:00+00:00,20.100000381469727,20.149999618530273,20.100000381469727,20.149999618530273,15000,0.0,0.0
2025-01-13 02:20:00+00:00,20.200000762939453,20.299999237060547,20.200000762939453,20.200000762939453,45000,0.0,0.0
2025-01-13 02:25:00+00:00,20.200000762939453,20.25,20.200000762939453,20.200000762939453,11000,0.0,0.0
2025-01-13 02:30:00+00:00,20.200000762939453,20.25,20.200000762939453,20.25,7000,0.0,0.0
2025-01-13 02:35:00+00:00,20.200000762939453,20.25,20.200000762939453,20.25,4000,0.0,0.0
2025-01-13 02:40:00+00:00,20.200000762939453,20.25,20.200000762939453,20.25,17000,0.0,0.0
2025-01-13 02:45:00+00:00,20.25,20.299999237060547,20.200000762939453,20.25,23000,0.0,0.0
2025-01-13 02:50:00+00:00,20.200000762939453,20.200000762939453,20.200000762939453,20.200000762939453,7101,0.0,0.0
2025-01-13 02:55:00+00:00,20.200000762939453,20.25,20.200000762939453,20.25,10000,0.0,0.0
2025-01-13 03:00:00+00:00,20.25,20.350000381469727,20.25,20.350000381469727,12030,0.0,0.0
2025-01-13 03:05:00+00:00,20.350000381469727,20.350000381469727,20.350000381469727,20.350000381469727,6000,0.0,0.0
2025-01-13 03:10:00+00:00,20.299999237060547,20.299999237060547,20.200000762939453,20.200000762939453,50038,0.0,0.0
2025-01-13 03:15:00+00:00,20.200000762939453,20.25,20.149999618530273,20.25,14000,0.0,0.0
2025-01-13 03:20:00+00:00,20.200000762939453,20.200000762939453,20.200000762939453,20.200000762939453,19270,0.0,0.0
2025-01-13 03:25:00+00:00,20.200000762939453,20.200000762939453,20.149999618530273,20.149999618530273,28231,0.0,0.0
2025-01-13 03:30:00+00:00,20.25,20.299999237060547,20.25,20.25,33000,0.0,0.0
2025-01-13 03:35:00+00:00,20.200000762939453,20.25,20.200000762939453,20.25,26000,0.0,0.0
2025-01-13 03:40:00+00:00,20.25,20.25,20.200000762939453,20.200000762939453,19000,0.0,0.0
2025-01-13 03:45:00+00:00,20.299999237060547,20.299999237060547,20.299999237060547,20.299999237060547,1015,0.0,0.0
2025-01-13 03:50:00+00:00,20.299999237060547,20.299999237060547,20.200000762939453,20.200000762939453,5101,0.0,0.0
2025-01-13 03:55:00+00:00,20.25,20.299999237060547,20.25,20.25,37000,0.0,0.0
2025-01-13 04:00:00+00:00,20.25,20.450000762939453,20.25,20.450000762939453,35115,0.0,0.0
2025-01-13 04:05:00+00:00,20.399999618530273,20.450000762939453,20.399999618530273,20.399999618530273,33000,0.0,0.0
2025-01-13 04:10:00+00:00,20.399999618530273,20.399999618530273,20.350000381469727,20.399999618530273,14030,0.0,0.0
2025-01-13 04:20:00+00:00,20.350000381469727,20.350000381469727,20.350000381469727,20.350000381469727,12000,0.0,0.0
2025-01-13 04:25:00+00:00,20.350000381469727,20.350000381469727,20.299999237060547,20.350000381469727,34000,0.0,0.0
2025-01-13 04:30:00+00:00,20.350000381469727,20.399999618530273,20.299999237060547,20.399999618530273,17500,0.0,0.0
2025-01-13 04:35:00+00:00,20.399999618530273,20.399999618530273,20.350000381469727,20.350000381469727,12500,0.0,0.0
2025-01-13 04:40:00+00:00,20.399999618530273,20.399999618530273,20.350000381469727,20.350000381469727,3030,0.0,0.0
2025-01-13 04:45:00+00:00,20.350000381469727,20.350000381469727,20.350000381469727,20.350000381469727,17032,0.0,0.0
2025-01-13 04:50:00+00:00,20.399999618530273,20.399999618530273,20.350000381469727,20.399999618530273,21015,0.0,0.0
2025-01-13 04:55:00+00:00,20.399999618530273,20.450000762939453,20.399999618530273,20.450000762939453,61161,0.0,0.0
2025-01-13 05:00:00+00:00,20.450000762939453,20.450000762939453,20.399999618530273,20.399999618530273,3000,0.0,0.0
2025-01-13 05:05:00+00:00,20.399999618530273,20.450000762939453,20.399999618530273,20.399999618530273,24000,0.0,0.0
2025-01-13 05:10:00+00:00,20.399999618530273,20.450000762939453,20.399999618530273,20.399999618530273,21000,0.0,0.0
2025-01-13 05:15:00+00:00,20.350000381469727,20.399999618530273,20.299999237060547,20.350000381469727,18438,0.0,0.0
2025-01-13 05:20:00+00:00,20.399999618530273,20.399999618530273,20.299999237060547,20.350000381469727,41020,0.0,0.0
2025-01-14 01:00:00+00:00,20.350000381469727,20.549999237060547,20.350000381469727,20.549999237060547,0,0.0,0.0
2025-01-14 01:05:00+00:00,20.450000762939453,20.450000762939453,20.450000762939453,20.450000762939453,4151,0.0,0.0
2025-01-14 01:10:00+00:00,20.549999237060547,20.600000381469727,20.350000381469727,20.350000381469727,50000,0.0,0.0
2025-01-14 01:15:00+00:00,20.450000762939453,20.5,20.350000381469727,20.350000381469727,53000,0.0,0.0
2025-01-14 01:20:00+00:00,20.5,20.5,20.350000381469727,20.5,42005,0.0,0.0
2025-01-14 01:25:00+00:00,20.450000762939453,20.450000762939453,20.399999618530273,20.450000762939453,6000,0.0,0.0
2025-01-14 01:30:00+00:00,20.399999618530273,20.399999618530273,20.399999618530273,20.399999618530273,16050,0.0,0.0
2025-01-14 01:40:00+00:00,20.399999618530273,20.450000762939453,20.399999618530273,20.450000762939453,9000,0.0,0.0
2025-01-14 01:45:00+00:00,20.450000762939453,20.450000762939453,20.399999618530273,20.399999618530273,6000,0.0,0.0
2025-01-14 01:50:00+00:00,20.450000762939453,20.450000762939453,20.450000762939453,20.450000762939453,2000,0.0,0.0
2025-01-14 01:55:00+00:00,20.450000762939453,20.5,20.450000762939453,20.5,2220,0.0,0.0
2025-01-14 02:00:00+00:00,20.5,20.5,20.5,20.5,12100,0.0,0.0
2025-01-14 02:05:00+00:00,20.549999237060547,20.549999237060547,20.549999237060547,20.549999237060547,1001,0.0,0.0
2025-01-14 02:10:00+00:00,20.5,20.5,20.5,20.5,6000,0.0,0.0
2025-01-14 02:15:00+00:00,20.5,20.5,20.5,20.5,26000,0.0,0.0
2025-01-14 02:25:00+00:00,20.5,20.549999237060547,20.5,20.549999237060547,7000,0.0,0.0
2025-01-14 02:30:00+00:00,20.5,20.5,20.5,20.5,3080,0.0,0.0
2025-01-14 02:35:00+00:00,20.5,20.5,20.5,20.5,1001,0.0,0.0
2025-01-14 02:45:00+00:00,20.5,20.5,20.5,20.5,6021,0.0,0.0
2025-01-14 02:55:00+00:00,20.5,20.5,20.5,20.5,10000,0.0,0.0
2025-01-14 03:00:00+00:00,20.5,20.5,20.5,20.5,29000,0.0,0.0
2025-01-14 03:05:00+00:00,20.5,20.549999237060547,20.5,20.549999237060547,32010,0.0,0.0
2025-01-14 03:10:00+00:00,20.600000381469727,20.600000381469727,20.600000381469727,20.600000381469727,43050,0.0,0.0
2025-01-14 03:15:00+00:00,20.600000381469727,20.649999618530273,20.549999237060547,20.649999618530273,20001,0.0,0.0
2025-01-14 03:25:00+00:00,20.600000381469727,20.600000381469727,20.600000381469727,20.600000381469727,2050,0.0,0.0
2025-01-14 03:30:00+00:00,20.600000381469727,20.700000762939453,20.600000381469727,20.700000762939453,44000,0.0,0.0
2025-01-14 03:35:00+00:00,20.700000762939453,20.700000762939453,20.700000762939453,20.700000762939453,27531,0.0,0.0
2025-01-14 03:40:00+00:00,20.700000762939453,20.700000762939453,20.700000762939453,20.700000762939453,6000,0.0,0.0
2025-01-14 03:45:00+00:00,20.700000762939453,20.700000762939453,20.700000762939453,20.700000762939453,4010,0.0,0.0
2025-01-14 03:50:00+00:00,20.700000762939453,20.75,20.700000762939453,20.75,24010,0.0,0.0
2025-01-14 03:55:00+00:00,20.75,20.799999237060547,20.75,20.75,7149,0.0,0.0
2025-01-14 04:05:00+00:00,20.75,20.75,20.75,20.75,24000,0.0,0.0
2025-01-14 04:10:00+00:00,20.75,20.75,20.75,20.75,1005,0.0,0.0
2025-01-14 04:15:00+00:00,20.75,20.75,20.75,20.75,9014,0.0,0.0
2025-01-14 04:20:00+00:00,20.799999237060547,20.899999618530273,20.799999237060547,20.850000381469727,83000,0.0,0.0
2025-01-14 04:25:00+00:00,20.899999618530273,20.899999618530273,20.899999618530273,20.899999618530273,25399,0.0,0.0
2025-01-14 04:30:00+00:00,20.899999618530273,20.899999618530273,20.799999237060547,20.799999237060547,21000,0.0,0.0
2025-01-14 04:35:00+00:00,20.899999618530273,20.899999618530273,20.899999618530273,20.899999618530273,4000,0.0,0.0
2025-01-14 04:40:00+00:00,20.850000381469727,20.850000381469727,20.850000381469727,20.850000381469727,17000,0.0,0.0
2025-01-14 04:45:00+00:00,20.850000381469727,20.850000381469727,20.850000381469727,20.850000381469727,1000,0.0,0.0
2025-01-14 04:50:00+00:00,20.850000381469727,20.850000381469727,20.850000381469727,20.850000381469727,1100,0.0,0.0
2025-01-14 04:55:00+00:00,20.899999618530273,20.899999618530273,20.899999618530273,20.899999618530273,1050,0.0,0.0
2025-01-14 05:00:00+00:00,20.899999618530273,20.899999618530273,20.850000381469727,20.850000381469727,38100,0.0,0.0
2025-01-14 05:05:00+00:00,20.850000381469727,20.899999618530273,20.799999237060547,20.850000381469727,30400,0.0,0.0
2025-01-14 05:10:00+00:00,20.850000381469727,20.950000762939453,20.850000381469727,20.899999618530273,17146,0.0,0.0
2025-01-14 05:15:00+00:00,20.899999618530273,20.899999618530273,20.850000381469727,20.899999618530273,7000,0.0,0.0
2025-01-14 05:20:00+00:00,20.899999618530273,20.950000762939453,20.850000381469727,20.950000762939453,12425,0.0,0.0
2025-01-15 01:00:00+00:00,20.899999618530273,21.149999618530273,20.899999618530273,21.100000381469727,38000,0.0,0.0
2025-01-15 01:05:00+00:00,21.100000381469727,21.100000381469727,21.049999237060547,21.049999237060547,20090,0.0,0.0
2025-01-15 01:10:00+00:00,21.049999237060547,21.049999237060547,20.899999618530273,20.899999618530273,22015,0.0,0.0
2025-01-15 01:15:00+00:00,20.899999618530273,21.0,20.899999618530273,20.950000762939453,12201,0.0,0.0
2025-01-15 01:20:00+00:00,20.950000762939453,20.950000762939453,20.899999618530273,20.950000762939453,21434,0.0,0.0
2025-01-15 01:25:00+00:00,20.950000762939453,20.950000762939453,20.899999618530273,20.899999618530273,13000,0.0,0.0
2025-01-15 01:30:00+00:00,20.899999618530273,20.950000762939453,20.899999618530273,20.950000762939453,11635,0.0,0.0
2025-01-15 01:35:00+00:00,20.950000762939453,21.049999237060547,20.899999618530273,21.049999237060547,21124,0.0,0.0
2025-01-15 01:40:00+00:00,21.0,21.0,21.0,21.0,7220,0.0,0.0
2025-01-15 01:45:00+00:00,21.049999237060547,21.100000381469727,21.049999237060547,21.100000381469727,19767,0.0,0.0
2025-01-15 01:50:00+00:00,21.149999618530273,21.149999618530273,21.100000381469727,21.100000381469727,12000,0.0,0.0
2025-01-15 01:55:00+00:00,21.149999618530273,21.149999618530273,21.049999237060547,21.100000381469727,9015,0.0,0.0
2025-01-15 02:00:00+00:00,21.049999237060547,21.049999237060547,21.049999237060547,21.049999237060547,2000,0.0,0.0
2025-01-15 02:05:00+00:00,21.049999237060547,21.049999237060547,21.049999237060547,21.049999237060547,1000,0.0,0.0
2025-01-15 02:10:00+00:00,21.049999237060547,21.049999237060547,21.049999237060547,21.049999237060547,3000,0.0,0.0
2025-01-15 02:15:00+00:00,21.049999237060547,21.049999237060547,21.049999237060547,21.049999237060547,5000,0.0,0.0
2025-01-15 02:20:00+00:00,21.049999237060547,21.100000381469727,21.049999237060547,21.049999237060547,9000,0.0,0.0
2025-01-15 02:25:00+00:00,21.0,21.0,21.0,21.0,29035,0.0,0.0
2025-01-15 02:30:00+00:00,21.0,21.0,21.0,21.0,6000,0.0,0.0
2025-01-15 02:40:00+00:00,21.0,21.0,21.0,21.0,8000,0.0,0.0
2025-01-15 02:50:00+00:00,21.0,21.0,21.0,21.0,4000,0.0,0.0
2025-01-15 02:55:00+00:00,21.0,21.0,21.0,21.0,3000,0.0,0.0
2025-01-15 03:00:00+00:00,21.0,21.0,21.0,21.0,8000,0.0,0.0
2025-01-15 03:05:00+00:00,21.0,21.0,21.0,21.0,2000,0.0,0.0
2025-01-15 03:10:00+00:00,21.0,21.0,20.950000762939453,20.950000762939453,19000,0.0,0.0
2025-01-15 03:15:00+00:00,20.899999618530273,20.950000762939453,20.899999618530273,20.899999618530273,5001,0.0,0.0
2025-01-15 03:20:00+00:00,20.899999618530273,20.899999618530273,20.899999618530273,20.899999618530273,20000,0.0,0.0
2025-01-15 03:30:00+00:00,20.899999618530273,20.899999618530273,20.899999618530273,20.899999618530273,16001,0.0,0.0
2025-01-15 03:35:00+00:00,20.899999618530273,20.899999618530273,20.899999618530273,20.899999618530273,7000,0.0,0.0
2025-01-15 03:40:00+00:00,20.899999618530273,20.899999618530273,20.899999618530273,20.899999618530273,8000,0.0,0.0
2025-01-15 03:45:00+00:00,20.899999618530273,20.899999618530273,20.850000381469727,20.850000381469727,2250,0.0,0.0
2025-01-15 03:50:00+00:00,20.899999618530273,20.899999618530273,20.850000381469727,20.850000381469727,6000,0.0,0.0
2025-01-15 03:55:00+00:00,20.850000381469727,20.850000381469727,20.850000381469727,20.850000381469727,20000,0.0,0.0
2025-01-15 04:05:00+00:00,20.799999237060547,20.850000381469727,20.799999237060547,20.850000381469727,4000,0.0,0.0
2025-01-15 04:10:00+00:00,20.799999237060547,20.799999237060547,20.799999237060547,20.799999237060547,1120,0.0,0.0
2025-01-15 04:15:00+00:00,20.799999237060547,20.850000381469727,20.799999237060547,20.850000381469727,12000,0.0,0.0
2025-01-15 04:20:00+00:00,20.899999618530273,20.899999618530273,20.899999618530273,20.899999618530273,12000,0.0,0.0
2025-01-15 04:25:00+00:00,20.899999618530273,20.899999618530273,20.899999618530273,20.899999618530273,14000,0.0,0.0
2025-01-15 04:30:00+00:00,20.899999618530273,20.899999618530273,20.899999618530273,20.899999618530273,3001,0.0,0.0
2025-01-15 04:35:00+00:00,20.899999618530273,20.899999618530273,20.799999237060547,20.799999237060547,42094,0.0,0.0
2025-01-15 04:40:00+00:00,20.799999237060547,20.799999237060547,20.75,20.75,22100,0.0,0.0
2025-01-15 04:45:00+00:00,20.75,20.75,20.75,20.75,15007,0.0,0.0
2025-01-15 04:50:00+00:00,20.75,20.799999237060547,20.75,20.75,26000,0.0,0.0
2025-01-15 04:55:00+00:00,20.75,20.850000381469727,20.75,20.75,23000,0.0,0.0
2025-01-15 05:00:00+00:00,20.799999237060547,20.799999237060547,20.799999237060547,20.799999237060547,7001,0.0,0.0
2025-01-15 05:05:00+00:00,20.799999237060547,20.799999237060547,20.75,20.75,21040,0.0,0.0
2025-01-15 05:10:00+00:00,20.75,20.899999618530273,20.600000381469727,20.899999618530273,74000,0.0,0.0
2025-01-15 05:15:00+00:00,20.850000381469727,20.899999618530273,20.799999237060547,20.850000381469727,14050,0.0,0.0
2025-01-15 05:20:00+00:00,20.850000381469727,20.899999618530273,20.799999237060547,20.899999618530273,20050,0.0,0.0
2025-01-16 01:00:00+00:00,21.100000381469727,21.399999618530273,21.100000381469727,21.350000381469727,0,0.0,0.0
2025-01-16 01:05:00+00:00,21.299999237060547,21.399999618530273,21.299999237060547,21.299999237060547,33000,0.0,0.0
2025-01-16 01:10:00+00:00,21.299999237060547,21.299999237060547,21.200000762939453,21.25,24508,0.0,0.0
2025-01-16 01:15:00+00:00,21.25,21.25,21.25,21.25,6120,0.0,0.0
2025-01-16 01:20:00+00:00,21.25,21.350000381469727,21.25,21.350000381469727,53050,0.0,0.0
2025-01-16 01:25:00+00:00,21.350000381469727,21.350000381469727,21.350000381469727,21.350000381469727,21679,0.0,0.0
2025-01-16 01:30:00+00:00,21.399999618530273,21.399999618530273,21.299999237060547,21.299999237060547,13000,0.0,0.0
2025-01-16 01:35:00+00:00,21.299999237060547,21.350000381469727,21.299999237060547,21.350000381469727,36362,0.0,0.0
2025-01-16 01:40:00+00:00,21.399999618530273,21.5,21.399999618530273,21.450000762939453,132000,0.0,0.0
2025-01-16 01:45:00+00:00,21.450000762939453,21.450000762939453,21.399999618530273,21.399999618530273,7000,0.0,0.0
2025-01-16 01:50:00+00:00,21.399999618530273,21.399999618530273,21.399999618530273,21.399999618530273,3015,0.0,0.0
2025-01-16 01:55:00+00:00,21.399999618530273,21.450000762939453,21.399999618530273,21.450000762939453,10000,0.0,0.0
2025-01-16 02:00:00+00:00,21.399999618530273,21.399999618530273,21.399999618530273,21.399999618530273,4050,0.0,0.0
2025-01-16 02:05:00+00:00,21.350000381469727,21.399999618530273,21.350000381469727,21.399999618530273,3020,0.0,0.0
2025-01-16 02:15:00+00:00,21.399999618530273,21.450000762939453,21.399999618530273,21.399999618530273,34000,0.0,0.0
2025-01-16 02:20:00+00:00,21.399999618530273,21.450000762939453,21.399999618530273,21.450000762939453,4000,0.0,0.0
2025-01-16 02:25:00+00:00,21.399999618530273,21.399999618530273,21.350000381469727,21.350000381469727,12000,0.0,0.0
2025-01-16 02:30:00+00:00,21.350000381469727,21.399999618530273,21.350000381469727,21.350000381469727,5033,0.0,0.0
2025-01-16 02:40:00+00:00,21.350000381469727,21.399999618530273,21.350000381469727,21.350000381469727,25000,0.0,0.0
2025-01-16 02:45:00+00:00,21.399999618530273,21.399999618530273,21.350000381469727,21.350000381469727,6088,0.0,0.0
2025-01-16 02:50:00+00:00,21.299999237060547,21.299999237060547,21.299999237060547,21.299999237060547,1000,0.0,0.0
2025-01-16 02:55:00+00:00,21.350000381469727,21.350000381469727,21.350000381469727,21.350000381469727,8000,0.0,0.0
2025-01-16 03:00:00+00:00,21.350000381469727,21.350000381469727,21.350000381469727,21.350000381469727,1000,0.0,0.0
2025-01-16 03:05:00+00:00,21.399999618530273,21.399999618530273,21.350000381469727,21.399999618530273,4219,0.0,0.0
2025-01-16 03:10:00+00:00,21.350000381469727,21.350000381469727,21.350000381469727,21.350000381469727,30000,0.0,0.0
2025-01-16 03:15:00+00:00,21.350000381469727,21.350000381469727,21.299999237060547,21.350000381469727,25000,0.0,0.0
2025-01-16 03:20:00+00:00,21.350000381469727,21.350000381469727,21.299999237060547,21.350000381469727,4000,0.0,0.0
2025-01-16 03:25:00+00:00,21.299999237060547,21.299999237060547,21.299999237060547,21.299999237060547,1000,0.0,0.0
2025-01-16 03:30:00+00:00,21.350000381469727,21.399999618530273,21.350000381469727,21.399999618530273,8000,0.0,0.0
2025-01-16 03:35:00+00:00,21.350000381469727,21.399999618530273,21.350000381469727,21.399999618530273,8000,0.0,0.0
2025-01-16 03:40:00+00:00,21.350000381469727,21.399999618530273,21.350000381469727,21.399999618530273,3255,0.0,0.0
2025-01-16 03:55:00+00:00,21.399999618530273,21.399999618530273,21.399999618530273,21.399999618530273,1000,0.0,0.0
2025-01-16 04:00:00+00:00,21.350000381469727,21.350000381469727,21.350000381469727,21.350000381469727,5000,0.0,0.0
2025-01-16 04:05:00+00:00,21.350000381469727,21.350000381469727,21.350000381469727,21.350000381469727,2001,0.0,0.0
2025-01-16 04:10:00+00:00,21.350000381469727,21.350000381469727,21.350000381469727,21.350000381469727,1019,0.0,0.0
2025-01-16 04:15:00+00:00,21.350000381469727,21.399999618530273,21.350000381469727,21.399999618530273,12000,0.0,0.0
2025-01-16 04:20:00+00:00,21.350000381469727,21.399999618530273,21.350000381469727,21.350000381469727,17000,0.0,0.0
2025-01-16 04:25:00+00:00,21.350000381469727,21.399999618530273,21.299999237060547,21.299999237060547,39000,0.0,0.0
2025-01-16 04:30:00+00:00,21.350000381469727,21.350000381469727,21.350000381469727,21.350000381469727,7000,0.0,0.0
2025-01-16 04:35:00+00:00,21.350000381469727,21.399999618530273,21.350000381469727,21.399999618530273,9000,0.0,0.0
2025-01-16 04:40:00+00:00,21.350000381469727,21.350000381469727,21.350000381469727,21.350000381469727,9001,0.0,0.0
2025-01-16 04:50:00+00:00,21.350000381469727,21.350000381469727,21.350000381469727,21.350000381469727,11000,0.0,0.0
2025-01-16 04:55:00+00:00,21.350000381469727,21.350000381469727,21.350000381469727,21.350000381469727,4000,0.0,0.0
2025-01-16 05:00:00+00:00,21.399999618530273,21.399999618530273,21.399999618530273,21.399999618530273,3010,0.0,0.0
2025-01-16 05:05:00+00:00,21.350000381469727,21.399999618530273,21.350000381469727,21.350000381469727,24000,0.0,0.0
2025-01-16 05:10:00+00:00,21.399999618530273,21.399999618530273,21.399999618530273,21.399999618530273,20000,0.0,0.0
2025-01-16 05:15:00+00:00,21.350000381469727,21.350000381469727,21.350000381469727,21.350000381469727,2010,0.0,0.0
2025-01-16 05:20:00+00:00,21.350000381469727,21.399999618530273,21.350000381469727,21.350000381469727,40000,0.0,0.0
2025-01-17 01:00:00+00:00,21.600000381469727,21.600000381469727,21.350000381469727,21.350000381469727,0,0.0,0.0
2025-01-17 01:05:00+00:00,21.399999618530273,21.399999618530273,21.350000381469727,21.350000381469727,7000,0.0,0.0
2025-01-17 01:10:00+00:00,21.350000381469727,21.350000381469727,21.350000381469727,21.350000381469727,1045,0.0,0.0
2025-01-17 01:15:00+00:00,21.350000381469727,21.450000762939453,21.350000381469727,21.450000762939453,15000,0.0,0.0
2025-01-17 01:20:00+00:00,21.450000762939453,21.450000762939453,21.399999618530273,21.450000762939453,11000,0.0,0.0
2025-01-17 01:25:00+00:00,21.5,21.549999237060547,21.450000762939453,21.549999237060547,17010,0.0,0.0
2025-01-17 01:30:00+00:00,21.450000762939453,21.5,21.450000762939453,21.5,20005,0.0,0.0
2025-01-17 01:35:00+00:00,21.5,21.649999618530273,21.5,21.649999618530273,100100,0.0,0.0
2025-01-17 01:40:00+00:00,21.600000381469727,21.649999618530273,21.549999237060547,21.549999237060547,37134,0.0,0.0
2025-01-17 01:45:00+00:00,21.600000381469727,21.600000381469727,21.600000381469727,21.600000381469727,17000,0.0,0.0
2025-01-17 01:50:00+00:00,21.549999237060547,21.549999237060547,21.5,21.549999237060547,5000,0.0,0.0
2025-01-17 01:55:00+00:00,21.549999237060547,21.549999237060547,21.549999237060547,21.549999237060547,11000,0.0,0.0
2025-01-17 02:00:00+00:00,21.5,21.5,21.5,21.5,2000,0.0,0.0
2025-01-17 02:05:00+00:00,21.5,21.5,21.5,21.5,7047,0.0,0.0
2025-01-17 02:10:00+00:00,21.549999237060547,21.549999237060547,21.549999237060547,21.549999237060547,16006,0.0,0.0
2025-01-17 02:15:00+00:00,21.549999237060547,21.549999237060547,21.549999237060547,21.549999237060547,3000,0.0,0.0
2025-01-17 02:20:00+00:00,21.549999237060547,21.549999237060547,21.549999237060547,21.549999237060547,3005,0.0,0.0
2025-01-17 02:25:00+00:00,21.549999237060547,21.549999237060547,21.549999237060547,21.549999237060547,7000,0.0,0.0
2025-01-17 02:30:00+00:00,21.5,21.5,21.5,21.5,5000,0.0,0.0
2025-01-17 02:35:00+00:00,21.549999237060547,21.549999237060547,21.549999237060547,21.549999237060547,2000,0.0,0.0
2025-01-17 02:40:00+00:00,21.5,21.5,21.5,21.5,18153,0.0,0.0
2025-01-17 02:45:00+00:00,21.450000762939453,21.450000762939453,21.399999618530273,21.450000762939453,24000,0.0,0.0
2025-01-17 02:55:00+00:00,21.450000762939453,21.450000762939453,21.450000762939453,21.450000762939453,2000,0.0,0.0
2025-01-17 03:00:00+00:00,21.450000762939453,21.450000762939453,21.450000762939453,21.450000762939453,1000,0.0,0.0
2025-01-17 03:05:00+00:00,21.450000762939453,21.450000762939453,21.450000762939453,21.450000762939453,4002,0.0,0.0
2025-01-17 03:10:00+00:00,21.399999618530273,21.399999618530273,21.399999618530273,21.399999618530273,1000,0.0,0.0
2025-01-17 03:15:00+00:00,21.399999618530273,21.399999618530273,21.399999618530273,21.399999618530273,1000,0.0,0.0
2025-01-17 03:20:00+00:00,21.450000762939453,21.450000762939453,21.450000762939453,21.450000762939453,1000,0.0,0.0
2025-01-17 03:25:00+00:00,21.450000762939453,21.450000762939453,21.399999618530273,21.399999618530273,5000,0.0,0.0
2025-01-17 03:30:00+00:00,21.450000762939453,21.450000762939453,21.399999618530273,21.399999618530273,7000,0.0,0.0
2025-01-17 03:40:00+00:00,21.450000762939453,21.450000762939453,21.450000762939453,21.450000762939453,3000,0.0,0.0
2025-01-17 03:55:00+00:00,21.5,21.5,21.450000762939453,21.450000762939453,45000,0.0,0.0
2025-01-17 04:00:00+00:00,21.549999237060547,21.549999237060547,21.549999237060547,21.549999237060547,9000,0.0,0.0
2025-01-17 04:05:00+00:00,21.549999237060547,21.549999237060547,21.549999237060547,21.549999237060547,1000,0.0,0.0
2025-01-17 04:10:00+00:00,21.549999237060547,21.549999237060547,21.5,21.5,37063,0.0,0.0
2025-01-17 04:35:00+00:00,21.450000762939453,21.450000762939453,21.450000762939453,21.450000762939453,4034,0.0,0.0
2025-01-17 04:40:00+00:00,21.450000762939453,21.450000762939453,21.450000762939453,21.450000762939453,6000,0.0,0.0
2025-01-17 04:45:00+00:00,21.450000762939453,21.450000762939453,21.399999618530273,21.399999618530273,2000,0.0,0.0
2025-01-17 04:50:00+00:00,21.450000762939453,21.450000762939453,21.399999618530273,21.399999618530273,15000,0.0,0.0
2025-01-17 04:55:00+00:00,21.450000762939453,21.450000762939453,21.399999618530273,21.399999618530273,26001,0.0,0.0
2025-01-17 05:00:00+00:00,21.399999618530273,21.399999618530273,21.399999618530273,21.399999618530273,2000,0.0,0.0
2025-01-17 05:05:00+00:00,21.350000381469727,21.399999618530273,21.350000381469727,21.399999618530273,5000,0.0,0.0
2025-01-17 05:10:00+00:00,21.399999618530273,21.399999618530273,21.399999618530273,21.399999618530273,2000,0.0,0.0
2025-01-17 05:15:00+00:00,21.450000762939453,21.450000762939453,21.399999618530273,21.399999618530273,9843,0.0,0.0
2025-01-17 05:20:00+00:00,21.350000381469727,21.450000762939453,21.350000381469727,21.399999618530273,23000,0.0,0.0
2025-01-20 01:00:00+00:00,21.600000381469727,21.600000381469727,21.399999618530273,21.399999618530273,0,0.0,0.0
2025-01-20 01:05:00+00:00,21.399999618530273,21.399999618530273,21.399999618530273,21.399999618530273,7018,0.0,0.0
2025-01-20 01:10:00+00:00,21.350000381469727,21.350000381469727,21.299999237060547,21.299999237060547,14041,0.0,0.0
2025-01-20 01:15:00+00:00,21.350000381469727,21.350000381469727,21.299999237060547,21.299999237060547,14056,0.0,0.0
2025-01-20 01:20:00+00:00,21.299999237060547,21.299999237060547,21.299999237060547,21.299999237060547,2000,0.0,0.0
2025-01-20 01:25:00+00:00,21.350000381469727,21.350000381469727,21.350000381469727,21.350000381469727,4005,0.0,0.0
2025-01-20 01:30:00+00:00,21.350000381469727,21.399999618530273,21.350000381469727,21.350000381469727,7000,0.0,0.0
2025-01-20 01:35:00+00:00,21.299999237060547,21.299999237060547,21.299999237060547,21.299999237060547,1000,0.0,0.0
2025-01-20 01:40:00+00:00,21.299999237060547,21.299999237060547,21.299999237060547,21.299999237060547,30000,0.0,0.0
2025-01-20 01:45:00+00:00,21.399999618530273,21.399999618530273,21.350000381469727,21.350000381469727,18006,0.0,0.0
2025-01-20 01:50:00+00:00,21.399999618530273,21.450000762939453,21.399999618530273,21.399999618530273,4014,0.0,0.0
2025-01-20 01:55:00+00:00,21.450000762939453,21.5,21.450000762939453,21.5,10000,0.0,0.0
2025-01-20 02:00:00+00:00,21.5,21.5,21.450000762939453,21.450000762939453,14050,0.0,0.0
2025-01-20 02:05:00+00:00,21.450000762939453,21.5,21.450000762939453,21.5,17100,0.0,0.0
2025-01-20 02:10:00+00:00,21.5,21.549999237060547,21.5,21.549999237060547,43001,0.0,0.0
2025-01-20 02:15:00+00:00,21.549999237060547,21.549999237060547,21.5,21.5,39000,0.0,0.0
2025-01-20 02:20:00+00:00,21.450000762939453,21.450000762939453,21.450000762939453,21.450000762939453,4110,0.0,0.0
2025-01-20 02:25:00+00:00,21.5,21.549999237060547,21.5,21.549999237060547,10000,0.0,0.0
2025-01-20 02:30:00+00:00,21.5,21.549999237060547,21.5,21.549999237060547,24081,0.0,0.0
2025-01-20 02:35:00+00:00,21.5,21.5,21.5,21.5,1000,0.0,0.0
2025-01-20 02:40:00+00:00,21.5,21.549999237060547,21.5,21.549999237060547,11000,0.0,0.0
2025-01-20 02:45:00+00:00,21.549999237060547,21.549999237060547,21.549999237060547,21.549999237060547,2000,0.0,0.0
2025-01-20 02:55:00+00:00,21.5,21.549999237060547,21.5,21.5,6000,0.0,0.0
2025-01-20 03:00:00+00:00,21.5,21.5,21.5,21.5,2044,0.0,0.0
2025-01-20 03:10:00+00:00,21.5,21.5,21.5,21.5,1000,0.0,0.0
2025-01-20 03:15:00+00:00,21.5,21.600000381469727,21.5,21.600000381469727,49010,0.0,0.0
2025-01-20 03:20:00+00:00,21.600000381469727,21.600000381469727,21.549999237060547,21.549999237060547,15065,0.0,0.0
2025-01-20 03:25:00+00:00,21.600000381469727,21.600000381469727,21.600000381469727,21.600000381469727,1000,0.0,0.0
2025-01-20 03:30:00+00:00,21.549999237060547,21.549999237060547,21.549999237060547,21.549999237060547,10099,0.0,0.0
2025-01-20 03:40:00+00:00,21.5,21.5,21.5,21.5,2000,0.0,0.0
2025-01-20 03:45:00+00:00,21.5,21.549999237060547,21.5,21.5,8000,0.0,0.0
2025-01-20 03:50:00+00:00,21.5,21.5,21.5,21.5,1015,0.0,0.0
2025-01-20 03:55:00+00:00,21.5,21.549999237060547,21.5,21.549999237060547,13000,0.0,0.0
2025-01-20 04:00:00+00:00,21.549999237060547,21.549999237060547,21.549999237060547,21.549999237060547,6000,0.0,0.0
2025-01-20 04:05:00+00:00,21.549999237060547,21.549999237060547,21.549999237060547,21.549999237060547,4000,0.0,0.0
2025-01-20 04:10:00+00:00,21.549999237060547,21.549999237060547,21.549999237060547,21.549999237060547,2411,0.0,0.0
2025-01-20 04:15:00+00:00,21.549999237060547,21.549999237060547,21.549999237060547,21.549999237060547,1000,0.0,0.0
2025-01-20 04:20:00+00:00,21.549999237060547,21.549999237060547,21.5,21.549999237060547,15052,0.0,0.0
2025-01-20 04:25:00+00:00,21.549999237060547,21.549999237060547,21.5,21.5,3000,0.0,0.0
2025-01-20 04:30:00+00:00,21.5,21.5,21.5,21.5,1000,0.0,0.0
2025-01-20 04:35:00+00:00,21.549999237060547,21.549999237060547,21.549999237060547,21.549999237060547,8000,0.0,0.0
2025-01-20 04:40:00+00:00,21.600000381469727,21.600000381469727,21.600000381469727,21.600000381469727,1000,0.0,0.0
2025-01-20 04:45:00+00:00,21.549999237060547,21.549999237060547,21.549999237060547,21.549999237060547,6000,0.0,0.0
2025-01-20 04:50:00+00:00,21.549999237060547,21.549999237060547,21.549999237060547,21.549999237060547,2000,0.0,0.0
2025-01-20 04:55:00+00:00,21.600000381469727,21.600000381469727,21.549999237060547,21.549999237060547,4005,0.0,0.0
2025-01-20 05:00:00+00:00,21.600000381469727,21.600000381469727,21.600000381469727,21.600000381469727,7100,0.0,0.0
2025-01-20 05:05:00+00:00,21.600000381469727,21.600000381469727,21.600000381469727,21.600000381469727,12000,0.0,0.0
2025-01-20 05:10:00+00:00,21.600000381469727,21.600000381469727,21.549999237060547,21.600000381469727,20000,0.0,0.0
2025-01-20 05:15:00+00:00,21.549999237060547,21.549999237060547,21.549999237060547,21.549999237060547,24037,0.0,0.0
2025-01-20 05:20:00+00:00,21.549999237060547,21.600000381469727,21.549999237060547,21.549999237060547,10400,0.0,0.0
2025-01-21 01:00:00+00:00,21.649999618530273,21.799999237060547,21.649999618530273,21.799999237060547,0,0.0,0.0
2025-01-21 01:05:00+00:00,21.799999237060547,21.799999237060547,21.75,21.799999237060547,23012,0.0,0.0
2025-01-21 01:10:00+00:00,21.799999237060547,21.850000381469727,21.799999237060547,21.850000381469727,26055,0.0,0.0
2025-01-21 01:15:00+00:00,21.850000381469727,21.850000381469727,21.799999237060547,21.799999237060547,29000,0.0,0.0
2025-01-21 01:20:00+00:00,21.75,21.799999237060547,21.75,21.799999237060547,49001,0.0,0.0
2025-01-21 01:25:00+00:00,21.799999237060547,21.899999618530273,21.799999237060547,21.899999618530273,54126,0.0,0.0
2025-01-21 01:30:00+00:00,21.850000381469727,21.899999618530273,21.850000381469727,21.850000381469727,44000,0.0,0.0
2025-01-21 01:35:00+00:00,21.799999237060547,21.799999237060547,21.799999237060547,21.799999237060547,18001,0.0,0.0
2025-01-21 01:40:00+00:00,21.799999237060547,21.799999237060547,21.799999237060547,21.799999237060547,11000,0.0,0.0
2025-01-21 01:45:00+00:00,21.75,21.75,21.700000762939453,21.75,25022,0.0,0.0
2025-01-21 01:50:00+00:00,21.700000762939453,21.700000762939453,21.700000762939453,21.700000762939453,1116,0.0,0.0
2025-01-21 01:55:00+00:00,21.75,21.75,21.75,21.75,13000,0.0,0.0
2025-01-21 02:00:00+00:00,21.75,21.75,21.75,21.75,10000,0.0,0.0
2025-01-21 02:10:00+00:00,21.75,21.75,21.75,21.75,15000,0.0,0.0
2025-01-21 02:15:00+00:00,21.700000762939453,21.700000762939453,21.700000762939453,21.700000762939453,2000,0.0,0.0
2025-01-21 02:20:00+00:00,21.700000762939453,21.700000762939453,21.700000762939453,21.700000762939453,5000,0.0,0.0
2025-01-21 02:25:00+00:00,21.700000762939453,21.700000762939453,21.700000762939453,21.700000762939453,5009,0.0,0.0
2025-01-21 02:30:00+00:00,21.700000762939453,21.700000762939453,21.649999618530273,21.649999618530273,40019,0.0,0.0
2025-01-21 02:40:00+00:00,21.649999618530273,21.75,21.649999618530273,21.75,14000,0.0,0.0
2025-01-21 02:45:00+00:00,21.799999237060547,21.799999237060547,21.799999237060547,21.799999237060547,1000,0.0,0.0
2025-01-21 02:50:00+00:00,21.75,21.75,21.700000762939453,21.700000762939453,24146,0.0,0.0
2025-01-21 02:55:00+00:00,21.700000762939453,21.700000762939453,21.700000762939453,21.700000762939453,3000,0.0,0.0
2025-01-21 03:00:00+00:00,21.700000762939453,21.700000762939453,21.700000762939453,21.700000762939453,14000,0.0,0.0
2025-01-21 03:05:00+00:00,21.649999618530273,21.700000762939453,21.649999618530273,21.700000762939453,5014,0.0,0.0
2025-01-21 03:10:00+00:00,21.700000762939453,21.700000762939453,21.700000762939453,21.700000762939453,3000,0.0,0.0
2025-01-21 03:15:00+00:00,21.700000762939453,21.75,21.700000762939453,21.75,2005,0.0,0.0
2025-01-21 03:20:00+00:00,21.75,21.75,21.75,21.75,5000,0.0,0.0
2025-01-21 03:25:00+00:00,21.75,21.75,21.75,21.75,4082,0.0,0.0
2025-01-21 03:35:00+00:00,21.75,21.75,21.75,21.75,4000,0.0,0.0
2025-01-21 03:45:00+00:00,21.700000762939453,21.700000762939453,21.700000762939453,21.700000762939453,2000,0.0,0.0
2025-01-21 03:50:00+00:00,21.700000762939453,21.700000762939453,21.700000762939453,21.700000762939453,3000,0.0,0.0
2025-01-21 03:55:00+00:00,21.75,21.75,21.75,21.75,3000,0.0,0.0
2025-01-21 04:00:00+00:00,21.799999237060547,21.799999237060547,21.799999237060547,21.799999237060547,19000,0.0,0.0
2025-01-21 04:05:00+00:00,21.75,21.799999237060547,21.75,21.799999237060547,9000,0.0,0.0
2025-01-21 04:10:00+00:00,21.850000381469727,21.850000381469727,21.799999237060547,21.799999237060547,7000,0.0,0.0
2025-01-21 04:15:00+00:00,21.850000381469727,21.850000381469727,21.799999237060547,21.799999237060547,9000,0.0,0.0
2025-01-21 04:20:00+00:00,21.850000381469727,21.850000381469727,21.799999237060547,21.799999237060547,2000,0.0,0.0
2025-01-21 04:25:00+00:00,21.799999237060547,21.799999237060547,21.799999237060547,21.799999237060547,26000,0.0,0.0
2025-01-21 04:30:00+00:00,21.799999237060547,21.799999237060547,21.799999237060547,21.799999237060547,4000,0.0,0.0
2025-01-21 04:35:00+00:00,21.799999237060547,21.799999237060547,21.799999237060547,21.799999237060547,15250,0.0,0.0
2025-01-21 04:40:00+00:00,21.799999237060547,21.799999237060547,21.75,21.799999237060547,6000,0.0,0.0
2025-01-21 04:45:00+00:00,21.850000381469727,21.850000381469727,21.850000381469727,21.850000381469727,1030,0.0,0.0
2025-01-21 04:50:00+00:00,21.850000381469727,21.850000381469727,21.799999237060547,21.799999237060547,20000,0.0,0.0
2025-01-21 04:55:00+00:00,21.799999237060547,21.799999237060547,21.799999237060547,21.799999237060547,1093,0.0,0.0
2025-01-21 05:00:00+00:00,21.799999237060547,21.799999237060547,21.799999237060547,21.799999237060547,14000,0.0,0.0
2025-01-21 05:05:00+00:00,21.799999237060547,21.799999237060547,21.799999237060547,21.799999237060547,11010,0.0,0.0
2025-01-21 05:10:00+00:00,21.75,21.75,21.75,21.75,1162,0.0,0.0
2025-01-21 05:15:00+00:00,21.75,21.799999237060547,21.75,21.799999237060547,4594,0.0,0.0
2025-01-21 05:20:00+00:00,21.799999237060547,21.799999237060547,21.75,21.799999237060547,14410,0.0,0.0
2025-01-22 01:00:00+00:00,22.0,22.0,21.899999618530273,21.899999618530273,0,0.0,0.0
2025-01-22 01:05:00+00:00,21.950000762939453,21.950000762939453,21.899999618530273,21.950000762939453,15050,0.0,0.0
2025-01-22 01:10:00+00:00,21.899999618530273,21.899999618530273,21.899999618530273,21.899999618530273,11000,0.0,0.0
2025-01-22 01:15:00+00:00,21.899999618530273,21.899999618530273,21.899999618530273,21.899999618530273,16000,0.0,0.0
2025-01-22 01:20:00+00:00,21.950000762939453,22.0,21.950000762939453,22.0,50015,0.0,0.0
2025-01-22 01:25:00+00:00,22.0,22.0,21.899999618530273,21.899999618530273,14000,0.0,0.0
2025-01-22 01:30:00+00:00,21.899999618530273,21.899999618530273,21.899999618530273,21.899999618530273,22001,0.0,0.0
2025-01-22 01:35:00+00:00,21.899999618530273,21.899999618530273,21.899999618530273,21.899999618530273,1000,0.0,0.0
2025-01-22 01:40:00+00:00,21.950000762939453,21.950000762939453,21.950000762939453,21.950000762939453,15000,0.0,0.0
2025-01-22 01:45:00+00:00,21.950000762939453,21.950000762939453,21.899999618530273,21.899999618530273,7000,0.0,0.0
2025-01-22 01:50:00+00:00,21.899999618530273,21.899999618530273,21.899999618530273,21.899999618530273,13000,0.0,0.0
2025-01-22 01:55:00+00:00,21.899999618530273,21.899999618530273,21.899999618530273,21.899999618530273,9052,0.0,0.0
2025-01-22 02:00:00+00:00,21.950000762939453,21.950000762939453,21.899999618530273,21.899999618530273,6000,0.0,0.0
2025-01-22 02:05:00+00:00,21.899999618530273,21.899999618530273,21.899999618530273,21.899999618530273,2000,0.0,0.0
2025-01-22 02:10:00+00:00,21.899999618530273,21.950000762939453,21.899999618530273,21.950000762939453,13000,0.0,0.0
2025-01-22 02:15:00+00:00,21.950000762939453,21.950000762939453,21.950000762939453,21.950000762939453,1000,0.0,0.0
2025-01-22 02:20:00+00:00,21.950000762939453,21.950000762939453,21.950000762939453,21.950000762939453,29000,0.0,0.0
2025-01-22 02:25:00+00:00,22.0,22.0,22.0,22.0,31000,0.0,0.0
2025-01-22 02:30:00+00:00,22.0,22.049999237060547,22.0,22.0,14150,0.0,0.0
2025-01-22 02:40:00+00:00,21.950000762939453,22.0,21.950000762939453,21.950000762939453,3000,0.0,0.0
2025-01-22 02:45:00+00:00,21.950000762939453,21.950000762939453,21.950000762939453,21.950000762939453,3000,0.0,0.0
2025-01-22 02:50:00+00:00,21.950000762939453,21.950000762939453,21.950000762939453,21.950000762939453,7000,0.0,0.0
2025-01-22 02:55:00+00:00,21.950000762939453,21.950000762939453,21.899999618530273,21.950000762939453,7000,0.0,0.0
2025-01-22 03:00:00+00:00,21.950000762939453,21.950000762939453,21.899999618530273,21.950000762939453,49000,0.0,0.0
2025-01-22 03:05:00+00:00,21.899999618530273,21.899999618530273,21.899999618530273,21.899999618530273,3000,0.0,0.0
2025-01-22 03:10:00+00:00,21.950000762939453,21.950000762939453,21.950000762939453,21.950000762939453,4000,0.0,0.0
2025-01-22 03:15:00+00:00,21.950000762939453,21.950000762939453,21.950000762939453,21.950000762939453,2000,0.0,0.0
2025-01-22 03:20:00+00:00,21.950000762939453,21.950000762939453,21.950000762939453,21.950000762939453,3060,0.0,0.0
2025-01-22 03:25:00+00:00,21.950000762939453,21.950000762939453,21.950000762939453,21.950000762939453,4000,0.0,0.0
2025-01-22 03:30:00+00:00,21.899999618530273,21.899999618530273,21.899999618530273,21.899999618530273,6000,0.0,0.0
2025-01-22 03:35:00+00:00,21.899999618530273,21.899999618530273,21.899999618530273,21.899999618530273,10106,0.0,0.0
2025-01-22 03:45:00+00:00,22.0,22.0,21.950000762939453,22.0,6000,0.0,0.0
2025-01-22 03:50:00+00:00,21.950000762939453,22.049999237060547,21.950000762939453,22.0,128028,0.0,0.0
2025-01-22 03:55:00+00:00,22.049999237060547,22.100000381469727,22.0,22.049999237060547,13000,0.0,0.0
2025-01-22 04:00:00+00:00,22.049999237060547,22.049999237060547,22.049999237060547,22.049999237060547,3000,0.0,0.0
2025-01-22 04:05:00+00:00,22.049999237060547,22.049999237060547,22.049999237060547,22.049999237060547,2000,0.0,0.0
2025-01-22 04:10:00+00:00,22.049999237060547,22.049999237060547,22.049999237060547,22.049999237060547,3000,0.0,0.0
2025-01-22 04:15:00+00:00,22.049999237060547,22.049999237060547,22.0,22.0,13000,0.0,0.0
2025-01-22 04:20:00+00:00,22.0,22.0,22.0,22.0,6150,0.0,0.0
2025-01-22 04:25:00+00:00,22.0,22.0,22.0,22.0,1000,0.0,0.0
2025-01-22 04:30:00+00:00,21.950000762939453,22.0,21.950000762939453,22.0,3000,0.0,0.0
2025-01-22 04:35:00+00:00,22.0,22.0,22.0,22.0,15043,0.0,0.0
2025-01-22 04:40:00+00:00,22.049999237060547,22.049999237060547,22.049999237060547,22.049999237060547,11000,0.0,0.0
2025-01-22 04:50:00+00:00,22.049999237060547,22.049999237060547,22.049999237060547,22.049999237060547,7000,0.0,0.0
2025-01-22 04:55:00+00:00,22.049999237060547,22.100000381469727,22.049999237060547,22.100000381469727,16220,0.0,0.0
2025-01-22 05:00:00+00:00,22.0,22.049999237060547,22.0,22.049999237060547,21000,0.0,0.0
2025-01-22 05:05:00+00:00,22.0,22.0,22.0,22.0,22000,0.0,0.0
2025-01-22 05:10:00+00:00,21.950000762939453,22.0,21.950000762939453,22.0,5000,0.0,0.0
2025-01-22 05:15:00+00:00,22.0,22.049999237060547,22.0,22.049999237060547,35000,0.0,0.0
2025-01-22 05:20:00+00:00,22.049999237060547,22.100000381469727,22.0,22.100000381469727,33470,0.0,0.0
2025-02-03 01:00:00+00:00,21.799999237060547,21.799999237060547,21.549999237060547,21.600000381469727,0,0.0,0.0
2025-02-03 01:05:00+00:00,21.600000381469727,21.700000762939453,21.549999237060547,21.700000762939453,41000,0.0,0.0
2025-02-03 01:10:00+00:00,21.75,21.850000381469727,21.700000762939453,21.799999237060547,29213,0.0,0.0
2025-02-03 01:15:00+00:00,21.799999237060547,21.799999237060547,21.75,21.799999237060547,10000,0.0,0.0
2025-02-03 01:20:00+00:00,21.799999237060547,21.850000381469727,21.799999237060547,21.850000381469727,8000,0.0,0.0
2025-02-03 01:25:00+00:00,21.850000381469727,21.850000381469727,21.700000762939453,21.700000762939453,160460,0.0,0.0
2025-02-03 01:30:00+00:00,21.700000762939453,21.75,21.700000762939453,21.700000762939453,23000,0.0,0.0
2025-02-03 01:35:00+00:00,21.75,21.75,21.700000762939453,21.75,34000,0.0,0.0
2025-02-03 01:40:00+00:00,21.700000762939453,21.700000762939453,21.600000381469727,21.600000381469727,25000,0.0,0.0
2025-02-03 01:45:00+00:00,21.649999618530273,21.700000762939453,21.649999618530273,21.649999618530273,9044,0.0,0.0
2025-02-03 01:50:00+00:00,21.649999618530273,21.649999618530273,21.649999618530273,21.649999618530273,1000,0.0,0.0
2025-02-03 01:55:00+00:00,21.649999618530273,21.649999618530273,21.600000381469727,21.600000381469727,29183,0.0,0.0
2025-02-03 02:00:00+00:00,21.600000381469727,21.600000381469727,21.5,21.549999237060547,23000,0.0,0.0
2025-02-03 02:05:00+00:00,21.549999237060547,21.549999237060547,21.450000762939453,21.450000762939453,36220,0.0,0.0
2025-02-03 02:10:00+00:00,21.5,21.5,21.450000762939453,21.450000762939453,13305,0.0,0.0
2025-02-03 02:15:00+00:00,21.399999618530273,21.5,21.399999618530273,21.450000762939453,8000,0.0,0.0
2025-02-03 02:20:00+00:00,21.5,21.5,21.5,21.5,7000,0.0,0.0
2025-02-03 02:25:00+00:00,21.549999237060547,21.649999618530273,21.549999237060547,21.600000381469727,15020,0.0,0.0
2025-02-03 02:30:00+00:00,21.600000381469727,21.600000381469727,21.600000381469727,21.600000381469727,1000,0.0,0.0
2025-02-03 02:35:00+00:00,21.549999237060547,21.549999237060547,21.549999237060547,21.549999237060547,8000,0.0,0.0
2025-02-03 02:40:00+00:00,21.549999237060547,21.549999237060547,21.5,21.5,5080,0.0,0.0
2025-02-03 02:45:00+00:00,21.5,21.5,21.5,21.5,2000,0.0,0.0
2025-02-03 02:50:00+00:00,21.5,21.5,21.5,21.5,10000,0.0,0.0
2025-02-03 02:55:00+00:00,21.450000762939453,21.549999237060547,21.450000762939453,21.5,7001,0.0,0.0
2025-02-03 03:00:00+00:00,21.600000381469727,21.600000381469727,21.600000381469727,21.600000381469727,6050,0.0,0.0
2025-02-03 03:05:00+00:00,21.549999237060547,21.549999237060547,21.549999237060547,21.549999237060547,1384,0.0,0.0
2025-02-03 03:10:00+00:00,21.600000381469727,21.700000762939453,21.600000381469727,21.700000762939453,20000,0.0,0.0
2025-02-03 03:15:00+00:00,21.700000762939453,21.700000762939453,21.700000762939453,21.700000762939453,19000,0.0,0.0
2025-02-03 03:20:00+00:00,21.649999618530273,21.649999618530273,21.649999618530273,21.649999618530273,3001,0.0,0.0
2025-02-03 03:30:00+00:00,21.600000381469727,21.649999618530273,21.600000381469727,21.649999618530273,19000,0.0,0.0
2025-02-03 03:35:00+00:00,21.600000381469727,21.649999618530273,21.600000381469727,21.649999618530273,6020,0.0,0.0
2025-02-03 03:40:00+00:00,21.649999618530273,21.649999618530273,21.649999618530273,21.649999618530273,16061,0.0,0.0
2025-02-03 03:45:00+00:00,21.700000762939453,21.700000762939453,21.700000762939453,21.700000762939453,1000,0.0,0.0
2025-02-03 03:50:00+00:00,21.700000762939453,21.700000762939453,21.700000762939453,21.700000762939453,15100,0.0,0.0
2025-02-03 03:55:00+00:00,21.700000762939453,21.700000762939453,21.700000762939453,21.700000762939453,5183,0.0,0.0
2025-02-03 04:00:00+00:00,21.700000762939453,21.700000762939453,21.700000762939453,21.700000762939453,2000,0.0,0.0
2025-02-03 04:05:00+00:00,21.700000762939453,21.75,21.700000762939453,21.700000762939453,4000,0.0,0.0
2025-02-03 04:15:00+00:00,21.700000762939453,21.75,21.700000762939453,21.75,9020,0.0,0.0
2025-02-03 04:20:00+00:00,21.75,21.75,21.75,21.75,6000,0.0,0.0
2025-02-03 04:25:00+00:00,21.799999237060547,21.799999237060547,21.799999237060547,21.799999237060547,12001,0.0,0.0
2025-02-03 04:30:00+00:00,21.799999237060547,21.799999237060547,21.799999237060547,21.799999237060547,1000,0.0,0.0
2025-02-03 04:35:00+00:00,21.799999237060547,21.899999618530273,21.799999237060547,21.799999237060547,30024,0.0,0.0
2025-02-03 04:40:00+00:00,21.799999237060547,21.799999237060547,21.75,21.75,16001,0.0,0.0
2025-02-03 04:45:00+00:00,21.799999237060547,22.0,21.799999237060547,22.0,96450,0.0,0.0
2025-02-03 04:50:00+00:00,21.950000762939453,22.0,21.950000762939453,21.950000762939453,13000,0.0,0.0
2025-02-03 04:55:00+00:00,21.950000762939453,21.950000762939453,21.950000762939453,21.950000762939453,6001,0.0,0.0
2025-02-03 05:00:00+00:00,21.950000762939453,22.0,21.950000762939453,21.950000762939453,30000,0.0,0.0
2025-02-03 05:05:00+00:00,21.950000762939453,22.0,21.950000762939453,22.0,3050,0.0,0.0
2025-02-03 05:10:00+00:00,22.0,22.0,21.950000762939453,21.950000762939453,9030,0.0,0.0
2025-02-03 05:15:00+00:00,21.950000762939453,21.950000762939453,21.950000762939453,21.950000762939453,17200,0.0,0.0
2025-02-03 05:20:00+00:00,21.899999618530273,21.950000762939453,21.850000381469727,21.850000381469727,20206,0.0,0.0
2025-02-04 01:00:00+00:00,22.0,22.049999237060547,21.850000381469727,21.850000381469727,0,0.0,0.0
2025-02-04 01:05:00+00:00,21.850000381469727,21.850000381469727,21.75,21.850000381469727,20248,0.0,0.0
2025-02-04 01:10:00+00:00,21.850000381469727,21.950000762939453,21.850000381469727,21.950000762939453,11000,0.0,0.0
2025-02-04 01:15:00+00:00,21.950000762939453,21.950000762939453,21.899999618530273,21.899999618530273,2000,0.0,0.0
2025-02-04 01:20:00+00:00,21.950000762939453,22.100000381469727,21.899999618530273,22.049999237060547,51590,0.0,0.0
2025-02-04 01:25:00+00:00,22.049999237060547,22.100000381469727,22.0,22.100000381469727,16000,0.0,0.0
2025-02-04 01:30:00+00:00,22.049999237060547,22.100000381469727,22.0,22.100000381469727,11011,0.0,0.0
2025-02-04 01:35:00+00:00,22.049999237060547,22.100000381469727,22.049999237060547,22.100000381469727,7000,0.0,0.0
2025-02-04 01:40:00+00:00,22.100000381469727,22.100000381469727,22.100000381469727,22.100000381469727,13450,0.0,0.0
2025-02-04 01:45:00+00:00,22.149999618530273,22.149999618530273,22.100000381469727,22.100000381469727,16000,0.0,0.0
2025-02-04 01:50:00+00:00,22.100000381469727,22.149999618530273,22.100000381469727,22.149999618530273,3000,0.0,0.0
2025-02-04 01:55:00+00:00,22.100000381469727,22.100000381469727,22.0,22.0,14000,0.0,0.0
2025-02-04 02:00:00+00:00,22.049999237060547,22.049999237060547,22.049999237060547,22.049999237060547,1000,0.0,0.0
2025-02-04 02:05:00+00:00,22.100000381469727,22.100000381469727,22.100000381469727,22.100000381469727,7000,0.0,0.0
2025-02-04 02:10:00+00:00,22.100000381469727,22.100000381469727,22.100000381469727,22.100000381469727,6200,0.0,0.0
2025-02-04 02:15:00+00:00,22.100000381469727,22.100000381469727,22.100000381469727,22.100000381469727,4000,0.0,0.0
2025-02-04 02:20:00+00:00,22.149999618530273,22.149999618530273,22.100000381469727,22.100000381469727,6000,0.0,0.0
2025-02-04 02:25:00+00:00,22.049999237060547,22.049999237060547,22.049999237060547,22.049999237060547,2000,0.0,0.0
2025-02-04 02:30:00+00:00,22.100000381469727,22.149999618530273,22.100000381469727,22.149999618530273,8001,0.0,0.0
2025-02-04 02:35:00+00:00,22.149999618530273,22.149999618530273,22.100000381469727,22.149999618530273,12000,0.0,0.0
2025-02-04 02:40:00+00:00,22.100000381469727,22.100000381469727,22.049999237060547,22.049999237060547,11120,0.0,0.0
2025-02-04 02:45:00+00:00,22.049999237060547,22.049999237060547,22.049999237060547,22.049999237060547,4000,0.0,0.0
2025-02-04 02:50:00+00:00,22.049999237060547,22.049999237060547,22.049999237060547,22.049999237060547,3080,0.0,0.0
2025-02-04 02:55:00+00:00,22.049999237060547,22.049999237060547,22.049999237060547,22.049999237060547,3001,0.0,0.0
2025-02-04 03:00:00+00:00,22.049999237060547,22.049999237060547,22.0,22.0,13000,0.0,0.0
2025-02-04 03:05:00+00:00,22.0,22.049999237060547,22.0,22.049999237060547,13150,0.0,0.0
2025-02-04 03:10:00+00:00,22.0,22.0,21.850000381469727,21.950000762939453,34349,0.0,0.0
2025-02-04 03:15:00+00:00,21.899999618530273,21.950000762939453,21.899999618530273,21.899999618530273,11000,0.0,0.0
2025-02-04 03:20:00+00:00,21.950000762939453,21.950000762939453,21.950000762939453,21.950000762939453,5000,0.0,0.0
2025-02-04 03:25:00+00:00,21.950000762939453,21.950000762939453,21.950000762939453,21.950000762939453,4019,0.0,0.0
2025-02-04 03:30:00+00:00,22.0,22.0,22.0,22.0,1000,0.0,0.0
2025-02-04 03:35:00+00:00,21.950000762939453,21.950000762939453,21.950000762939453,21.950000762939453,1001,0.0,0.0
2025-02-04 03:40:00+00:00,22.0,22.0,22.0,22.0,1000,0.0,0.0
2025-02-04 03:45:00+00:00,22.0,22.0,22.0,22.0,5000,0.0,0.0
2025-02-04 03:50:00+00:00,22.0,22.0,21.950000762939453,21.950000762939453,3000,0.0,0.0
2025-02-04 03:55:00+00:00,21.950000762939453,21.950000762939453,21.950000762939453,21.950000762939453,12100,0.0,0.0
2025-02-04 04:00:00+00:00,21.899999618530273,21.899999618530273,21.899999618530273,21.899999618530273,1000,0.0,0.0
2025-02-04 04:05:00+00:00,21.899999618530273,21.950000762939453,21.899999618530273,21.899999618530273,5020,0.0,0.0
2025-02-04 04:10:00+00:00,21.899999618530273,21.950000762939453,21.899999618530273,21.899999618530273,12020,0.0,0.0
2025-02-04 04:15:00+00:00,21.950000762939453,21.950000762939453,21.899999618530273,21.899999618530273,6000,0.0,0.0
2025-02-04 04:20:00+00:00,21.950000762939453,21.950000762939453,21.950000762939453,21.950000762939453,1000,0.0,0.0
2025-02-04 04:25:00+00:00,21.950000762939453,21.950000762939453,21.950000762939453,21.950000762939453,6000,0.0,0.0
2025-02-04 04:30:00+00:00,21.899999618530273,21.899999618530273,21.899999618530273,21.899999618530273,5000,0.0,0.0
2025-02-04 04:35:00+00:00,21.950000762939453,21.950000762939453,21.950000762939453,21.950000762939453,2000,0.0,0.0
2025-02-04 04:40:00+00:00,21.950000762939453,21.950000762939453,21.899999618530273,21.950000762939453,14000,0.0,0.0
2025-02-04 04:45:00+00:00,21.950000762939453,21.950000762939453,21.950000762939453,21.950000762939453,3015,0.0,0.0
2025-02-04 04:55:00+00:00,22.0,22.0,21.950000762939453,22.0,11000,0.0,0.0
2025-02-04 05:00:00+00:00,22.0,22.100000381469727,22.0,22.049999237060547,39470,0.0,0.0
2025-02-04 05:05:00+00:00,22.049999237060547,22.049999237060547,22.0,22.0,7080,0.0,0.0
2025-02-04 05:10:00+00:00,22.0,22.0,21.950000762939453,22.0,19100,0.0,0.0
2025-02-04 05:15:00+00:00,22.0,22.0,21.950000762939453,21.950000762939453,10000,0.0,0.0
2025-02-04 05:20:00+00:00,22.0,22.0,21.950000762939453,21.950000762939453,67180,0.0,0.0
2025-02-05 01:00:00+00:00,22.149999618530273,22.200000762939453,22.049999237060547,22.149999618530273,0,0.0,0.0
2025-02-05 01:05:00+00:00,22.149999618530273,22.149999618530273,22.049999237060547,22.049999237060547,18015,0.0,0.0
2025-02-05 01:10:00+00:00,22.100000381469727,22.149999618530273,22.100000381469727,22.100000381469727,10000,0.0,0.0
2025-02-05 01:15:00+00:00,22.100000381469727,22.100000381469727,22.049999237060547,22.100000381469727,7000,0.0,0.0
2025-02-05 01:20:00+00:00,22.149999618530273,22.299999237060547,22.149999618530273,22.299999237060547,179187,0.0,0.0
2025-02-05 01:25:00+00:00,22.299999237060547,22.350000381469727,22.299999237060547,22.350000381469727,55000,0.0,0.0
2025-02-05 01:30:00+00:00,22.299999237060547,22.350000381469727,22.299999237060547,22.350000381469727,24238,0.0,0.0
2025-02-05 01:35:00+00:00,22.299999237060547,22.299999237060547,22.25,22.25,17000,0.0,0.0
2025-02-05 01:40:00+00:00,22.25,22.25,22.25,22.25,23106,0.0,0.0
2025-02-05 01:45:00+00:00,22.25,22.25,22.25,22.25,9047,0.0,0.0
2025-02-05 01:50:00+00:00,22.299999237060547,22.350000381469727,22.25,22.299999237060547,66060,0.0,0.0
2025-02-05 01:55:00+00:00,22.299999237060547,22.299999237060547,22.25,22.299999237060547,14000,0.0,0.0
2025-02-05 02:00:00+00:00,22.25,22.299999237060547,22.25,22.299999237060547,2000,0.0,0.0
2025-02-05 02:05:00+00:00,22.299999237060547,22.299999237060547,22.25,22.299999237060547,18000,0.0,0.0
2025-02-05 02:10:00+00:00,22.299999237060547,22.299999237060547,22.25,22.25,2000,0.0,0.0
2025-02-05 02:15:00+00:00,22.25,22.25,22.25,22.25,1000,0.0,0.0
2025-02-05 02:25:00+00:00,22.299999237060547,22.299999237060547,22.25,22.25,24219,0.0,0.0
2025-02-05 02:30:00+00:00,22.350000381469727,22.350000381469727,22.299999237060547,22.299999237060547,8000,0.0,0.0
2025-02-05 02:35:00+00:00,22.350000381469727,22.350000381469727,22.299999237060547,22.350000381469727,20170,0.0,0.0
2025-02-05 02:40:00+00:00,22.350000381469727,22.350000381469727,22.299999237060547,22.299999237060547,27100,0.0,0.0
2025-02-05 02:45:00+00:00,22.299999237060547,22.350000381469727,22.299999237060547,22.350000381469727,8000,0.0,0.0
2025-02-05 02:50:00+00:00,22.350000381469727,22.350000381469727,22.350000381469727,22.350000381469727,19000,0.0,0.0
2025-02-05 02:55:00+00:00,22.299999237060547,22.350000381469727,22.299999237060547,22.350000381469727,18255,0.0,0.0
2025-02-05 03:00:00+00:00,22.350000381469727,22.350000381469727,22.350000381469727,22.350000381469727,6030,0.0,0.0
2025-02-05 03:05:00+00:00,22.350000381469727,22.350000381469727,22.350000381469727,22.350000381469727,24684,0.0,0.0
2025-02-05 03:10:00+00:00,22.399999618530273,22.399999618530273,22.399999618530273,22.399999618530273,2012,0.0,0.0
2025-02-05 03:15:00+00:00,22.350000381469727,22.350000381469727,22.350000381469727,22.350000381469727,23000,0.0,0.0
2025-02-05 03:20:00+00:00,22.350000381469727,22.350000381469727,22.350000381469727,22.350000381469727,3000,0.0,0.0
2025-02-05 03:25:00+00:00,22.350000381469727,22.399999618530273,22.350000381469727,22.399999618530273,10860,0.0,0.0
2025-02-05 03:30:00+00:00,22.399999618530273,22.399999618530273,22.399999618530273,22.399999618530273,4332,0.0,0.0
2025-02-05 03:35:00+00:00,22.350000381469727,22.399999618530273,22.350000381469727,22.350000381469727,18356,0.0,0.0
2025-02-05 03:40:00+00:00,22.350000381469727,22.350000381469727,22.350000381469727,22.350000381469727,16272,0.0,0.0
2025-02-05 03:45:00+00:00,22.350000381469727,22.350000381469727,22.350000381469727,22.350000381469727,2000,0.0,0.0
2025-02-05 03:50:00+00:00,22.350000381469727,22.350000381469727,22.350000381469727,22.350000381469727,3000,0.0,0.0
2025-02-05 03:55:00+00:00,22.350000381469727,22.399999618530273,22.350000381469727,22.350000381469727,37100,0.0,0.0
2025-02-05 04:00:00+00:00,22.350000381469727,22.350000381469727,22.299999237060547,22.299999237060547,10000,0.0,0.0
2025-02-05 04:05:00+00:00,22.350000381469727,22.350000381469727,22.350000381469727,22.350000381469727,1000,0.0,0.0
2025-02-05 04:10:00+00:00,22.350000381469727,22.350000381469727,22.350000381469727,22.350000381469727,1100,0.0,0.0
2025-02-05 04:15:00+00:00,22.350000381469727,22.350000381469727,22.299999237060547,22.299999237060547,13445,0.0,0.0
2025-02-05 04:20:00+00:00,22.299999237060547,22.299999237060547,22.25,22.299999237060547,13018,0.0,0.0
2025-02-05 04:25:00+00:00,22.299999237060547,22.350000381469727,22.299999237060547,22.350000381469727,2000,0.0,0.0
2025-02-05 04:30:00+00:00,22.350000381469727,22.350000381469727,22.299999237060547,22.350000381469727,20000,0.0,0.0
2025-02-05 04:35:00+00:00,22.350000381469727,22.399999618530273,22.299999237060547,22.399999618530273,6005,0.0,0.0
2025-02-05 04:40:00+00:00,22.399999618530273,22.399999618530273,22.350000381469727,22.350000381469727,45000,0.0,0.0
2025-02-05 04:45:00+00:00,22.350000381469727,22.350000381469727,22.299999237060547,22.299999237060547,7000,0.0,0.0
2025-02-05 04:50:00+00:00,22.350000381469727,22.350000381469727,22.350000381469727,22.350000381469727,7150,0.0,0.0
2025-02-05 04:55:00+00:00,22.350000381469727,22.350000381469727,22.350000381469727,22.350000381469727,8050,0.0,0.0
2025-02-05 05:00:00+00:00,22.350000381469727,22.350000381469727,22.299999237060547,22.350000381469727,20000,0.0,0.0
2025-02-05 05:05:00+00:00,22.350000381469727,22.399999618530273,22.350000381469727,22.350000381469727,6000,0.0,0.0
2025-02-05 05:10:00+00:00,22.350000381469727,22.399999618530273,22.350000381469727,22.350000381469727,9133,0.0,0.0
2025-02-05 05:15:00+00:00,22.350000381469727,22.399999618530273,22.299999237060547,22.299999237060547,40680,0.0,0.0
2025-02-05 05:20:00+00:00,22.350000381469727,22.399999618530273,22.350000381469727,22.350000381469727,25211,0.0,0.0
2025-02-06 01:00:00+00:00,22.5,22.549999237060547,22.299999237060547,22.549999237060547,0,0.0,0.0
2025-02-06 01:05:00+00:00,22.5,22.549999237060547,22.450000762939453,22.5,59000,0.0,0.0
2025-02-06 01:10:00+00:00,22.450000762939453,22.450000762939453,22.350000381469727,22.399999618530273,23250,0.0,0.0
2025-02-06 01:15:00+00:00,22.399999618530273,22.399999618530273,22.350000381469727,22.399999618530273,15010,0.0,0.0
2025-02-06 01:20:00+00:00,22.399999618530273,22.450000762939453,22.350000381469727,22.350000381469727,93078,0.0,0.0
2025-02-06 01:25:00+00:00,22.350000381469727,22.350000381469727,22.350000381469727,22.350000381469727,3000,0.0,0.0
2025-02-06 01:30:00+00:00,22.350000381469727,22.350000381469727,22.299999237060547,22.350000381469727,13190,0.0,0.0
2025-02-06 01:35:00+00:00,22.350000381469727,22.350000381469727,22.350000381469727,22.350000381469727,6003,0.0,0.0
2025-02-06 01:40:00+00:00,22.299999237060547,22.299999237060547,22.25,22.25,24500,0.0,0.0
2025-02-06 01:45:00+00:00,22.25,22.25,22.25,22.25,12200,0.0,0.0
2025-02-06 01:50:00+00:00,22.25,22.25,22.25,22.25,1000,0.0,0.0
2025-02-06 01:55:00+00:00,22.299999237060547,22.299999237060547,22.25,22.25,5000,0.0,0.0
2025-02-06 02:00:00+00:00,22.25,22.25,22.25,22.25,15150,0.0,0.0
2025-02-06 02:05:00+00:00,22.25,22.299999237060547,22.25,22.25,30013,0.0,0.0
2025-02-06 02:10:00+00:00,22.200000762939453,22.25,22.200000762939453,22.25,7200,0.0,0.0
2025-02-06 02:15:00+00:00,22.25,22.25,22.200000762939453,22.200000762939453,3100,0.0,0.0
2025-02-06 02:20:00+00:00,22.25,22.350000381469727,22.200000762939453,22.350000381469727,50087,0.0,0.0
2025-02-06 02:25:00+00:00,22.350000381469727,22.450000762939453,22.350000381469727,22.399999618530273,52840,0.0,0.0
2025-02-06 02:30:00+00:00,22.399999618530273,22.399999618530273,22.399999618530273,22.399999618530273,2185,0.0,0.0
2025-02-06 02:35:00+00:00,22.399999618530273,22.399999618530273,22.299999237060547,22.299999237060547,14000,0.0,0.0
2025-02-06 02:40:00+00:00,22.399999618530273,22.399999618530273,22.350000381469727,22.399999618530273,12015,0.0,0.0
2025-02-06 02:45:00+00:00,22.399999618530273,22.399999618530273,22.399999618530273,22.399999618530273,6000,0.0,0.0
2025-02-06 02:50:00+00:00,22.399999618530273,22.399999618530273,22.399999618530273,22.399999618530273,5070,0.0,0.0
2025-02-06 02:55:00+00:00,22.399999618530273,22.450000762939453,22.399999618530273,22.450000762939453,5000,0.0,0.0
2025-02-06 03:00:00+00:00,22.399999618530273,22.399999618530273,22.399999618530273,22.399999618530273,1000,0.0,0.0
2025-02-06 03:05:00+00:00,22.399999618530273,22.399999618530273,22.399999618530273,22.399999618530273,2000,0.0,0.0
2025-02-06 03:10:00+00:00,22.399999618530273,22.399999618530273,22.399999618530273,22.399999618530273,20000,0.0,0.0
2025-02-06 03:15:00+00:00,22.350000381469727,22.399999618530273,22.350000381469727,22.399999618530273,20000,0.0,0.0
2025-02-06 03:20:00+00:00,22.399999618530273,22.450000762939453,22.399999618530273,22.450000762939453,7001,0.0,0.0
2025-02-06 03:25:00+00:00,22.450000762939453,22.450000762939453,22.450000762939453,22.450000762939453,1000,0.0,0.0
2025-02-06 03:30:00+00:00,22.450000762939453,22.450000762939453,22.450000762939453,22.450000762939453,27000,0.0,0.0
2025-02-06 03:35:00+00:00,22.450000762939453,22.450000762939453,22.450000762939453,22.450000762939453,6000,0.0,0.0
2025-02-06 03:40:00+00:00,22.399999618530273,22.399999618530273,22.399999618530273,22.399999618530273,5000,0.0,0.0
2025-02-06 03:45:00+00:00,22.450000762939453,22.5,22.450000762939453,22.5,22021,0.0,0.0
2025-02-06 03:50:00+00:00,22.450000762939453,22.450000762939453,22.450000762939453,22.450000762939453,2063,0.0,0.0
2025-02-06 03:55:00+00:00,22.450000762939453,22.450000762939453,22.450000762939453,22.450000762939453,2000,0.0,0.0
2025-02-06 04:00:00+00:00,22.450000762939453,22.5,22.450000762939453,22.5,28000,0.0,0.0
2025-02-06 04:05:00+00:00,22.5,22.5,22.450000762939453,22.450000762939453,2000,0.0,0.0
2025-02-06 04:10:00+00:00,22.450000762939453,22.450000762939453,22.450000762939453,22.450000762939453,1000,0.0,0.0
2025-02-06 04:15:00+00:00,22.450000762939453,22.5,22.450000762939453,22.450000762939453,3020,0.0,0.0
2025-02-06 04:20:00+00:00,22.450000762939453,22.450000762939453,22.450000762939453,22.450000762939453,10000,0.0,0.0
2025-02-06 04:25:00+00:00,22.5,22.549999237060547,22.450000762939453,22.5,36000,0.0,0.0
2025-02-06 04:30:00+00:00,22.5,22.5,22.5,22.5,10147,0.0,0.0
2025-02-06 04:35:00+00:00,22.450000762939453,22.450000762939453,22.450000762939453,22.450000762939453,25200,0.0,0.0
2025-02-06 04:40:00+00:00,22.450000762939453,22.450000762939453,22.450000762939453,22.450000762939453,1050,0.0,0.0
2025-02-06 04:45:00+00:00,22.5,22.5,22.5,22.5,2033,0.0,0.0
2025-02-06 04:50:00+00:00,22.5,22.5,22.450000762939453,22.450000762939453,10000,0.0,0.0
2025-02-06 05:00:00+00:00,22.450000762939453,22.5,22.450000762939453,22.5,12070,0.0,0.0
2025-02-06 05:05:00+00:00,22.450000762939453,22.5,22.399999618530273,22.399999618530273,15000,0.0,0.0
2025-02-06 05:10:00+00:00,22.450000762939453,22.5,22.399999618530273,22.399999618530273,30000,0.0,0.0
2025-02-06 05:15:00+00:00,22.5,22.549999237060547,22.450000762939453,22.450000762939453,36000,0.0,0.0
2025-02-06 05:20:00+00:00,22.450000762939453,22.5,22.399999618530273,22.5,29060,0.0,0.0
2025-02-07 01:00:00+00:00,22.600000381469727,22.799999237060547,22.399999618530273,22.399999618530273,0,0.0,0.0
2025-02-07 01:05:00+00:00,22.5,22.549999237060547,22.5,22.5,21154,0.0,0.0
2025-02-07 01:10:00+00:00,22.5,22.5,22.450000762939453,22.5,18869,0.0,0.0
2025-02-07 01:15:00+00:00,22.5,22.5,22.450000762939453,22.5,8302,0.0,0.0
2025-02-07 01:20:00+00:00,22.5,22.549999237060547,22.5,22.549999237060547,10000,0.0,0.0
2025-02-07 01:25:00+00:00,22.549999237060547,22.549999237060547,22.549999237060547,22.549999237060547,4000,0.0,0.0
2025-02-07 01:30:00+00:00,22.549999237060547,22.549999237060547,22.549999237060547,22.549999237060547,5000,0.0,0.0
2025-02-07 01:35:00+00:00,22.549999237060547,22.549999237060547,22.5,22.5,7101,0.0,0.0
2025-02-07 01:40:00+00:00,22.5,22.5,22.5,22.5,20000,0.0,0.0
2025-02-07 01:50:00+00:00,22.5,22.5,22.450000762939453,22.5,24000,0.0,0.0
2025-02-07 01:55:00+00:00,22.549999237060547,22.600000381469727,22.549999237060547,22.600000381469727,46000,0.0,0.0
2025-02-07 02:00:00+00:00,22.600000381469727,22.600000381469727,22.549999237060547,22.600000381469727,13000,0.0,0.0
2025-02-07 02:05:00+00:00,22.600000381469727,22.600000381469727,22.600000381469727,22.600000381469727,2015,0.0,0.0
2025-02-07 02:10:00+00:00,22.600000381469727,22.600000381469727,22.600000381469727,22.600000381469727,1000,0.0,0.0
2025-02-07 02:15:00+00:00,22.600000381469727,22.600000381469727,22.600000381469727,22.600000381469727,12055,0.0,0.0
2025-02-07 02:20:00+00:00,22.600000381469727,22.649999618530273,22.600000381469727,22.649999618530273,23200,0.0,0.0
2025-02-07 02:25:00+00:00,22.649999618530273,22.649999618530273,22.649999618530273,22.649999618530273,5035,0.0,0.0
2025-02-07 02:30:00+00:00,22.649999618530273,22.649999618530273,22.600000381469727,22.649999618530273,21000,0.0,0.0
2025-02-07 02:35:00+00:00,22.649999618530273,22.649999618530273,22.649999618530273,22.649999618530273,27395,0.0,0.0
2025-02-07 02:40:00+00:00,22.649999618530273,22.700000762939453,22.649999618530273,22.649999618530273,42105,0.0,0.0
2025-02-07 02:45:00+00:00,22.649999618530273,22.899999618530273,22.649999618530273,22.850000381469727,162556,0.0,0.0
2025-02-07 02:50:00+00:00,22.899999618530273,22.899999618530273,22.799999237060547,22.850000381469727,49301,0.0,0.0
2025-02-07 02:55:00+00:00,22.850000381469727,22.899999618530273,22.850000381469727,22.850000381469727,40122,0.0,0.0
2025-02-07 03:00:00+00:00,22.850000381469727,22.850000381469727,22.850000381469727,22.850000381469727,34014,0.0,0.0
2025-02-07 03:05:00+00:00,22.850000381469727,22.850000381469727,22.850000381469727,22.850000381469727,14000,0.0,0.0
2025-02-07 03:10:00+00:00,22.850000381469727,23.0,22.850000381469727,23.0,241000,0.0,0.0
2025-02-07 03:15:00+00:00,23.0,23.0,22.950000762939453,22.950000762939453,26000,0.0,0.0
2025-02-07 03:20:00+00:00,22.899999618530273,22.899999618530273,22.899999618530273,22.899999618530273,20000,0.0,0.0
2025-02-07 03:25:00+00:00,22.899999618530273,22.899999618530273,22.899999618530273,22.899999618530273,23300,0.0,0.0
2025-02-07 03:30:00+00:00,22.899999618530273,22.899999618530273,22.850000381469727,22.899999618530273,25024,0.0,0.0
2025-02-07 03:35:00+00:00,22.950000762939453,23.0,22.950000762939453,23.0,29036,0.0,0.0
2025-02-07 03:40:00+00:00,23.0,23.0,22.899999618530273,22.950000762939453,48000,0.0,0.0
2025-02-07 03:45:00+00:00,22.950000762939453,22.950000762939453,22.950000762939453,22.950000762939453,10010,0.0,0.0
2025-02-07 03:50:00+00:00,22.950000762939453,22.950000762939453,22.950000762939453,22.950000762939453,9010,0.0,0.0
2025-02-07 03:55:00+00:00,22.950000762939453,22.950000762939453,22.899999618530273,22.899999618530273,7112,0.0,0.0
2025-02-07 04:00:00+00:00,22.950000762939453,22.950000762939453,22.899999618530273,22.950000762939453,9000,0.0,0.0
2025-02-07 04:05:00+00:00,22.950000762939453,22.950000762939453,22.899999618530273,22.950000762939453,5051,0.0,0.0
2025-02-07 04:10:00+00:00,22.950000762939453,22.950000762939453,22.950000762939453,22.950000762939453,1210,0.0,0.0
2025-02-07 04:15:00+00:00,22.950000762939453,22.950000762939453,22.850000381469727,22.850000381469727,58133,0.0,0.0
2025-02-07 04:25:00+00:00,22.850000381469727,22.899999618530273,22.850000381469727,22.899999618530273,21100,0.0,0.0
2025-02-07 04:30:00+00:00,22.899999618530273,22.899999618530273,22.899999618530273,22.899999618530273,21000,0.0,0.0
2025-02-07 04:35:00+00:00,22.899999618530273,22.899999618530273,22.899999618530273,22.899999618530273,1001,0.0,0.0
2025-02-07 04:40:00+00:00,22.850000381469727,22.850000381469727,22.799999237060547,22.850000381469727,66721,0.0,0.0
2025-02-07 04:45:00+00:00,22.850000381469727,22.850000381469727,22.850000381469727,22.850000381469727,1000,0.0,0.0
2025-02-07 04:50:00+00:00,22.850000381469727,22.899999618530273,22.850000381469727,22.899999618530273,6000,0.0,0.0
2025-02-07 04:55:00+00:00,22.899999618530273,22.899999618530273,22.850000381469727,22.850000381469727,3020,0.0,0.0
2025-02-07 05:00:00+00:00,22.850000381469727,22.899999618530273,22.850000381469727,22.899999618530273,17050,0.0,0.0
2025-02-07 05:05:00+00:00,22.899999618530273,22.899999618530273,22.850000381469727,22.899999618530273,12000,0.0,0.0
2025-02-07 05:10:00+00:00,22.899999618530273,22.899999618530273,22.75,22.75,89094,0.0,0.0
2025-02-07 05:15:00+00:00,22.75,22.850000381469727,22.75,22.850000381469727,24467,0.0,0.0
2025-02-07 05:20:00+00:00,22.799999237060547,22.799999237060547,22.75,22.799999237060547,14221,0.0,0.0
2025-02-10 01:00:00+00:00,22.700000762939453,22.700000762939453,22.399999618530273,22.399999618530273,0,0.0,0.0
2025-02-10 01:05:00+00:00,22.450000762939453,22.600000381469727,22.450000762939453,22.549999237060547,28004,0.0,0.0
2025-02-10 01:10:00+00:00,22.549999237060547,22.549999237060547,22.450000762939453,22.450000762939453,16000,0.0,0.0
2025-02-10 01:15:00+00:00,22.549999237060547,22.549999237060547,22.549999237060547,22.549999237060547,10000,0.0,0.0
2025-02-10 01:20:00+00:00,22.549999237060547,22.549999237060547,22.450000762939453,22.5,24000,0.0,0.0
2025-02-10 01:25:00+00:00,22.5,22.549999237060547,22.450000762939453,22.5,12310,0.0,0.0
2025-02-10 01:30:00+00:00,22.5,22.5,22.399999618530273,22.399999618530273,45234,0.0,0.0
2025-02-10 01:35:00+00:00,22.399999618530273,22.450000762939453,22.100000381469727,22.149999618530273,281000,0.0,0.0
2025-02-10 01:40:00+00:00,22.299999237060547,22.450000762939453,22.299999237060547,22.399999618530273,30000,0.0,0.0
2025-02-10 01:45:00+00:00,22.350000381469727,22.399999618530273,22.350000381469727,22.399999618530273,5000,0.0,0.0
2025-02-10 01:50:00+00:00,22.399999618530273,22.450000762939453,22.399999618530273,22.450000762939453,9136,0.0,0.0
2025-02-10 01:55:00+00:00,22.399999618530273,22.399999618530273,22.350000381469727,22.350000381469727,21109,0.0,0.0
2025-02-10 02:00:00+00:00,22.350000381469727,22.350000381469727,22.299999237060547,22.299999237060547,14000,0.0,0.0
2025-02-10 02:05:00+00:00,22.299999237060547,22.399999618530273,22.25,22.399999618530273,42280,0.0,0.0
2025-02-10 02:10:00+00:00,22.399999618530273,22.399999618530273,22.25,22.299999237060547,43000,0.0,0.0
2025-02-10 02:15:00+00:00,22.399999618530273,22.399999618530273,22.399999618530273,22.399999618530273,16652,0.0,0.0
2025-02-10 02:20:00+00:00,22.450000762939453,22.450000762939453,22.450000762939453,22.450000762939453,1000,0.0,0.0
2025-02-10 02:25:00+00:00,22.399999618530273,22.399999618530273,22.399999618530273,22.399999618530273,1000,0.0,0.0
2025-02-10 02:30:00+00:00,22.399999618530273,22.5,22.399999618530273,22.450000762939453,4000,0.0,0.0
2025-02-10 02:35:00+00:00,22.450000762939453,22.450000762939453,22.450000762939453,22.450000762939453,2000,0.0,0.0
2025-02-10 02:40:00+00:00,22.450000762939453,22.450000762939453,22.450000762939453,22.450000762939453,2000,0.0,0.0
2025-02-10 02:45:00+00:00,22.450000762939453,22.450000762939453,22.450000762939453,22.450000762939453,3000,0.0,0.0
2025-02-10 02:50:00+00:00,22.450000762939453,22.450000762939453,22.450000762939453,22.450000762939453,1000,0.0,0.0
2025-02-10 02:55:00+00:00,22.5,22.5,22.5,22.5,1019,0.0,0.0
2025-02-10 03:00:00+00:00,22.5,22.5,22.5,22.5,1000,0.0,0.0
2025-02-10 03:10:00+00:00,22.450000762939453,22.450000762939453,22.450000762939453,22.450000762939453,12000,0.0,0.0
2025-02-10 03:15:00+00:00,22.399999618530273,22.399999618530273,22.399999618530273,22.399999618530273,56000,0.0,0.0
2025-02-10 03:20:00+00:00,22.350000381469727,22.399999618530273,22.350000381469727,22.399999618530273,4001,0.0,0.0
2025-02-10 03:25:00+00:00,22.399999618530273,22.450000762939453,22.399999618530273,22.450000762939453,6000,0.0,0.0
2025-02-10 03:35:00+00:00,22.5,22.5,22.5,22.5,12090,0.0,0.0
2025-02-10 03:40:00+00:00,22.5,22.549999237060547,22.5,22.549999237060547,16150,0.0,0.0
2025-02-10 03:45:00+00:00,22.549999237060547,22.549999237060547,22.549999237060547,22.549999237060547,7000,0.0,0.0
2025-02-10 03:50:00+00:00,22.5,22.5,22.5,22.5,1000,0.0,0.0
2025-02-10 03:55:00+00:00,22.549999237060547,22.549999237060547,22.549999237060547,22.549999237060547,14000,0.0,0.0
2025-02-10 04:00:00+00:00,22.600000381469727,22.649999618530273,22.600000381469727,22.649999618530273,21000,0.0,0.0
2025-02-10 04:05:00+00:00,22.649999618530273,22.649999618530273,22.649999618530273,22.649999618530273,14000,0.0,0.0
2025-02-10 04:10:00+00:00,22.649999618530273,22.649999618530273,22.649999618530273,22.649999618530273,5500,0.0,0.0
2025-02-10 04:15:00+00:00,22.649999618530273,22.649999618530273,22.649999618530273,22.649999618530273,10000,0.0,0.0
2025-02-10 04:20:00+00:00,22.600000381469727,22.700000762939453,22.600000381469727,22.700000762939453,17000,0.0,0.0
2025-02-10 04:25:00+00:00,22.700000762939453,22.700000762939453,22.700000762939453,22.700000762939453,7000,0.0,0.0
2025-02-10 04:30:00+00:00,22.700000762939453,22.700000762939453,22.700000762939453,22.700000762939453,3000,0.0,0.0
2025-02-10 04:35:00+00:00,22.649999618530273,22.75,22.649999618530273,22.75,13000,0.0,0.0
2025-02-10 04:40:00+00:00,22.75,22.75,22.75,22.75,15088,0.0,0.0
2025-02-10 04:45:00+00:00,22.700000762939453,22.700000762939453,22.649999618530273,22.649999618530273,16100,0.0,0.0
2025-02-10 04:50:00+00:00,22.649999618530273,22.649999618530273,22.649999618530273,22.649999618530273,12320,0.0,0.0
2025-02-10 04:55:00+00:00,22.700000762939453,22.700000762939453,22.700000762939453,22.700000762939453,13000,0.0,0.0
2025-02-10 05:00:00+00:00,22.700000762939453,22.700000762939453,22.700000762939453,22.700000762939453,6000,0.0,0.0
2025-02-10 05:05:00+00:00,22.649999618530273,22.700000762939453,22.649999618530273,22.649999618530273,13001,0.0,0.0
2025-02-10 05:10:00+00:00,22.649999618530273,22.75,22.649999618530273,22.700000762939453,33000,0.0,0.0
2025-02-10 05:15:00+00:00,22.700000762939453,22.75,22.700000762939453,22.75,11001,0.0,0.0
2025-02-10 05:20:00+00:00,22.75,22.799999237060547,22.700000762939453,22.799999237060547,37072,0.0,0.0
2025-02-11 01:00:00+00:00,22.899999618530273,23.049999237060547,22.899999618530273,23.0,0,0.0,0.0
2025-02-11 01:05:00+00:00,23.0,23.0,22.950000762939453,23.0,71080,0.0,0.0
2025-02-11 01:10:00+00:00,23.0,23.0,22.950000762939453,22.950000762939453,35168,0.0,0.0
2025-02-11 01:15:00+00:00,23.0,23.0,22.899999618530273,22.899999618530273,19200,0.0,0.0
2025-02-11 01:20:00+00:00,22.899999618530273,22.899999618530273,22.899999618530273,22.899999618530273,3303,0.0,0.0
2025-02-11 01:25:00+00:00,22.950000762939453,22.950000762939453,22.850000381469727,22.850000381469727,31001,0.0,0.0
2025-02-11 01:30:00+00:00,22.850000381469727,22.850000381469727,22.850000381469727,22.850000381469727,10000,0.0,0.0
2025-02-11 01:35:00+00:00,22.850000381469727,22.899999618530273,22.75,22.75,49200,0.0,0.0
2025-02-11 01:40:00+00:00,22.75,22.850000381469727,22.75,22.850000381469727,17000,0.0,0.0
2025-02-11 01:45:00+00:00,22.850000381469727,22.850000381469727,22.850000381469727,22.850000381469727,6020,0.0,0.0
2025-02-11 01:50:00+00:00,22.799999237060547,22.850000381469727,22.799999237060547,22.850000381469727,10000,0.0,0.0
2025-02-11 01:55:00+00:00,22.850000381469727,22.850000381469727,22.850000381469727,22.850000381469727,2001,0.0,0.0
2025-02-11 02:00:00+00:00,22.799999237060547,22.799999237060547,22.75,22.75,40070,0.0,0.0
2025-02-11 02:05:00+00:00,22.75,22.75,22.75,22.75,11010,0.0,0.0
2025-02-11 02:10:00+00:00,22.799999237060547,22.799999237060547,22.799999237060547,22.799999237060547,1000,0.0,0.0
2025-02-11 02:15:00+00:00,22.799999237060547,22.799999237060547,22.700000762939453,22.700000762939453,20001,0.0,0.0
2025-02-11 02:20:00+00:00,22.75,22.75,22.75,22.75,3000,0.0,0.0
2025-02-11 02:25:00+00:00,22.75,22.75,22.75,22.75,2000,0.0,0.0
2025-02-11 02:30:00+00:00,22.75,22.75,22.75,22.75,9000,0.0,0.0
2025-02-11 02:35:00+00:00,22.75,22.75,22.75,22.75,3001,0.0,0.0
2025-02-11 02:40:00+00:00,22.75,22.75,22.75,22.75,4603,0.0,0.0
2025-02-11 02:45:00+00:00,22.75,22.75,22.75,22.75,1000,0.0,0.0
2025-02-11 02:50:00+00:00,22.75,22.75,22.75,22.75,5000,0.0,0.0
2025-02-11 02:55:00+00:00,22.75,22.799999237060547,22.75,22.799999237060547,19050,0.0,0.0
2025-02-11 03:05:00+00:00,22.75,22.75,22.75,22.75,6000,0.0,0.0
2025-02-11 03:10:00+00:00,22.799999237060547,22.799999237060547,22.799999237060547,22.799999237060547,7000,0.0,0.0
2025-02-11 03:15:00+00:00,22.799999237060547,22.799999237060547,22.799999237060547,22.799999237060547,1000,0.0,0.0
2025-02-11 03:20:00+00:00,22.799999237060547,22.799999237060547,22.75,22.75,18204,0.0,0.0
2025-02-11 03:25:00+00:00,22.75,22.75,22.75,22.75,10000,0.0,0.0
2025-02-11 03:30:00+00:00,22.75,22.799999237060547,22.75,22.799999237060547,6348,0.0,0.0
2025-02-11 03:35:00+00:00,22.799999237060547,22.850000381469727,22.799999237060547,22.850000381469727,3000,0.0,0.0
2025-02-11 03:40:00+00:00,22.850000381469727,22.850000381469727,22.850000381469727,22.850000381469727,2100,0.0,0.0
2025-02-11 03:50:00+00:00,22.850000381469727,22.850000381469727,22.799999237060547,22.799999237060547,17245,0.0,0.0
2025-02-11 04:10:00+00:00,22.799999237060547,22.799999237060547,22.75,22.75,27000,0.0,0.0
2025-02-11 04:15:00+00:00,22.75,22.75,22.75,22.75,1000,0.0,0.0
2025-02-11 04:20:00+00:00,22.700000762939453,22.799999237060547,22.700000762939453,22.799999237060547,20000,0.0,0.0
2025-02-11 04:30:00+00:00,22.75,22.799999237060547,22.75,22.75,37000,0.0,0.0
2025-02-11 04:35:00+00:00,22.700000762939453,22.75,22.700000762939453,22.700000762939453,7000,0.0,0.0
2025-02-11 04:40:00+00:00,22.700000762939453,22.75,22.700000762939453,22.75,35100,0.0,0.0
2025-02-11 04:45:00+00:00,22.700000762939453,22.700000762939453,22.700000762939453,22.700000762939453,6000,0.0,0.0
2025-02-11 04:50:00+00:00,22.700000762939453,22.700000762939453,22.700000762939453,22.700000762939453,38887,0.0,0.0
2025-02-11 05:00:00+00:00,22.700000762939453,22.75,22.700000762939453,22.700000762939453,18001,0.0,0.0
2025-02-11 05:05:00+00:00,22.700000762939453,22.75,22.700000762939453,22.700000762939453,5000,0.0,0.0
2025-02-11 05:10:00+00:00,22.649999618530273,22.700000762939453,22.649999618530273,22.700000762939453,9000,0.0,0.0
2025-02-11 05:15:00+00:00,22.700000762939453,22.700000762939453,22.649999618530273,22.700000762939453,11000,0.0,0.0
2025-02-11 05:20:00+00:00,22.649999618530273,22.700000762939453,22.649999618530273,22.700000762939453,14330,0.0,0.0
2025-02-12 01:00:00+00:00,22.600000381469727,22.700000762939453,22.600000381469727,22.649999618530273,0,0.0,0.0
2025-02-12 01:05:00+00:00,22.700000762939453,22.75,22.700000762939453,22.700000762939453,44000,0.0,0.0
2025-02-12 01:10:00+00:00,22.75,22.850000381469727,22.75,22.850000381469727,52042,0.0,0.0
2025-02-12 01:15:00+00:00,22.899999618530273,22.899999618530273,22.850000381469727,22.850000381469727,10000,0.0,0.0
2025-02-12 01:20:00+00:00,22.799999237060547,22.799999237060547,22.75,22.75,12000,0.0,0.0
2025-02-12 01:25:00+00:00,22.75,22.799999237060547,22.75,22.799999237060547,9000,0.0,0.0
2025-02-12 01:30:00+00:00,22.799999237060547,22.799999237060547,22.75,22.799999237060547,20000,0.0,0.0
2025-02-12 01:35:00+00:00,22.799999237060547,22.799999237060547,22.799999237060547,22.799999237060547,1078,0.0,0.0
2025-02-12 01:40:00+00:00,22.75,22.75,22.75,22.75,23422,0.0,0.0
2025-02-12 01:45:00+00:00,22.75,22.75,22.700000762939453,22.700000762939453,7001,0.0,0.0
2025-02-12 01:50:00+00:00,22.700000762939453,22.75,22.700000762939453,22.75,4000,0.0,0.0
2025-02-12 01:55:00+00:00,22.75,22.75,22.75,22.75,1000,0.0,0.0
2025-02-12 02:00:00+00:00,22.75,22.75,22.700000762939453,22.700000762939453,21001,0.0,0.0
2025-02-12 02:05:00+00:00,22.700000762939453,22.700000762939453,22.649999618530273,22.649999618530273,19000,0.0,0.0
2025-02-12 02:10:00+00:00,22.700000762939453,22.75,22.700000762939453,22.700000762939453,20000,0.0,0.0
2025-02-12 02:15:00+00:00,22.700000762939453,22.700000762939453,22.700000762939453,22.700000762939453,8000,0.0,0.0
2025-02-12 02:20:00+00:00,22.649999618530273,22.75,22.649999618530273,22.75,45000,0.0,0.0
2025-02-12 02:25:00+00:00,22.700000762939453,22.700000762939453,22.649999618530273,22.700000762939453,31044,0.0,0.0
2025-02-12 02:35:00+00:00,22.700000762939453,22.700000762939453,22.700000762939453,22.700000762939453,2000,0.0,0.0
2025-02-12 02:40:00+00:00,22.700000762939453,22.700000762939453,22.700000762939453,22.700000762939453,11000,0.0,0.0
2025-02-12 02:45:00+00:00,22.75,22.75,22.700000762939453,22.700000762939453,6000,0.0,0.0
2025-02-12 02:50:00+00:00,22.649999618530273,22.649999618530273,22.549999237060547,22.549999237060547,75000,0.0,0.0
2025-02-12 02:55:00+00:00,22.649999618530273,22.649999618530273,22.600000381469727,22.600000381469727,8000,0.0,0.0
2025-02-12 03:00:00+00:00,22.600000381469727,22.600000381469727,22.600000381469727,22.600000381469727,5350,0.0,0.0
2025-02-12 03:05:00+00:00,22.549999237060547,22.600000381469727,22.549999237060547,22.600000381469727,4000,0.0,0.0
2025-02-12 03:10:00+00:00,22.600000381469727,22.600000381469727,22.600000381469727,22.600000381469727,2000,0.0,0.0
2025-02-12 03:15:00+00:00,22.600000381469727,22.600000381469727,22.600000381469727,22.600000381469727,4000,0.0,0.0
2025-02-12 03:20:00+00:00,22.600000381469727,22.600000381469727,22.549999237060547,22.549999237060547,17005,0.0,0.0
2025-02-12 03:25:00+00:00,22.649999618530273,22.649999618530273,22.649999618530273,22.649999618530273,21000,0.0,0.0
2025-02-12 03:30:00+00:00,22.600000381469727,22.600000381469727,22.549999237060547,22.600000381469727,24000,0.0,0.0
2025-02-12 03:35:00+00:00,22.600000381469727,22.600000381469727,22.549999237060547,22.600000381469727,12000,0.0,0.0
2025-02-12 03:40:00+00:00,22.600000381469727,22.600000381469727,22.600000381469727,22.600000381469727,1000,0.0,0.0
2025-02-12 03:45:00+00:00,22.600000381469727,22.649999618530273,22.600000381469727,22.649999618530273,33000,0.0,0.0
2025-02-12 03:50:00+00:00,22.600000381469727,22.600000381469727,22.600000381469727,22.600000381469727,1500,0.0,0.0
2025-02-12 03:55:00+00:00,22.600000381469727,22.600000381469727,22.600000381469727,22.600000381469727,51000,0.0,0.0
2025-02-12 04:00:00+00:00,22.600000381469727,22.649999618530273,22.600000381469727,22.649999618530273,11000,0.0,0.0
2025-02-12 04:05:00+00:00,22.600000381469727,22.600000381469727,22.600000381469727,22.600000381469727,27000,0.0,0.0
2025-02-12 04:10:00+00:00,22.649999618530273,22.649999618530273,22.5,22.549999237060547,59000,0.0,0.0
2025-02-12 04:15:00+00:00,22.600000381469727,22.600000381469727,22.600000381469727,22.600000381469727,1000,0.0,0.0
2025-02-12 04:20:00+00:00,22.649999618530273,22.649999618530273,22.600000381469727,22.600000381469727,9050,0.0,0.0
2025-02-12 04:25:00+00:00,22.549999237060547,22.600000381469727,22.549999237060547,22.600000381469727,8000,0.0,0.0
2025-02-12 04:30:00+00:00,22.549999237060547,22.600000381469727,22.549999237060547,22.549999237060547,7000,0.0,0.0
2025-02-12 04:35:00+00:00,22.549999237060547,22.600000381469727,22.549999237060547,22.600000381469727,12000,0.0,0.0
2025-02-12 04:40:00+00:00,22.600000381469727,22.600000381469727,22.549999237060547,22.549999237060547,21000,0.0,0.0
2025-02-12 04:45:00+00:00,22.600000381469727,22.600000381469727,22.600000381469727,22.600000381469727,6000,0.0,0.0
2025-02-12 04:50:00+00:00,22.600000381469727,22.600000381469727,22.600000381469727,22.600000381469727,7002,0.0,0.0
2025-02-12 04:55:00+00:00,22.600000381469727,22.600000381469727,22.600000381469727,22.600000381469727,1000,0.0,0.0
2025-02-12 05:00:00+00:00,22.600000381469727,22.600000381469727,22.549999237060547,22.600000381469727,25001,0.0,0.0
2025-02-12 05:05:00+00:00,22.600000381469727,22.600000381469727,22.600000381469727,22.600000381469727,1000,0.0,0.0
2025-02-12 05:10:00+00:00,22.600000381469727,22.600000381469727,22.600000381469727,22.600000381469727,1230,0.0,0.0
2025-02-12 05:15:00+00:00,22.549999237060547,22.600000381469727,22.549999237060547,22.549999237060547,12021,0.0,0.0
2025-02-12 05:20:00+00:00,22.549999237060547,22.600000381469727,22.5,22.5,70471,0.0,0.0
2025-02-13 01:00:00+00:00,22.75,22.799999237060547,22.649999618530273,22.799999237060547,0,0.0,0.0
2025-02-13 01:05:00+00:00,22.799999237060547,22.899999618530273,22.799999237060547,22.850000381469727,81024,0.0,0.0
2025-02-13 01:10:00+00:00,22.850000381469727,22.850000381469727,22.850000381469727,22.850000381469727,27039,0.0,0.0
2025-02-13 01:15:00+00:00,22.850000381469727,22.899999618530273,22.850000381469727,22.850000381469727,34000,0.0,0.0
2025-02-13 01:20:00+00:00,22.850000381469727,22.950000762939453,22.850000381469727,22.899999618530273,55052,0.0,0.0
2025-02-13 01:25:00+00:00,22.850000381469727,22.850000381469727,22.850000381469727,22.850000381469727,9000,0.0,0.0
2025-02-13 01:30:00+00:00,22.899999618530273,22.899999618530273,22.850000381469727,22.850000381469727,4000,0.0,0.0
2025-02-13 01:35:00+00:00,22.799999237060547,22.850000381469727,22.799999237060547,22.850000381469727,33030,0.0,0.0
2025-02-13 01:40:00+00:00,22.850000381469727,22.850000381469727,22.850000381469727,22.850000381469727,1002,0.0,0.0
2025-02-13 01:45:00+00:00,22.799999237060547,22.850000381469727,22.799999237060547,22.850000381469727,11000,0.0,0.0
2025-02-13 01:50:00+00:00,22.850000381469727,22.899999618530273,22.850000381469727,22.899999618530273,4100,0.0,0.0
2025-02-13 01:55:00+00:00,22.899999618530273,22.899999618530273,22.899999618530273,22.899999618530273,7001,0.0,0.0
2025-02-13 02:00:00+00:00,22.899999618530273,22.899999618530273,22.850000381469727,22.850000381469727,3000,0.0,0.0
2025-02-13 02:05:00+00:00,22.899999618530273,22.899999618530273,22.899999618530273,22.899999618530273,18000,0.0,0.0
2025-02-13 02:10:00+00:00,22.899999618530273,22.899999618530273,22.850000381469727,22.850000381469727,44001,0.0,0.0
2025-02-13 02:15:00+00:00,22.899999618530273,22.899999618530273,22.899999618530273,22.899999618530273,3005,0.0,0.0
2025-02-13 02:20:00+00:00,22.850000381469727,22.850000381469727,22.850000381469727,22.850000381469727,6109,0.0,0.0
2025-02-13 02:25:00+00:00,22.799999237060547,22.850000381469727,22.799999237060547,22.850000381469727,8000,0.0,0.0
2025-02-13 02:30:00+00:00,22.850000381469727,22.850000381469727,22.850000381469727,22.850000381469727,3026,0.0,0.0
2025-02-13 02:35:00+00:00,22.850000381469727,22.899999618530273,22.850000381469727,22.850000381469727,22000,0.0,0.0
2025-02-13 02:40:00+00:00,22.850000381469727,22.850000381469727,22.850000381469727,22.850000381469727,8000,0.0,0.0
2025-02-13 02:45:00+00:00,22.850000381469727,22.899999618530273,22.799999237060547,22.799999237060547,49000,0.0,0.0
2025-02-13 02:50:00+00:00,22.75,22.799999237060547,22.75,22.799999237060547,11000,0.0,0.0
2025-02-13 02:55:00+00:00,22.799999237060547,22.799999237060547,22.799999237060547,22.799999237060547,10000,0.0,0.0
2025-02-13 03:00:00+00:00,22.850000381469727,22.850000381469727,22.850000381469727,22.850000381469727,13000,0.0,0.0
2025-02-13 03:05:00+00:00,22.850000381469727,22.850000381469727,22.850000381469727,22.850000381469727,3000,0.0,0.0
2025-02-13 03:10:00+00:00,22.850000381469727,22.850000381469727,22.799999237060547,22.799999237060547,24000,0.0,0.0
2025-02-13 03:15:00+00:00,22.75,22.899999618530273,22.75,22.899999618530273,40001,0.0,0.0
2025-02-13 03:20:00+00:00,22.899999618530273,22.899999618530273,22.75,22.799999237060547,20000,0.0,0.0
2025-02-13 03:25:00+00:00,22.75,22.75,22.75,22.75,1002,0.0,0.0
2025-02-13 03:30:00+00:00,22.75,22.75,22.700000762939453,22.700000762939453,35060,0.0,0.0
2025-02-13 03:40:00+00:00,22.700000762939453,22.799999237060547,22.700000762939453,22.799999237060547,39000,0.0,0.0
2025-02-13 03:45:00+00:00,22.799999237060547,22.799999237060547,22.799999237060547,22.799999237060547,10000,0.0,0.0
2025-02-13 03:55:00+00:00,22.75,22.75,22.75,22.75,38000,0.0,0.0
2025-02-13 04:00:00+00:00,22.75,22.75,22.75,22.75,7000,0.0,0.0
2025-02-13 04:05:00+00:00,22.75,22.799999237060547,22.700000762939453,22.799999237060547,16000,0.0,0.0
2025-02-13 04:10:00+00:00,22.75,23.0,22.75,23.0,330000,0.0,0.0
2025-02-13 04:15:00+00:00,23.0,23.0,23.0,23.0,26040,0.0,0.0
2025-02-13 04:20:00+00:00,23.0,23.0,22.950000762939453,22.950000762939453,31461,0.0,0.0
2025-02-13 04:25:00+00:00,22.950000762939453,22.950000762939453,22.950000762939453,22.950000762939453,14500,0.0,0.0
2025-02-13 04:30:00+00:00,22.950000762939453,22.950000762939453,22.950000762939453,22.950000762939453,3889,0.0,0.0
2025-02-13 04:35:00+00:00,22.950000762939453,22.950000762939453,22.899999618530273,22.899999618530273,119025,0.0,0.0
2025-02-13 04:40:00+00:00,22.850000381469727,22.950000762939453,22.850000381469727,22.950000762939453,24301,0.0,0.0
2025-02-13 04:45:00+00:00,22.950000762939453,22.950000762939453,22.899999618530273,22.950000762939453,9603,0.0,0.0
2025-02-13 04:50:00+00:00,22.850000381469727,22.850000381469727,22.850000381469727,22.850000381469727,9121,0.0,0.0
2025-02-13 04:55:00+00:00,22.850000381469727,22.850000381469727,22.850000381469727,22.850000381469727,16279,0.0,0.0
2025-02-13 05:00:00+00:00,22.850000381469727,22.899999618530273,22.850000381469727,22.850000381469727,26000,0.0,0.0
2025-02-13 05:05:00+00:00,22.850000381469727,22.850000381469727,22.850000381469727,22.850000381469727,8001,0.0,0.0
2025-02-13 05:10:00+00:00,22.850000381469727,22.899999618530273,22.850000381469727,22.850000381469727,16099,0.0,0.0
2025-02-13 05:15:00+00:00,22.850000381469727,22.850000381469727,22.850000381469727,22.850000381469727,9000,0.0,0.0
2025-02-13 05:20:00+00:00,22.850000381469727,22.899999618530273,22.850000381469727,22.850000381469727,21208,0.0,0.0
2025-02-14 01:00:00+00:00,22.899999618530273,22.899999618530273,22.75,22.75,0,0.0,0.0
2025-02-14 01:05:00+00:00,22.799999237060547,22.799999237060547,22.75,22.75,28012,0.0,0.0
2025-02-14 01:10:00+00:00,22.700000762939453,22.75,22.700000762939453,22.700000762939453,57000,0.0,0.0
2025-02-14 01:15:00+00:00,22.700000762939453,22.700000762939453,22.649999618530273,22.649999618530273,63110,0.0,0.0
2025-02-14 01:20:00+00:00,22.649999618530273,22.700000762939453,22.649999618530273,22.700000762939453,9000,0.0,0.0
2025-02-14 01:25:00+00:00,22.700000762939453,22.700000762939453,22.700000762939453,22.700000762939453,24400,0.0,0.0
2025-02-14 01:30:00+00:00,22.700000762939453,22.700000762939453,22.649999618530273,22.649999618530273,43000,0.0,0.0
2025-02-14 01:35:00+00:00,22.649999618530273,22.700000762939453,22.649999618530273,22.649999618530273,27000,0.0,0.0
2025-02-14 01:40:00+00:00,22.700000762939453,22.700000762939453,22.700000762939453,22.700000762939453,2000,0.0,0.0
2025-02-14 01:45:00+00:00,22.700000762939453,22.75,22.700000762939453,22.75,3000,0.0,0.0
2025-02-14 01:50:00+00:00,22.75,22.75,22.75,22.75,19015,0.0,0.0
2025-02-14 01:55:00+00:00,22.75,22.75,22.75,22.75,2000,0.0,0.0
2025-02-14 02:00:00+00:00,22.700000762939453,22.700000762939453,22.700000762939453,22.700000762939453,19000,0.0,0.0
2025-02-14 02:05:00+00:00,22.75,22.75,22.700000762939453,22.700000762939453,18000,0.0,0.0
2025-02-14 02:10:00+00:00,22.700000762939453,22.75,22.700000762939453,22.75,5000,0.0,0.0
2025-02-14 02:15:00+00:00,22.75,22.799999237060547,22.75,22.75,11002,0.0,0.0
2025-02-14 02:20:00+00:00,22.75,22.799999237060547,22.75,22.799999237060547,19000,0.0,0.0
2025-02-14 02:25:00+00:00,22.799999237060547,22.850000381469727,22.799999237060547,22.850000381469727,24024,0.0,0.0
2025-02-14 02:30:00+00:00,22.850000381469727,22.850000381469727,22.850000381469727,22.850000381469727,4001,0.0,0.0
2025-02-14 02:35:00+00:00,22.850000381469727,22.899999618530273,22.850000381469727,22.850000381469727,14000,0.0,0.0
2025-02-14 02:40:00+00:00,22.899999618530273,22.950000762939453,22.899999618530273,22.950000762939453,35001,0.0,0.0
2025-02-14 02:45:00+00:00,22.899999618530273,22.899999618530273,22.850000381469727,22.850000381469727,20001,0.0,0.0
2025-02-14 02:50:00+00:00,22.850000381469727,22.850000381469727,22.799999237060547,22.850000381469727,117000,0.0,0.0
2025-02-14 02:55:00+00:00,22.850000381469727,22.899999618530273,22.850000381469727,22.850000381469727,23010,0.0,0.0
2025-02-14 03:00:00+00:00,22.850000381469727,22.850000381469727,22.850000381469727,22.850000381469727,4025,0.0,0.0
2025-02-14 03:05:00+00:00,22.850000381469727,22.850000381469727,22.799999237060547,22.799999237060547,20183,0.0,0.0
2025-02-14 03:10:00+00:00,22.799999237060547,22.850000381469727,22.799999237060547,22.850000381469727,15200,0.0,0.0
2025-02-14 03:15:00+00:00,22.850000381469727,22.850000381469727,22.850000381469727,22.850000381469727,17000,0.0,0.0
2025-02-14 03:20:00+00:00,22.850000381469727,22.850000381469727,22.850000381469727,22.850000381469727,5033,0.0,0.0
2025-02-14 03:25:00+00:00,22.850000381469727,22.850000381469727,22.799999237060547,22.799999237060547,14088,0.0,0.0
2025-02-14 03:30:00+00:00,22.799999237060547,22.799999237060547,22.799999237060547,22.799999237060547,2000,0.0,0.0
2025-02-14 03:35:00+00:00,22.799999237060547,22.799999237060547,22.799999237060547,22.799999237060547,6079,0.0,0.0
2025-02-14 03:40:00+00:00,22.850000381469727,22.850000381469727,22.850000381469727,22.850000381469727,14000,0.0,0.0
2025-02-14 03:45:00+00:00,22.850000381469727,22.850000381469727,22.799999237060547,22.799999237060547,2000,0.0,0.0
2025-02-14 03:50:00+00:00,22.850000381469727,22.850000381469727,22.850000381469727,22.850000381469727,46000,0.0,0.0
2025-02-14 03:55:00+00:00,22.850000381469727,22.850000381469727,22.850000381469727,22.850000381469727,2000,0.0,0.0
2025-02-14 04:00:00+00:00,22.899999618530273,22.899999618530273,22.899999618530273,22.899999618530273,37000,0.0,0.0
2025-02-14 04:05:00+00:00,22.899999618530273,22.899999618530273,22.899999618530273,22.899999618530273,9000,0.0,0.0
2025-02-14 04:10:00+00:00,22.899999618530273,22.899999618530273,22.899999618530273,22.899999618530273,29000,0.0,0.0
2025-02-14 04:20:00+00:00,22.899999618530273,22.950000762939453,22.899999618530273,22.950000762939453,6000,0.0,0.0
2025-02-14 04:25:00+00:00,22.950000762939453,22.950000762939453,22.950000762939453,22.950000762939453,1000,0.0,0.0
2025-02-14 04:30:00+00:00,22.950000762939453,22.950000762939453,22.899999618530273,22.950000762939453,50300,0.0,0.0
2025-02-14 04:35:00+00:00,22.950000762939453,23.0,22.950000762939453,23.0,5000,0.0,0.0
2025-02-14 04:40:00+00:00,23.0,23.0,22.950000762939453,22.950000762939453,30015,0.0,0.0
2025-02-14 04:45:00+00:00,22.950000762939453,22.950000762939453,22.950000762939453,22.950000762939453,24000,0.0,0.0
2025-02-14 04:50:00+00:00,22.950000762939453,22.950000762939453,22.899999618530273,22.899999618530273,45000,0.0,0.0
2025-02-14 04:55:00+00:00,22.899999618530273,22.950000762939453,22.899999618530273,22.899999618530273,53000,0.0,0.0
2025-02-14 05:00:00+00:00,22.950000762939453,23.0,22.950000762939453,22.950000762939453,16015,0.0,0.0
2025-02-14 05:05:00+00:00,22.950000762939453,22.950000762939453,22.899999618530273,22.899999618530273,11000,0.0,0.0
2025-02-14 05:10:00+00:00,22.950000762939453,22.950000762939453,22.899999618530273,22.899999618530273,23020,0.0,0.0
2025-02-14 05:15:00+00:00,22.899999618530273,22.950000762939453,22.899999618530273,22.899999618530273,11000,0.0,0.0
2025-02-14 05:20:00+00:00,22.899999618530273,22.950000762939453,22.899999618530273,22.899999618530273,52026,0.0,0.0
2025-02-17 01:00:00+00:00,23.0,23.0,22.899999618530273,22.950000762939453,0,0.0,0.0
2025-02-17 01:05:00+00:00,22.950000762939453,22.950000762939453,22.850000381469727,22.850000381469727,37170,0.0,0.0
2025-02-17 01:10:00+00:00,22.799999237060547,22.799999237060547,22.700000762939453,22.75,48209,0.0,0.0
2025-02-17 01:15:00+00:00,22.75,22.75,22.700000762939453,22.700000762939453,27000,0.0,0.0
2025-02-17 01:20:00+00:00,22.700000762939453,22.75,22.700000762939453,22.75,69000,0.0,0.0
2025-02-17 01:25:00+00:00,22.75,22.799999237060547,22.75,22.799999237060547,15000,0.0,0.0
2025-02-17 01:30:00+00:00,22.799999237060547,22.799999237060547,22.700000762939453,22.700000762939453,24000,0.0,0.0
2025-02-17 01:35:00+00:00,22.700000762939453,22.75,22.700000762939453,22.700000762939453,32000,0.0,0.0
2025-02-17 01:40:00+00:00,22.700000762939453,22.700000762939453,22.600000381469727,22.649999618530273,160275,0.0,0.0
2025-02-17 01:45:00+00:00,22.649999618530273,22.700000762939453,22.649999618530273,22.700000762939453,29000,0.0,0.0
2025-02-17 01:50:00+00:00,22.700000762939453,22.75,22.700000762939453,22.75,2000,0.0,0.0
2025-02-17 01:55:00+00:00,22.75,22.899999618530273,22.649999618530273,22.700000762939453,77191,0.0,0.0
2025-02-17 02:05:00+00:00,22.75,22.75,22.700000762939453,22.700000762939453,11023,0.0,0.0
2025-02-17 02:15:00+00:00,22.700000762939453,22.700000762939453,22.649999618530273,22.649999618530273,10500,0.0,0.0
2025-02-17 02:20:00+00:00,22.700000762939453,22.700000762939453,22.649999618530273,22.649999618530273,8000,0.0,0.0
2025-02-17 02:25:00+00:00,22.700000762939453,22.75,22.649999618530273,22.75,37066,0.0,0.0
2025-02-17 02:30:00+00:00,22.75,22.799999237060547,22.75,22.799999237060547,4000,0.0,0.0
2025-02-17 02:35:00+00:00,22.799999237060547,22.799999237060547,22.799999237060547,22.799999237060547,1000,0.0,0.0
2025-02-17 02:40:00+00:00,22.799999237060547,22.799999237060547,22.75,22.75,18000,0.0,0.0
2025-02-17 02:45:00+00:00,22.75,22.75,22.75,22.75,8010,0.0,0.0
2025-02-17 02:50:00+00:00,22.75,22.75,22.75,22.75,2045,0.0,0.0
2025-02-17 02:55:00+00:00,22.799999237060547,22.799999237060547,22.75,22.75,5000,0.0,0.0
2025-02-17 03:00:00+00:00,22.799999237060547,22.850000381469727,22.75,22.850000381469727,22101,0.0,0.0
2025-02-17 03:05:00+00:00,22.799999237060547,22.799999237060547,22.799999237060547,22.799999237060547,2000,0.0,0.0
2025-02-17 03:10:00+00:00,22.799999237060547,22.799999237060547,22.799999237060547,22.799999237060547,5001,0.0,0.0
2025-02-17 03:15:00+00:00,22.799999237060547,22.799999237060547,22.799999237060547,22.799999237060547,6000,0.0,0.0
2025-02-17 03:20:00+00:00,22.799999237060547,22.799999237060547,22.799999237060547,22.799999237060547,17000,0.0,0.0
2025-02-17 03:25:00+00:00,22.799999237060547,22.799999237060547,22.799999237060547,22.799999237060547,5001,0.0,0.0
2025-02-17 03:30:00+00:00,22.799999237060547,22.799999237060547,22.799999237060547,22.799999237060547,19006,0.0,0.0
2025-02-17 03:35:00+00:00,22.799999237060547,22.799999237060547,22.799999237060547,22.799999237060547,4001,0.0,0.0
2025-02-17 03:40:00+00:00,22.799999237060547,22.799999237060547,22.799999237060547,22.799999237060547,27001,0.0,0.0
2025-02-17 03:45:00+00:00,22.799999237060547,22.799999237060547,22.75,22.75,22002,0.0,0.0
2025-02-17 03:55:00+00:00,22.75,22.799999237060547,22.75,22.799999237060547,29001,0.0,0.0
2025-02-17 04:00:00+00:00,22.75,22.75,22.700000762939453,22.75,31076,0.0,0.0
2025-02-17 04:10:00+00:00,22.75,22.75,22.700000762939453,22.700000762939453,4000,0.0,0.0
2025-02-17 04:15:00+00:00,22.700000762939453,22.700000762939453,22.700000762939453,22.700000762939453,3001,0.0,0.0
2025-02-17 04:20:00+00:00,22.75,22.75,22.700000762939453,22.700000762939453,37000,0.0,0.0
2025-02-17 04:25:00+00:00,22.700000762939453,22.700000762939453,22.700000762939453,22.700000762939453,9020,0.0,0.0
2025-02-17 04:30:00+00:00,22.700000762939453,22.75,22.700000762939453,22.700000762939453,7000,0.0,0.0
2025-02-17 04:35:00+00:00,22.700000762939453,22.75,22.700000762939453,22.75,4564,0.0,0.0
2025-02-17 04:40:00+00:00,22.75,22.75,22.700000762939453,22.700000762939453,29000,0.0,0.0
2025-02-17 04:45:00+00:00,22.700000762939453,22.700000762939453,22.700000762939453,22.700000762939453,24000,0.0,0.0
2025-02-17 04:50:00+00:00,22.700000762939453,22.700000762939453,22.649999618530273,22.700000762939453,30340,0.0,0.0
2025-02-17 04:55:00+00:00,22.700000762939453,22.75,22.649999618530273,22.75,59054,0.0,0.0
2025-02-17 05:00:00+00:00,22.75,22.75,22.75,22.75,18000,0.0,0.0
2025-02-17 05:05:00+00:00,22.75,22.75,22.700000762939453,22.700000762939453,11031,0.0,0.0
2025-02-17 05:10:00+00:00,22.700000762939453,22.75,22.700000762939453,22.75,13000,0.0,0.0
2025-02-17 05:15:00+00:00,22.700000762939453,22.75,22.700000762939453,22.75,22230,0.0,0.0
2025-02-17 05:20:00+00:00,22.799999237060547,22.799999237060547,22.700000762939453,22.700000762939453,34538,0.0,0.0
2025-02-18 01:00:00+00:00,22.700000762939453,22.899999618530273,22.700000762939453,22.850000381469727,0,0.0,0.0
2025-02-18 01:05:00+00:00,22.850000381469727,22.850000381469727,22.799999237060547,22.799999237060547,13004,0.0,0.0
2025-02-18 01:10:00+00:00,22.799999237060547,22.799999237060547,22.75,22.799999237060547,6000,0.0,0.0
2025-02-18 01:15:00+00:00,22.75,22.75,22.700000762939453,22.75,24000,0.0,0.0
2025-02-18 01:20:00+00:00,22.75,22.75,22.649999618530273,22.75,61000,0.0,0.0
2025-02-18 01:25:00+00:00,22.75,22.75,22.75,22.75,9020,0.0,0.0
2025-02-18 01:30:00+00:00,22.75,22.75,22.75,22.75,19141,0.0,0.0
2025-02-18 01:35:00+00:00,22.700000762939453,22.700000762939453,22.649999618530273,22.649999618530273,24089,0.0,0.0
2025-02-18 01:40:00+00:00,22.649999618530273,22.700000762939453,22.600000381469727,22.649999618530273,83150,0.0,0.0
2025-02-18 01:45:00+00:00,22.649999618530273,22.649999618530273,22.649999618530273,22.649999618530273,18062,0.0,0.0
2025-02-18 01:50:00+00:00,22.700000762939453,22.700000762939453,22.649999618530273,22.649999618530273,3000,0.0,0.0
2025-02-18 01:55:00+00:00,22.649999618530273,22.649999618530273,22.649999618530273,22.649999618530273,20574,0.0,0.0
2025-02-18 02:00:00+00:00,22.649999618530273,22.649999618530273,22.649999618530273,22.649999618530273,13211,0.0,0.0
2025-02-18 02:05:00+00:00,22.649999618530273,22.649999618530273,22.649999618530273,22.649999618530273,1000,0.0,0.0
2025-02-18 02:10:00+00:00,22.649999618530273,22.700000762939453,22.649999618530273,22.700000762939453,4200,0.0,0.0
2025-02-18 02:15:00+00:00,22.700000762939453,22.700000762939453,22.700000762939453,22.700000762939453,2000,0.0,0.0
2025-02-18 02:20:00+00:00,22.700000762939453,22.700000762939453,22.600000381469727,22.649999618530273,61061,0.0,0.0
2025-02-18 02:25:00+00:00,22.649999618530273,22.649999618530273,22.600000381469727,22.600000381469727,9001,0.0,0.0
2025-02-18 02:30:00+00:00,22.600000381469727,22.600000381469727,22.600000381469727,22.600000381469727,8010,0.0,0.0
2025-02-18 02:35:00+00:00,22.600000381469727,22.649999618530273,22.600000381469727,22.649999618530273,14000,0.0,0.0
2025-02-18 02:40:00+00:00,22.649999618530273,22.649999618530273,22.600000381469727,22.600000381469727,8028,0.0,0.0
2025-02-18 02:45:00+00:00,22.600000381469727,22.600000381469727,22.600000381469727,22.600000381469727,33000,0.0,0.0
2025-02-18 02:50:00+00:00,22.649999618530273,22.649999618530273,22.600000381469727,22.600000381469727,6822,0.0,0.0
2025-02-18 02:55:00+00:00,22.600000381469727,22.649999618530273,22.600000381469727,22.649999618530273,5050,0.0,0.0
2025-02-18 03:00:00+00:00,22.600000381469727,22.600000381469727,22.600000381469727,22.600000381469727,9150,0.0,0.0
2025-02-18 03:05:00+00:00,22.600000381469727,22.600000381469727,22.600000381469727,22.600000381469727,4000,0.0,0.0
2025-02-18 03:10:00+00:00,22.600000381469727,22.600000381469727,22.549999237060547,22.549999237060547,31000,0.0,0.0
2025-02-18 03:15:00+00:00,22.549999237060547,22.600000381469727,22.549999237060547,22.549999237060547,16000,0.0,0.0
2025-02-18 03:20:00+00:00,22.549999237060547,22.600000381469727,22.549999237060547,22.549999237060547,8000,0.0,0.0
2025-02-18 03:25:00+00:00,22.549999237060547,22.600000381469727,22.549999237060547,22.549999237060547,13000,0.0,0.0
2025-02-18 03:30:00+00:00,22.549999237060547,22.549999237060547,22.5,22.5,14000,0.0,0.0
2025-02-18 03:35:00+00:00,22.5,22.549999237060547,22.5,22.549999237060547,19000,0.0,0.0
2025-02-18 03:40:00+00:00,22.549999237060547,22.549999237060547,22.5,22.5,9301,0.0,0.0
2025-02-18 03:45:00+00:00,22.5,22.549999237060547,22.450000762939453,22.450000762939453,87000,0.0,0.0
2025-02-18 03:50:00+00:00,22.5,22.5,22.450000762939453,22.450000762939453,23000,0.0,0.0
2025-02-18 03:55:00+00:00,22.450000762939453,22.450000762939453,22.399999618530273,22.450000762939453,59768,0.0,0.0
2025-02-18 04:00:00+00:00,22.450000762939453,22.450000762939453,22.450000762939453,22.450000762939453,6000,0.0,0.0
2025-02-18 04:05:00+00:00,22.450000762939453,22.450000762939453,22.399999618530273,22.450000762939453,8200,0.0,0.0
2025-02-18 04:10:00+00:00,22.450000762939453,22.450000762939453,22.450000762939453,22.450000762939453,10000,0.0,0.0
2025-02-18 04:15:00+00:00,22.450000762939453,22.450000762939453,22.450000762939453,22.450000762939453,22000,0.0,0.0
2025-02-18 04:20:00+00:00,22.450000762939453,22.450000762939453,22.450000762939453,22.450000762939453,24030,0.0,0.0
2025-02-18 04:25:00+00:00,22.450000762939453,22.450000762939453,22.450000762939453,22.450000762939453,3030,0.0,0.0
2025-02-18 04:30:00+00:00,22.450000762939453,22.450000762939453,22.450000762939453,22.450000762939453,2000,0.0,0.0
2025-02-18 04:35:00+00:00,22.450000762939453,22.450000762939453,22.450000762939453,22.450000762939453,4000,0.0,0.0
2025-02-18 04:40:00+00:00,22.399999618530273,22.450000762939453,22.399999618530273,22.399999618530273,16000,0.0,0.0
2025-02-18 04:45:00+00:00,22.450000762939453,22.450000762939453,22.450000762939453,22.450000762939453,10000,0.0,0.0
2025-02-18 04:50:00+00:00,22.450000762939453,22.450000762939453,22.450000762939453,22.450000762939453,5095,0.0,0.0
2025-02-18 04:55:00+00:00,22.399999618530273,22.450000762939453,22.399999618530273,22.399999618530273,6000,0.0,0.0
2025-02-18 05:00:00+00:00,22.399999618530273,22.450000762939453,22.25,22.399999618530273,203631,0.0,0.0
2025-02-18 05:05:00+00:00,22.350000381469727,22.350000381469727,22.350000381469727,22.350000381469727,7000,0.0,0.0
2025-02-18 05:10:00+00:00,22.350000381469727,22.350000381469727,22.299999237060547,22.299999237060547,49150,0.0,0.0
2025-02-18 05:15:00+00:00,22.299999237060547,22.350000381469727,22.299999237060547,22.299999237060547,8001,0.0,0.0
2025-02-18 05:20:00+00:00,22.299999237060547,22.399999618530273,22.299999237060547,22.350000381469727,102648,0.0,0.0
2025-02-19 01:00:00+00:00,22.299999237060547,22.600000381469727,22.299999237060547,22.549999237060547,0,0.0,0.0
2025-02-19 01:05:00+00:00,22.549999237060547,22.649999618530273,22.450000762939453,22.649999618530273,117151,0.0,0.0
2025-02-19 01:10:00+00:00,22.649999618530273,22.649999618530273,22.549999237060547,22.549999237060547,35170,0.0,0.0
2025-02-19 01:15:00+00:00,22.600000381469727,22.600000381469727,22.450000762939453,22.5,23000,0.0,0.0
2025-02-19 01:20:00+00:00,22.5,22.5,22.450000762939453,22.450000762939453,7090,0.0,0.0
2025-02-19 01:25:00+00:00,22.450000762939453,22.549999237060547,22.450000762939453,22.549999237060547,20000,0.0,0.0
2025-02-19 01:30:00+00:00,22.549999237060547,22.549999237060547,22.549999237060547,22.549999237060547,1000,0.0,0.0
2025-02-19 01:35:00+00:00,22.600000381469727,22.700000762939453,22.600000381469727,22.649999618530273,94000,0.0,0.0
2025-02-19 01:40:00+00:00,22.700000762939453,22.799999237060547,22.700000762939453,22.75,115601,0.0,0.0
2025-02-19 01:45:00+00:00,22.75,22.75,22.649999618530273,22.700000762939453,68000,0.0,0.0
2025-02-19 01:50:00+00:00,22.700000762939453,22.799999237060547,22.700000762939453,22.75,63508,0.0,0.0
2025-02-19 01:55:00+00:00,22.700000762939453,22.75,22.649999618530273,22.649999618530273,21029,0.0,0.0
2025-02-19 02:00:00+00:00,22.649999618530273,22.649999618530273,22.600000381469727,22.600000381469727,24000,0.0,0.0
2025-02-19 02:05:00+00:00,22.600000381469727,22.649999618530273,22.549999237060547,22.549999237060547,27001,0.0,0.0
2025-02-19 02:10:00+00:00,22.649999618530273,22.700000762939453,22.600000381469727,22.600000381469727,31100,0.0,0.0
2025-02-19 02:15:00+00:00,22.600000381469727,22.600000381469727,22.600000381469727,22.600000381469727,7000,0.0,0.0
2025-02-19 02:20:00+00:00,22.600000381469727,22.600000381469727,22.549999237060547,22.549999237060547,12300,0.0,0.0
2025-02-19 02:25:00+00:00,22.549999237060547,22.549999237060547,22.5,22.5,20100,0.0,0.0
2025-02-19 02:30:00+00:00,22.5,22.549999237060547,22.5,22.549999237060547,21000,0.0,0.0
2025-02-19 02:35:00+00:00,22.600000381469727,22.600000381469727,22.549999237060547,22.600000381469727,17052,0.0,0.0
2025-02-19 02:40:00+00:00,22.549999237060547,22.549999237060547,22.5,22.5,11000,0.0,0.0
2025-02-19 02:45:00+00:00,22.549999237060547,22.600000381469727,22.549999237060547,22.549999237060547,8001,0.0,0.0
2025-02-19 02:50:00+00:00,22.549999237060547,22.549999237060547,22.549999237060547,22.549999237060547,1000,0.0,0.0
2025-02-19 02:55:00+00:00,22.600000381469727,22.600000381469727,22.5,22.549999237060547,45149,0.0,0.0
2025-02-19 03:00:00+00:00,22.5,22.5,22.5,22.5,1398,0.0,0.0
2025-02-19 03:05:00+00:00,22.5,22.549999237060547,22.5,22.5,12030,0.0,0.0
2025-02-19 03:10:00+00:00,22.5,22.549999237060547,22.5,22.549999237060547,5000,0.0,0.0
2025-02-19 03:15:00+00:00,22.5,22.5,22.450000762939453,22.450000762939453,31438,0.0,0.0
2025-02-19 03:20:00+00:00,22.450000762939453,22.5,22.399999618530273,22.5,72000,0.0,0.0
2025-02-19 03:25:00+00:00,22.5,22.5,22.5,22.5,2101,0.0,0.0
2025-02-19 03:30:00+00:00,22.549999237060547,22.549999237060547,22.5,22.5,11060,0.0,0.0
2025-02-19 03:35:00+00:00,22.5,22.549999237060547,22.5,22.549999237060547,2000,0.0,0.0
2025-02-19 03:40:00+00:00,22.5,22.549999237060547,22.5,22.5,18000,0.0,0.0
2025-02-19 03:45:00+00:00,22.5,22.5,22.5,22.5,1000,0.0,0.0
2025-02-19 03:50:00+00:00,22.549999237060547,22.549999237060547,22.549999237060547,22.549999237060547,2000,0.0,0.0
2025-02-19 03:55:00+00:00,22.549999237060547,22.549999237060547,22.5,22.5,36000,0.0,0.0
2025-02-19 04:00:00+00:00,22.5,22.549999237060547,22.5,22.5,15000,0.0,0.0
2025-02-19 04:05:00+00:00,22.5,22.5,22.5,22.5,2120,0.0,0.0
2025-02-19 04:10:00+00:00,22.549999237060547,22.549999237060547,22.450000762939453,22.450000762939453,40000,0.0,0.0
2025-02-19 04:15:00+00:00,22.450000762939453,22.450000762939453,22.399999618530273,22.399999618530273,42000,0.0,0.0
2025-02-19 04:20:00+00:00,22.450000762939453,22.5,22.399999618530273,22.5,30265,0.0,0.0
2025-02-19 04:25:00+00:00,22.450000762939453,22.5,22.450000762939453,22.5,46000,0.0,0.0
2025-02-19 04:30:00+00:00,22.5,22.5,22.5,22.5,2000,0.0,0.0
2025-02-19 04:35:00+00:00,22.5,22.5,22.450000762939453,22.5,44000,0.0,0.0
2025-02-19 04:40:00+00:00,22.450000762939453,22.450000762939453,22.399999618530273,22.399999618530273,69450,0.0,0.0
2025-02-19 04:45:00+00:00,22.450000762939453,22.450000762939453,22.450000762939453,22.450000762939453,5570,0.0,0.0
2025-02-19 04:50:00+00:00,22.450000762939453,22.450000762939453,22.450000762939453,22.450000762939453,1430,0.0,0.0
2025-02-19 04:55:00+00:00,22.5,22.600000381469727,22.450000762939453,22.600000381469727,78100,0.0,0.0
2025-02-19 05:00:00+00:00,22.549999237060547,22.600000381469727,22.549999237060547,22.549999237060547,18062,0.0,0.0
2025-02-19 05:05:00+00:00,22.600000381469727,22.600000381469727,22.549999237060547,22.600000381469727,10000,0.0,0.0
2025-02-19 05:10:00+00:00,22.549999237060547,22.600000381469727,22.549999237060547,22.600000381469727,8046,0.0,0.0
2025-02-19 05:15:00+00:00,22.600000381469727,22.600000381469727,22.549999237060547,22.549999237060547,8000,0.0,0.0
2025-02-19 05:20:00+00:00,22.549999237060547,22.600000381469727,22.549999237060547,22.549999237060547,66002,0.0,0.0
2025-02-20 01:00:00+00:00,22.600000381469727,22.75,22.600000381469727,22.700000762939453,0,0.0,0.0
2025-02-20 01:05:00+00:00,22.600000381469727,22.600000381469727,22.600000381469727,22.600000381469727,22196,0.0,0.0
2025-02-20 01:10:00+00:00,22.600000381469727,22.600000381469727,22.5,22.549999237060547,21000,0.0,0.0
2025-02-20 01:15:00+00:00,22.549999237060547,22.549999237060547,22.549999237060547,22.549999237060547,5300,0.0,0.0
2025-02-20 01:20:00+00:00,22.600000381469727,22.600000381469727,22.5,22.549999237060547,32000,0.0,0.0
2025-02-20 01:25:00+00:00,22.549999237060547,22.549999237060547,22.549999237060547,22.549999237060547,4300,0.0,0.0
2025-02-20 01:30:00+00:00,22.549999237060547,22.549999237060547,22.5,22.5,11000,0.0,0.0
2025-02-20 01:35:00+00:00,22.5,22.5,22.450000762939453,22.450000762939453,44401,0.0,0.0
2025-02-20 01:40:00+00:00,22.5,22.5,22.450000762939453,22.450000762939453,8100,0.0,0.0
2025-02-20 01:50:00+00:00,22.450000762939453,22.450000762939453,22.399999618530273,22.399999618530273,56424,0.0,0.0
2025-02-20 01:55:00+00:00,22.450000762939453,22.450000762939453,22.399999618530273,22.450000762939453,34000,0.0,0.0
2025-02-20 02:00:00+00:00,22.450000762939453,22.450000762939453,22.399999618530273,22.450000762939453,30000,0.0,0.0
2025-02-20 02:05:00+00:00,22.450000762939453,22.450000762939453,22.450000762939453,22.450000762939453,18056,0.0,0.0
2025-02-20 02:15:00+00:00,22.450000762939453,22.450000762939453,22.450000762939453,22.450000762939453,2000,0.0,0.0
2025-02-20 02:20:00+00:00,22.5,22.5,22.5,22.5,14000,0.0,0.0
2025-02-20 02:25:00+00:00,22.549999237060547,22.549999237060547,22.5,22.5,4000,0.0,0.0
2025-02-20 02:30:00+00:00,22.549999237060547,22.549999237060547,22.549999237060547,22.549999237060547,8000,0.0,0.0
2025-02-20 02:35:00+00:00,22.5,22.5,22.5,22.5,6000,0.0,0.0
2025-02-20 02:40:00+00:00,22.549999237060547,22.549999237060547,22.5,22.5,17000,0.0,0.0
2025-02-20 02:45:00+00:00,22.5,22.5,22.5,22.5,5001,0.0,0.0
2025-02-20 02:50:00+00:00,22.5,22.5,22.5,22.5,6000,0.0,0.0
2025-02-20 02:55:00+00:00,22.549999237060547,22.549999237060547,22.5,22.549999237060547,3000,0.0,0.0
2025-02-20 03:00:00+00:00,22.549999237060547,22.649999618530273,22.549999237060547,22.649999618530273,113000,0.0,0.0
2025-02-20 03:05:00+00:00,22.649999618530273,22.649999618530273,22.600000381469727,22.600000381469727,38045,0.0,0.0
2025-02-20 03:10:00+00:00,22.600000381469727,22.600000381469727,22.549999237060547,22.600000381469727,7200,0.0,0.0
2025-02-20 03:15:00+00:00,22.549999237060547,22.600000381469727,22.549999237060547,22.600000381469727,2000,0.0,0.0
2025-02-20 03:20:00+00:00,22.600000381469727,22.600000381469727,22.600000381469727,22.600000381469727,43095,0.0,0.0
2025-02-20 03:25:00+00:00,22.600000381469727,22.600000381469727,22.549999237060547,22.600000381469727,5000,0.0,0.0
2025-02-20 03:30:00+00:00,22.600000381469727,22.600000381469727,22.600000381469727,22.600000381469727,4000,0.0,0.0
2025-02-20 03:35:00+00:00,22.600000381469727,22.600000381469727,22.600000381469727,22.600000381469727,1081,0.0,0.0
2025-02-20 03:40:00+00:00,22.600000381469727,22.600000381469727,22.549999237060547,22.600000381469727,68419,0.0,0.0
2025-02-20 03:45:00+00:00,22.600000381469727,22.600000381469727,22.600000381469727,22.600000381469727,2000,0.0,0.0
2025-02-20 03:50:00+00:00,22.600000381469727,22.600000381469727,22.600000381469727,22.600000381469727,1221,0.0,0.0
2025-02-20 03:55:00+00:00,22.600000381469727,22.600000381469727,22.549999237060547,22.549999237060547,20060,0.0,0.0
2025-02-20 04:00:00+00:00,22.600000381469727,22.600000381469727,22.600000381469727,22.600000381469727,14090,0.0,0.0
2025-02-20 04:05:00+00:00,22.549999237060547,22.549999237060547,22.549999237060547,22.549999237060547,5001,0.0,0.0
2025-02-20 04:10:00+00:00,22.549999237060547,22.549999237060547,22.549999237060547,22.549999237060547,9000,0.0,0.0
2025-02-20 04:15:00+00:00,22.5,22.549999237060547,22.5,22.549999237060547,8261,0.0,0.0
2025-02-20 04:20:00+00:00,22.549999237060547,22.600000381469727,22.549999237060547,22.549999237060547,15000,0.0,0.0
2025-02-20 04:25:00+00:00,22.549999237060547,22.549999237060547,22.549999237060547,22.549999237060547,2000,0.0,0.0
2025-02-20 04:30:00+00:00,22.600000381469727,22.600000381469727,22.600000381469727,22.600000381469727,3000,0.0,0.0
2025-02-20 04:35:00+00:00,22.600000381469727,22.600000381469727,22.600000381469727,22.600000381469727,4100,0.0,0.0
2025-02-20 04:40:00+00:00,22.600000381469727,22.600000381469727,22.549999237060547,22.549999237060547,4001,0.0,0.0
2025-02-20 04:45:00+00:00,22.600000381469727,22.700000762939453,22.549999237060547,22.700000762939453,172002,0.0,0.0
2025-02-20 04:50:00+00:00,22.700000762939453,22.700000762939453,22.600000381469727,22.600000381469727,45094,0.0,0.0
2025-02-20 04:55:00+00:00,22.600000381469727,22.600000381469727,22.549999237060547,22.600000381469727,19001,0.0,0.0
2025-02-20 05:00:00+00:00,22.600000381469727,22.600000381469727,22.549999237060547,22.549999237060547,37000,0.0,0.0
2025-02-20 05:05:00+00:00,22.549999237060547,22.549999237060547,22.5,22.549999237060547,27000,0.0,0.0
2025-02-20 05:10:00+00:00,22.549999237060547,22.549999237060547,22.549999237060547,22.549999237060547,7000,0.0,0.0
2025-02-20 05:15:00+00:00,22.549999237060547,22.549999237060547,22.549999237060547,22.549999237060547,22000,0.0,0.0
2025-02-20 05:20:00+00:00,22.549999237060547,22.549999237060547,22.5,22.5,42000,0.0,0.0
2025-02-21 01:00:00+00:00,22.700000762939453,22.700000762939453,22.450000762939453,22.450000762939453,0,0.0,0.0
2025-02-21 01:05:00+00:00,22.450000762939453,22.450000762939453,22.399999618530273,22.399999618530273,27000,0.0,0.0
2025-02-21 01:10:00+00:00,22.399999618530273,22.450000762939453,22.350000381469727,22.450000762939453,103738,0.0,0.0
2025-02-21 01:15:00+00:00,22.5,22.5,22.450000762939453,22.450000762939453,8000,0.0,0.0
2025-02-21 01:20:00+00:00,22.450000762939453,22.450000762939453,22.399999618530273,22.399999618530273,13000,0.0,0.0
2025-02-21 01:25:00+00:00,22.399999618530273,22.450000762939453,22.399999618530273,22.450000762939453,7000,0.0,0.0
2025-02-21 01:30:00+00:00,22.450000762939453,22.450000762939453,22.450000762939453,22.450000762939453,5000,0.0,0.0
2025-02-21 01:35:00+00:00,22.450000762939453,22.549999237060547,22.450000762939453,22.549999237060547,46000,0.0,0.0
2025-02-21 01:40:00+00:00,22.600000381469727,22.700000762939453,22.600000381469727,22.649999618530273,57055,0.0,0.0
2025-02-21 01:45:00+00:00,22.700000762939453,22.75,22.700000762939453,22.700000762939453,36200,0.0,0.0
2025-02-21 01:50:00+00:00,22.700000762939453,22.700000762939453,22.649999618530273,22.700000762939453,19000,0.0,0.0
2025-02-21 01:55:00+00:00,22.649999618530273,22.75,22.649999618530273,22.75,43000,0.0,0.0
2025-02-21 02:00:00+00:00,22.75,22.799999237060547,22.700000762939453,22.799999237060547,71000,0.0,0.0
2025-02-21 02:05:00+00:00,22.799999237060547,22.799999237060547,22.75,22.75,64000,0.0,0.0
2025-02-21 02:10:00+00:00,22.75,22.799999237060547,22.700000762939453,22.700000762939453,40011,0.0,0.0
2025-02-21 02:15:00+00:00,22.75,22.75,22.75,22.75,14000,0.0,0.0
2025-02-21 02:20:00+00:00,22.75,22.75,22.75,22.75,19321,0.0,0.0
2025-02-21 02:25:00+00:00,22.75,22.75,22.75,22.75,11102,0.0,0.0
2025-02-21 02:30:00+00:00,22.700000762939453,22.700000762939453,22.700000762939453,22.700000762939453,2049,0.0,0.0
2025-02-21 02:35:00+00:00,22.700000762939453,22.700000762939453,22.700000762939453,22.700000762939453,6050,0.0,0.0
2025-02-21 02:40:00+00:00,22.700000762939453,22.700000762939453,22.649999618530273,22.700000762939453,15000,0.0,0.0
2025-02-21 02:45:00+00:00,22.700000762939453,22.700000762939453,22.700000762939453,22.700000762939453,8500,0.0,0.0
2025-02-21 02:50:00+00:00,22.700000762939453,22.700000762939453,22.700000762939453,22.700000762939453,13000,0.0,0.0
2025-02-21 02:55:00+00:00,22.649999618530273,22.700000762939453,22.649999618530273,22.700000762939453,11000,0.0,0.0
2025-02-21 03:00:00+00:00,22.649999618530273,22.649999618530273,22.600000381469727,22.600000381469727,21000,0.0,0.0
2025-02-21 03:05:00+00:00,22.600000381469727,22.649999618530273,22.600000381469727,22.649999618530273,9000,0.0,0.0
2025-02-21 03:10:00+00:00,22.600000381469727,22.700000762939453,22.600000381469727,22.600000381469727,13000,0.0,0.0
2025-02-21 03:15:00+00:00,22.600000381469727,22.700000762939453,22.600000381469727,22.649999618530273,9000,0.0,0.0
2025-02-21 03:20:00+00:00,22.649999618530273,22.700000762939453,22.649999618530273,22.649999618530273,12000,0.0,0.0
2025-02-21 03:25:00+00:00,22.649999618530273,22.700000762939453,22.649999618530273,22.649999618530273,9000,0.0,0.0
2025-02-21 03:30:00+00:00,22.700000762939453,22.75,22.649999618530273,22.75,94010,0.0,0.0
2025-02-21 03:35:00+00:00,22.700000762939453,22.700000762939453,22.700000762939453,22.700000762939453,5000,0.0,0.0
2025-02-21 03:40:00+00:00,22.75,22.75,22.75,22.75,31001,0.0,0.0
2025-02-21 03:45:00+00:00,22.75,22.75,22.75,22.75,3000,0.0,0.0
2025-02-21 03:50:00+00:00,22.799999237060547,22.799999237060547,22.75,22.75,22000,0.0,0.0
2025-02-21 03:55:00+00:00,22.75,22.799999237060547,22.75,22.799999237060547,40320,0.0,0.0
2025-02-21 04:00:00+00:00,22.799999237060547,22.799999237060547,22.700000762939453,22.700000762939453,50040,0.0,0.0
2025-02-21 04:05:00+00:00,22.700000762939453,22.75,22.700000762939453,22.75,43000,0.0,0.0
2025-02-21 04:10:00+00:00,22.75,22.75,22.700000762939453,22.700000762939453,6020,0.0,0.0
2025-02-21 04:15:00+00:00,22.700000762939453,22.700000762939453,22.700000762939453,22.700000762939453,4001,0.0,0.0
2025-02-21 04:20:00+00:00,22.700000762939453,22.799999237060547,22.700000762939453,22.799999237060547,53000,0.0,0.0
2025-02-21 04:25:00+00:00,22.75,22.799999237060547,22.75,22.75,25059,0.0,0.0
2025-02-21 04:30:00+00:00,22.799999237060547,22.850000381469727,22.799999237060547,22.850000381469727,125435,0.0,0.0
2025-02-21 04:35:00+00:00,22.850000381469727,22.850000381469727,22.799999237060547,22.799999237060547,21000,0.0,0.0
2025-02-21 04:40:00+00:00,22.799999237060547,22.799999237060547,22.799999237060547,22.799999237060547,29000,0.0,0.0
2025-02-21 04:45:00+00:00,22.799999237060547,22.799999237060547,22.799999237060547,22.799999237060547,10001,0.0,0.0
2025-02-21 04:50:00+00:00,22.799999237060547,22.899999618530273,22.799999237060547,22.850000381469727,152288,0.0,0.0
2025-02-21 04:55:00+00:00,22.899999618530273,22.950000762939453,22.850000381469727,22.950000762939453,71068,0.0,0.0
2025-02-21 05:00:00+00:00,22.950000762939453,22.950000762939453,22.850000381469727,22.850000381469727,41000,0.0,0.0
2025-02-21 05:05:00+00:00,22.850000381469727,22.899999618530273,22.850000381469727,22.850000381469727,40001,0.0,0.0
2025-02-21 05:10:00+00:00,22.850000381469727,22.899999618530273,22.850000381469727,22.899999618530273,63000,0.0,0.0
2025-02-21 05:15:00+00:00,22.899999618530273,22.950000762939453,22.899999618530273,22.950000762939453,16080,0.0,0.0
2025-02-21 05:20:00+00:00,22.899999618530273,22.950000762939453,22.850000381469727,22.850000381469727,72469,0.0,0.0
2025-02-24 01:00:00+00:00,22.899999618530273,23.0,22.850000381469727,22.899999618530273,0,0.0,0.0
2025-02-24 01:05:00+00:00,22.899999618530273,22.899999618530273,22.899999618530273,22.899999618530273,24000,0.0,0.0
2025-02-24 01:10:00+00:00,22.899999618530273,22.950000762939453,22.850000381469727,22.850000381469727,60815,0.0,0.0
2025-02-24 01:15:00+00:00,22.850000381469727,22.899999618530273,22.850000381469727,22.899999618530273,16001,0.0,0.0
2025-02-24 01:20:00+00:00,22.899999618530273,22.899999618530273,22.850000381469727,22.850000381469727,51072,0.0,0.0
2025-02-24 01:25:00+00:00,22.850000381469727,22.850000381469727,22.799999237060547,22.799999237060547,29000,0.0,0.0
2025-02-24 01:30:00+00:00,22.75,22.75,22.700000762939453,22.700000762939453,19000,0.0,0.0
2025-02-24 01:35:00+00:00,22.75,22.75,22.700000762939453,22.700000762939453,28561,0.0,0.0
2025-02-24 01:40:00+00:00,22.700000762939453,22.700000762939453,22.700000762939453,22.700000762939453,53057,0.0,0.0
2025-02-24 01:45:00+00:00,22.75,22.75,22.700000762939453,22.700000762939453,29001,0.0,0.0
2025-02-24 01:50:00+00:00,22.75,22.799999237060547,22.700000762939453,22.799999237060547,16101,0.0,0.0
2025-02-24 01:55:00+00:00,22.799999237060547,22.799999237060547,22.75,22.75,3001,0.0,0.0
2025-02-24 02:00:00+00:00,22.75,22.75,22.75,22.75,8101,0.0,0.0
2025-02-24 02:05:00+00:00,22.75,22.75,22.75,22.75,13000,0.0,0.0
2025-02-24 02:10:00+00:00,22.75,22.75,22.75,22.75,4001,0.0,0.0
2025-02-24 02:20:00+00:00,22.799999237060547,22.799999237060547,22.799999237060547,22.799999237060547,2000,0.0,0.0
2025-02-24 02:25:00+00:00,22.799999237060547,22.799999237060547,22.75,22.75,2001,0.0,0.0
2025-02-24 02:35:00+00:00,22.75,22.75,22.75,22.75,45001,0.0,0.0
2025-02-24 02:40:00+00:00,22.75,22.75,22.75,22.75,6001,0.0,0.0
2025-02-24 02:50:00+00:00,22.75,22.75,22.75,22.75,3101,0.0,0.0
2025-02-24 02:55:00+00:00,22.75,22.75,22.75,22.75,1000,0.0,0.0
2025-02-24 03:00:00+00:00,22.75,22.75,22.700000762939453,22.75,6000,0.0,0.0
2025-02-24 03:05:00+00:00,22.799999237060547,22.799999237060547,22.799999237060547,22.799999237060547,1000,0.0,0.0
2025-02-24 03:10:00+00:00,22.75,22.75,22.75,22.75,19001,0.0,0.0
2025-02-24 03:15:00+00:00,22.75,22.75,22.600000381469727,22.600000381469727,228715,0.0,0.0
2025-02-24 03:20:00+00:00,22.549999237060547,22.600000381469727,22.549999237060547,22.600000381469727,41200,0.0,0.0
2025-02-24 03:25:00+00:00,22.649999618530273,22.649999618530273,22.649999618530273,22.649999618530273,1113,0.0,0.0
2025-02-24 03:30:00+00:00,22.649999618530273,22.649999618530273,22.649999618530273,22.649999618530273,15006,0.0,0.0
2025-02-24 03:35:00+00:00,22.649999618530273,22.649999618530273,22.600000381469727,22.600000381469727,7000,0.0,0.0
2025-02-24 03:40:00+00:00,22.649999618530273,22.649999618530273,22.649999618530273,22.649999618530273,7000,0.0,0.0
2025-02-24 03:45:00+00:00,22.649999618530273,22.649999618530273,22.649999618530273,22.649999618530273,4000,0.0,0.0
2025-02-24 03:50:00+00:00,22.649999618530273,22.700000762939453,22.649999618530273,22.700000762939453,9191,0.0,0.0
2025-02-24 03:55:00+00:00,22.649999618530273,22.649999618530273,22.649999618530273,22.649999618530273,4001,0.0,0.0
2025-02-24 04:00:00+00:00,22.600000381469727,22.600000381469727,22.600000381469727,22.600000381469727,1000,0.0,0.0
2025-02-24 04:10:00+00:00,22.600000381469727,22.649999618530273,22.600000381469727,22.600000381469727,7000,0.0,0.0
2025-02-24 04:15:00+00:00,22.600000381469727,22.649999618530273,22.600000381469727,22.600000381469727,5000,0.0,0.0
2025-02-24 04:20:00+00:00,22.600000381469727,22.649999618530273,22.600000381469727,22.600000381469727,17000,0.0,0.0
2025-02-24 04:25:00+00:00,22.600000381469727,22.649999618530273,22.600000381469727,22.600000381469727,51000,0.0,0.0
2025-02-24 04:30:00+00:00,22.549999237060547,22.600000381469727,22.549999237060547,22.549999237060547,24000,0.0,0.0
2025-02-24 04:35:00+00:00,22.600000381469727,22.600000381469727,22.549999237060547,22.549999237060547,13000,0.0,0.0
2025-02-24 04:40:00+00:00,22.549999237060547,22.600000381469727,22.549999237060547,22.549999237060547,11000,0.0,0.0
2025-02-24 04:45:00+00:00,22.549999237060547,22.600000381469727,22.549999237060547,22.549999237060547,12000,0.0,0.0
2025-02-24 04:50:00+00:00,22.549999237060547,22.549999237060547,22.5,22.549999237060547,102400,0.0,0.0
2025-02-24 04:55:00+00:00,22.549999237060547,22.549999237060547,22.5,22.5,30001,0.0,0.0
2025-02-24 05:00:00+00:00,22.549999237060547,22.549999237060547,22.5,22.549999237060547,10811,0.0,0.0
2025-02-24 05:05:00+00:00,22.549999237060547,22.549999237060547,22.5,22.549999237060547,47222,0.0,0.0
2025-02-24 05:10:00+00:00,22.549999237060547,22.549999237060547,22.549999237060547,22.549999237060547,51000,0.0,0.0
2025-02-24 05:15:00+00:00,22.549999237060547,22.549999237060547,22.549999237060547,22.549999237060547,4000,0.0,0.0
2025-02-24 05:20:00+00:00,22.549999237060547,22.549999237060547,22.5,22.5,65414,0.0,0.0
2025-02-25 01:00:00+00:00,22.399999618530273,22.399999618530273,22.149999618530273,22.350000381469727,0,0.0,0.0
2025-02-25 01:05:00+00:00,22.350000381469727,22.350000381469727,22.25,22.25,39279,0.0,0.0
2025-02-25 01:10:00+00:00,22.299999237060547,22.299999237060547,22.25,22.25,12326,0.0,0.0
2025-02-25 01:15:00+00:00,22.200000762939453,22.25,22.200000762939453,22.25,11020,0.0,0.0
2025-02-25 01:20:00+00:00,22.200000762939453,22.200000762939453,22.200000762939453,22.200000762939453,155746,0.0,0.0
2025-02-25 01:25:00+00:00,22.200000762939453,22.25,22.149999618530273,22.25,110000,0.0,0.0
2025-02-25 01:30:00+00:00,22.25,22.25,22.200000762939453,22.200000762939453,13062,0.0,0.0
2025-02-25 01:35:00+00:00,22.200000762939453,22.200000762939453,22.100000381469727,22.149999618530273,100000,0.0,0.0
2025-02-25 01:40:00+00:00,22.149999618530273,22.149999618530273,22.100000381469727,22.149999618530273,91195,0.0,0.0
2025-02-25 01:45:00+00:00,22.149999618530273,22.200000762939453,22.149999618530273,22.200000762939453,20000,0.0,0.0
2025-02-25 01:50:00+00:00,22.200000762939453,22.200000762939453,22.149999618530273,22.149999618530273,10000,0.0,0.0
2025-02-25 01:55:00+00:00,22.149999618530273,22.149999618530273,22.100000381469727,22.149999618530273,40471,0.0,0.0
2025-02-25 02:00:00+00:00,22.149999618530273,22.149999618530273,22.149999618530273,22.149999618530273,12029,0.0,0.0
2025-02-25 02:05:00+00:00,22.149999618530273,22.149999618530273,22.149999618530273,22.149999618530273,3000,0.0,0.0
2025-02-25 02:10:00+00:00,22.149999618530273,22.200000762939453,22.149999618530273,22.200000762939453,55000,0.0,0.0
2025-02-25 02:15:00+00:00,22.200000762939453,22.299999237060547,22.200000762939453,22.25,73000,0.0,0.0
2025-02-25 02:20:00+00:00,22.299999237060547,22.299999237060547,22.25,22.25,19000,0.0,0.0
2025-02-25 02:25:00+00:00,22.25,22.299999237060547,22.25,22.299999237060547,37000,0.0,0.0
2025-02-25 02:30:00+00:00,22.350000381469727,22.350000381469727,22.350000381469727,22.350000381469727,1189,0.0,0.0
2025-02-25 02:35:00+00:00,22.350000381469727,22.350000381469727,22.350000381469727,22.350000381469727,2000,0.0,0.0
2025-02-25 02:40:00+00:00,22.350000381469727,22.350000381469727,22.350000381469727,22.350000381469727,15000,0.0,0.0
2025-02-25 02:45:00+00:00,22.350000381469727,22.350000381469727,22.299999237060547,22.299999237060547,5000,0.0,0.0
2025-02-25 02:50:00+00:00,22.299999237060547,22.299999237060547,22.299999237060547,22.299999237060547,1000,0.0,0.0
2025-02-25 02:55:00+00:00,22.299999237060547,22.350000381469727,22.299999237060547,22.350000381469727,9000,0.0,0.0
2025-02-25 03:00:00+00:00,22.299999237060547,22.350000381469727,22.299999237060547,22.350000381469727,7000,0.0,0.0
2025-02-25 03:05:00+00:00,22.299999237060547,22.350000381469727,22.299999237060547,22.350000381469727,7000,0.0,0.0
2025-02-25 03:10:00+00:00,22.299999237060547,22.299999237060547,22.299999237060547,22.299999237060547,20000,0.0,0.0
2025-02-25 03:15:00+00:00,22.299999237060547,22.299999237060547,22.299999237060547,22.299999237060547,1000,0.0,0.0
2025-02-25 03:20:00+00:00,22.299999237060547,22.299999237060547,22.299999237060547,22.299999237060547,5001,0.0,0.0
2025-02-25 03:30:00+00:00,22.299999237060547,22.299999237060547,22.299999237060547,22.299999237060547,8453,0.0,0.0
2025-02-25 03:35:00+00:00,22.299999237060547,22.299999237060547,22.25,22.25,3000,0.0,0.0
2025-02-25 03:40:00+00:00,22.25,22.25,22.25,22.25,23000,0.0,0.0
2025-02-25 03:45:00+00:00,22.25,22.25,22.25,22.25,3001,0.0,0.0
2025-02-25 03:50:00+00:00,22.25,22.25,22.25,22.25,39050,0.0,0.0
2025-02-25 03:55:00+00:00,22.25,22.25,22.200000762939453,22.200000762939453,26000,0.0,0.0
2025-02-25 04:00:00+00:00,22.25,22.25,22.200000762939453,22.25,4000,0.0,0.0
2025-02-25 04:05:00+00:00,22.200000762939453,22.25,22.200000762939453,22.25,5000,0.0,0.0
2025-02-25 04:10:00+00:00,22.25,22.25,22.200000762939453,22.200000762939453,9000,0.0,0.0
2025-02-25 04:15:00+00:00,22.200000762939453,22.25,22.200000762939453,22.25,13000,0.0,0.0
2025-02-25 04:20:00+00:00,22.25,22.25,22.25,22.25,7000,0.0,0.0
2025-02-25 04:25:00+00:00,22.299999237060547,22.299999237060547,22.299999237060547,22.299999237060547,1000,0.0,0.0
2025-02-25 04:30:00+00:00,22.299999237060547,22.299999237060547,22.299999237060547,22.299999237060547,1260,0.0,0.0
2025-02-25 04:35:00+00:00,22.299999237060547,22.299999237060547,22.25,22.25,25001,0.0,0.0
2025-02-25 04:40:00+00:00,22.25,22.25,22.200000762939453,22.200000762939453,8000,0.0,0.0
2025-02-25 04:45:00+00:00,22.25,22.25,22.25,22.25,3002,0.0,0.0
2025-02-25 04:50:00+00:00,22.25,22.25,22.25,22.25,5001,0.0,0.0
2025-02-25 04:55:00+00:00,22.299999237060547,22.299999237060547,22.25,22.299999237060547,53001,0.0,0.0
2025-02-25 05:00:00+00:00,22.299999237060547,22.299999237060547,22.25,22.299999237060547,30001,0.0,0.0
2025-02-25 05:05:00+00:00,22.25,22.299999237060547,22.25,22.25,9310,0.0,0.0
2025-02-25 05:10:00+00:00,22.25,22.299999237060547,22.25,22.25,69410,0.0,0.0
2025-02-25 05:15:00+00:00,22.200000762939453,22.25,22.200000762939453,22.25,32000,0.0,0.0
2025-02-25 05:20:00+00:00,22.25,22.299999237060547,22.200000762939453,22.25,83353,0.0,0.0
2025-02-26 01:00:00+00:00,22.200000762939453,22.200000762939453,22.149999618530273,22.200000762939453,0,0.0,0.0
2025-02-26 01:05:00+00:00,22.149999618530273,22.149999618530273,22.049999237060547,22.100000381469727,51000,0.0,0.0
2025-02-26 01:10:00+00:00,22.100000381469727,22.100000381469727,22.100000381469727,22.100000381469727,21384,0.0,0.0
2025-02-26 01:15:00+00:00,22.100000381469727,22.100000381469727,22.049999237060547,22.049999237060547,53214,0.0,0.0
2025-02-26 01:20:00+00:00,22.049999237060547,22.100000381469727,22.049999237060547,22.049999237060547,47189,0.0,0.0
2025-02-26 01:25:00+00:00,22.100000381469727,22.149999618530273,22.100000381469727,22.149999618530273,16000,0.0,0.0
2025-02-26 01:30:00+00:00,22.149999618530273,22.149999618530273,22.049999237060547,22.049999237060547,71200,0.0,0.0
2025-02-26 01:35:00+00:00,22.049999237060547,22.049999237060547,21.950000762939453,21.950000762939453,148819,0.0,0.0
2025-02-26 01:40:00+00:00,22.0,22.0,21.950000762939453,21.950000762939453,25201,0.0,0.0
2025-02-26 01:45:00+00:00,21.950000762939453,21.950000762939453,21.950000762939453,21.950000762939453,43000,0.0,0.0
2025-02-26 01:50:00+00:00,21.950000762939453,21.950000762939453,21.950000762939453,21.950000762939453,18000,0.0,0.0
2025-02-26 01:55:00+00:00,22.0,22.0,21.950000762939453,22.0,25000,0.0,0.0
2025-02-26 02:00:00+00:00,22.0,22.0,21.899999618530273,21.899999618530273,57869,0.0,0.0
2025-02-26 02:05:00+00:00,21.950000762939453,22.0,21.899999618530273,22.0,54000,0.0,0.0
2025-02-26 02:10:00+00:00,22.0,22.0,21.950000762939453,21.950000762939453,6100,0.0,0.0
2025-02-26 02:15:00+00:00,21.950000762939453,22.0,21.950000762939453,22.0,16045,0.0,0.0
2025-02-26 02:20:00+00:00,22.0,22.0,21.950000762939453,22.0,14002,0.0,0.0
2025-02-26 02:25:00+00:00,22.0,22.0,22.0,22.0,7000,0.0,0.0
2025-02-26 02:30:00+00:00,22.049999237060547,22.049999237060547,22.049999237060547,22.049999237060547,4000,0.0,0.0
2025-02-26 02:35:00+00:00,22.049999237060547,22.049999237060547,22.049999237060547,22.049999237060547,1100,0.0,0.0
2025-02-26 02:40:00+00:00,22.0,22.0,22.0,22.0,3019,0.0,0.0
2025-02-26 02:45:00+00:00,22.0,22.0,22.0,22.0,1000,0.0,0.0
2025-02-26 02:50:00+00:00,22.0,22.0,22.0,22.0,2003,0.0,0.0
2025-02-26 02:55:00+00:00,22.0,22.049999237060547,22.0,22.049999237060547,9650,0.0,0.0
2025-02-26 03:05:00+00:00,22.049999237060547,22.049999237060547,22.049999237060547,22.049999237060547,1000,0.0,0.0
2025-02-26 03:10:00+00:00,22.0,22.049999237060547,22.0,22.0,3000,0.0,0.0
2025-02-26 03:15:00+00:00,22.0,22.049999237060547,22.0,22.0,44200,0.0,0.0
2025-02-26 03:20:00+00:00,22.0,22.0,22.0,22.0,4000,0.0,0.0
2025-02-26 03:25:00+00:00,22.049999237060547,22.049999237060547,22.0,22.0,2000,0.0,0.0
2025-02-26 03:30:00+00:00,22.0,22.0,22.0,22.0,1000,0.0,0.0
2025-02-26 03:35:00+00:00,22.0,22.049999237060547,22.0,22.049999237060547,15000,0.0,0.0
2025-02-26 03:40:00+00:00,22.0,22.049999237060547,22.0,22.0,6100,0.0,0.0
2025-02-26 03:45:00+00:00,22.049999237060547,22.049999237060547,22.0,22.049999237060547,16000,0.0,0.0
2025-02-26 03:50:00+00:00,22.049999237060547,22.049999237060547,21.950000762939453,22.0,5000,0.0,0.0
2025-02-26 03:55:00+00:00,21.950000762939453,21.950000762939453,21.950000762939453,21.950000762939453,5000,0.0,0.0
2025-02-26 04:00:00+00:00,22.0,22.049999237060547,21.950000762939453,22.049999237060547,6000,0.0,0.0
2025-02-26 04:05:00+00:00,22.0,22.0,21.950000762939453,22.0,52200,0.0,0.0
2025-02-26 04:10:00+00:00,21.950000762939453,21.950000762939453,21.950000762939453,21.950000762939453,14000,0.0,0.0
2025-02-26 04:15:00+00:00,21.950000762939453,22.0,21.950000762939453,21.950000762939453,19000,0.0,0.0
2025-02-26 04:20:00+00:00,21.950000762939453,22.0,21.950000762939453,21.950000762939453,14344,0.0,0.0
2025-02-26 04:25:00+00:00,21.950000762939453,21.950000762939453,21.950000762939453,21.950000762939453,4000,0.0,0.0
2025-02-26 04:30:00+00:00,21.950000762939453,21.950000762939453,21.899999618530273,21.950000762939453,35760,0.0,0.0
2025-02-26 04:35:00+00:00,21.950000762939453,21.950000762939453,21.899999618530273,21.899999618530273,11050,0.0,0.0
2025-02-26 04:45:00+00:00,21.950000762939453,21.950000762939453,21.950000762939453,21.950000762939453,17290,0.0,0.0
2025-02-26 04:50:00+00:00,21.950000762939453,21.950000762939453,21.899999618530273,21.950000762939453,65040,0.0,0.0
2025-02-26 04:55:00+00:00,21.950000762939453,21.950000762939453,21.950000762939453,21.950000762939453,1000,0.0,0.0
2025-02-26 05:00:00+00:00,22.0,22.0,21.950000762939453,21.950000762939453,20000,0.0,0.0
2025-02-26 05:05:00+00:00,22.0,22.0,21.899999618530273,21.950000762939453,49001,0.0,0.0
2025-02-26 05:10:00+00:00,21.899999618530273,21.899999618530273,21.899999618530273,21.899999618530273,58000,0.0,0.0
2025-02-26 05:15:00+00:00,21.950000762939453,21.950000762939453,21.950000762939453,21.950000762939453,60010,0.0,0.0
2025-02-26 05:20:00+00:00,21.950000762939453,21.950000762939453,21.899999618530273,21.950000762939453,31001,0.0,0.0
2025-02-27 01:00:00+00:00,21.850000381469727,22.049999237060547,21.850000381469727,22.0,0,0.0,0.0
2025-02-27 01:05:00+00:00,22.0,22.049999237060547,22.0,22.049999237060547,39000,0.0,0.0
2025-02-27 01:10:00+00:00,22.0,22.149999618530273,22.0,22.100000381469727,68000,0.0,0.0
2025-02-27 01:15:00+00:00,22.100000381469727,22.100000381469727,22.049999237060547,22.049999237060547,21146,0.0,0.0
2025-02-27 01:25:00+00:00,22.049999237060547,22.049999237060547,22.0,22.0,20000,0.0,0.0
2025-02-27 01:30:00+00:00,22.0,22.0,21.950000762939453,21.950000762939453,12000,0.0,0.0
2025-02-27 01:35:00+00:00,21.950000762939453,22.0,21.899999618530273,21.899999618530273,24020,0.0,0.0
2025-02-27 01:40:00+00:00,21.850000381469727,21.850000381469727,21.850000381469727,21.850000381469727,18000,0.0,0.0
2025-02-27 01:45:00+00:00,21.850000381469727,21.899999618530273,21.850000381469727,21.850000381469727,5000,0.0,0.0
2025-02-27 01:50:00+00:00,21.850000381469727,21.899999618530273,21.850000381469727,21.899999618530273,6060,0.0,0.0
2025-02-27 01:55:00+00:00,21.850000381469727,21.850000381469727,21.799999237060547,21.799999237060547,46183,0.0,0.0
2025-02-27 02:00:00+00:00,21.799999237060547,21.799999237060547,21.75,21.75,75408,0.0,0.0
2025-02-27 02:05:00+00:00,21.75,21.799999237060547,21.600000381469727,21.75,94870,0.0,0.0
2025-02-27 02:10:00+00:00,21.700000762939453,21.700000762939453,21.649999618530273,21.700000762939453,13549,0.0,0.0
2025-02-27 02:15:00+00:00,21.700000762939453,21.700000762939453,21.649999618530273,21.649999618530273,23000,0.0,0.0
2025-02-27 02:20:00+00:00,21.649999618530273,21.700000762939453,21.600000381469727,21.700000762939453,35000,0.0,0.0
2025-02-27 02:25:00+00:00,21.649999618530273,21.649999618530273,21.649999618530273,21.649999618530273,5001,0.0,0.0
2025-02-27 02:30:00+00:00,21.649999618530273,21.649999618530273,21.649999618530273,21.649999618530273,7000,0.0,0.0
2025-02-27 02:35:00+00:00,21.600000381469727,21.649999618530273,21.600000381469727,21.649999618530273,7302,0.0,0.0
2025-02-27 02:40:00+00:00,21.649999618530273,21.649999618530273,21.649999618530273,21.649999618530273,3000,0.0,0.0
2025-02-27 02:45:00+00:00,21.649999618530273,21.649999618530273,21.600000381469727,21.649999618530273,8001,0.0,0.0
2025-02-27 02:50:00+00:00,21.600000381469727,21.600000381469727,21.600000381469727,21.600000381469727,92080,0.0,0.0
2025-02-27 02:55:00+00:00,21.549999237060547,21.549999237060547,21.549999237060547,21.549999237060547,3341,0.0,0.0
2025-02-27 03:00:00+00:00,21.600000381469727,21.600000381469727,21.600000381469727,21.600000381469727,2149,0.0,0.0
2025-02-27 03:05:00+00:00,21.549999237060547,21.549999237060547,21.549999237060547,21.549999237060547,34000,0.0,0.0
2025-02-27 03:10:00+00:00,21.549999237060547,21.549999237060547,21.549999237060547,21.549999237060547,8228,0.0,0.0
2025-02-27 03:15:00+00:00,21.600000381469727,21.600000381469727,21.600000381469727,21.600000381469727,1000,0.0,0.0
2025-02-27 03:20:00+00:00,21.549999237060547,21.549999237060547,21.549999237060547,21.549999237060547,7200,0.0,0.0
2025-02-27 03:25:00+00:00,21.549999237060547,21.549999237060547,21.549999237060547,21.549999237060547,16052,0.0,0.0
2025-02-27 03:30:00+00:00,21.549999237060547,21.549999237060547,21.549999237060547,21.549999237060547,10000,0.0,0.0
2025-02-27 03:35:00+00:00,21.549999237060547,21.549999237060547,21.549999237060547,21.549999237060547,1000,0.0,0.0
2025-02-27 03:40:00+00:00,21.549999237060547,21.549999237060547,21.5,21.5,7000,0.0,0.0
2025-02-27 03:45:00+00:00,21.549999237060547,21.549999237060547,21.549999237060547,21.549999237060547,7000,0.0,0.0
2025-02-27 03:50:00+00:00,21.549999237060547,21.549999237060547,21.399999618530273,21.399999618530273,210970,0.0,0.0
2025-02-27 03:55:00+00:00,21.399999618530273,21.399999618530273,21.350000381469727,21.350000381469727,90370,0.0,0.0
2025-02-27 04:00:00+00:00,21.399999618530273,21.399999618530273,21.350000381469727,21.350000381469727,26020,0.0,0.0
2025-02-27 04:05:00+00:00,21.399999618530273,21.450000762939453,21.399999618530273,21.450000762939453,17000,0.0,0.0
2025-02-27 04:10:00+00:00,21.399999618530273,21.450000762939453,21.399999618530273,21.450000762939453,8050,0.0,0.0
2025-02-27 04:15:00+00:00,21.399999618530273,21.450000762939453,21.399999618530273,21.399999618530273,11000,0.0,0.0
2025-02-27 04:20:00+00:00,21.450000762939453,21.450000762939453,21.450000762939453,21.450000762939453,18000,0.0,0.0
2025-02-27 04:25:00+00:00,21.450000762939453,21.450000762939453,21.399999618530273,21.450000762939453,10000,0.0,0.0
2025-02-27 04:30:00+00:00,21.450000762939453,21.450000762939453,21.399999618530273,21.399999618530273,16000,0.0,0.0
2025-02-27 04:35:00+00:00,21.399999618530273,21.450000762939453,21.399999618530273,21.399999618530273,9000,0.0,0.0
2025-02-27 04:40:00+00:00,21.450000762939453,21.450000762939453,21.399999618530273,21.399999618530273,8000,0.0,0.0
2025-02-27 04:45:00+00:00,21.399999618530273,21.450000762939453,21.350000381469727,21.399999618530273,61201,0.0,0.0
2025-02-27 04:50:00+00:00,21.350000381469727,21.399999618530273,21.350000381469727,21.350000381469727,11868,0.0,0.0
2025-02-27 04:55:00+00:00,21.350000381469727,21.399999618530273,21.350000381469727,21.399999618530273,44604,0.0,0.0
2025-02-27 05:00:00+00:00,21.450000762939453,21.450000762939453,21.399999618530273,21.399999618530273,16500,0.0,0.0
2025-02-27 05:05:00+00:00,21.450000762939453,21.450000762939453,21.399999618530273,21.450000762939453,11001,0.0,0.0
2025-02-27 05:10:00+00:00,21.450000762939453,21.5,21.399999618530273,21.450000762939453,58700,0.0,0.0
2025-02-27 05:15:00+00:00,21.450000762939453,21.5,21.399999618530273,21.450000762939453,77260,0.0,0.0
2025-02-27 05:20:00+00:00,21.450000762939453,21.549999237060547,21.450000762939453,21.549999237060547,85812,0.0,0.0
2025-03-03 01:00:00+00:00,21.950000762939453,22.049999237060547,21.75,21.799999237060547,0,0.0,0.0
2025-03-03 01:05:00+00:00,21.899999618530273,22.0,21.850000381469727,21.899999618530273,91474,0.0,0.0
2025-03-03 01:10:00+00:00,21.899999618530273,22.100000381469727,21.899999618530273,22.100000381469727,101192,0.0,0.0
2025-03-03 01:15:00+00:00,22.100000381469727,22.299999237060547,22.100000381469727,22.149999618530273,211139,0.0,0.0
2025-03-03 01:20:00+00:00,22.200000762939453,22.450000762939453,22.200000762939453,22.399999618530273,260167,0.0,0.0
2025-03-03 01:25:00+00:00,22.399999618530273,22.399999618530273,22.299999237060547,22.299999237060547,101522,0.0,0.0
2025-03-03 01:30:00+00:00,22.299999237060547,22.299999237060547,22.299999237060547,22.299999237060547,34045,0.0,0.0
2025-03-03 01:35:00+00:00,22.299999237060547,22.299999237060547,22.200000762939453,22.25,64118,0.0,0.0
2025-03-03 01:40:00+00:00,22.25,22.299999237060547,22.149999618530273,22.149999618530273,75122,0.0,0.0
2025-03-03 01:45:00+00:00,22.149999618530273,22.200000762939453,22.149999618530273,22.149999618530273,60072,0.0,0.0
2025-03-03 01:50:00+00:00,22.100000381469727,22.100000381469727,22.0,22.0,57123,0.0,0.0
2025-03-03 01:55:00+00:00,22.0,22.0,21.950000762939453,21.950000762939453,32066,0.0,0.0
2025-03-03 02:00:00+00:00,21.950000762939453,21.950000762939453,21.799999237060547,21.899999618530273,111244,0.0,0.0
2025-03-03 02:05:00+00:00,21.950000762939453,21.950000762939453,21.950000762939453,21.950000762939453,7000,0.0,0.0
2025-03-03 02:10:00+00:00,22.0,22.049999237060547,22.0,22.049999237060547,9000,0.0,0.0
2025-03-03 02:15:00+00:00,22.049999237060547,22.049999237060547,22.0,22.0,21000,0.0,0.0
2025-03-03 02:20:00+00:00,22.0,22.049999237060547,22.0,22.0,17000,0.0,0.0
2025-03-03 02:25:00+00:00,22.0,22.0,22.0,22.0,3001,0.0,0.0
2025-03-03 02:30:00+00:00,22.0,22.0,22.0,22.0,47100,0.0,0.0
2025-03-03 02:35:00+00:00,22.0,22.0,22.0,22.0,4000,0.0,0.0
2025-03-03 02:40:00+00:00,22.0,22.0,22.0,22.0,3000,0.0,0.0
2025-03-03 02:45:00+00:00,21.950000762939453,21.950000762939453,21.899999618530273,21.899999618530273,64100,0.0,0.0
2025-03-03 02:50:00+00:00,21.899999618530273,21.950000762939453,21.899999618530273,21.950000762939453,12000,0.0,0.0
2025-03-03 02:55:00+00:00,21.899999618530273,21.899999618530273,21.899999618530273,21.899999618530273,5000,0.0,0.0
2025-03-03 03:00:00+00:00,21.899999618530273,21.899999618530273,21.899999618530273,21.899999618530273,7005,0.0,0.0
2025-03-03 03:05:00+00:00,21.899999618530273,21.899999618530273,21.899999618530273,21.899999618530273,7000,0.0,0.0
2025-03-03 03:10:00+00:00,21.899999618530273,21.899999618530273,21.799999237060547,21.799999237060547,35126,0.0,0.0
2025-03-03 03:15:00+00:00,21.799999237060547,21.799999237060547,21.75,21.75,118275,0.0,0.0
2025-03-03 03:20:00+00:00,21.75,21.799999237060547,21.75,21.799999237060547,12000,0.0,0.0
2025-03-03 03:30:00+00:00,21.75,21.799999237060547,21.700000762939453,21.700000762939453,60001,0.0,0.0
2025-03-03 03:35:00+00:00,21.700000762939453,21.799999237060547,21.700000762939453,21.75,16000,0.0,0.0
2025-03-03 03:40:00+00:00,21.75,21.75,21.75,21.75,4385,0.0,0.0
2025-03-03 03:45:00+00:00,21.75,21.75,21.75,21.75,13030,0.0,0.0
2025-03-03 03:50:00+00:00,21.75,21.75,21.75,21.75,5000,0.0,0.0
2025-03-03 04:00:00+00:00,21.799999237060547,21.799999237060547,21.75,21.75,21000,0.0,0.0
2025-03-03 04:05:00+00:00,21.75,21.75,21.75,21.75,29023,0.0,0.0
2025-03-03 04:10:00+00:00,21.75,21.75,21.75,21.75,5223,0.0,0.0
2025-03-03 04:15:00+00:00,21.75,21.75,21.75,21.75,1000,0.0,0.0
2025-03-03 04:20:00+00:00,21.700000762939453,21.75,21.700000762939453,21.75,11000,0.0,0.0
2025-03-03 04:25:00+00:00,21.75,21.75,21.75,21.75,33000,0.0,0.0
2025-03-03 04:30:00+00:00,21.75,21.75,21.700000762939453,21.700000762939453,4000,0.0,0.0
2025-03-03 04:35:00+00:00,21.75,21.75,21.75,21.75,27228,0.0,0.0
2025-03-03 04:40:00+00:00,21.75,21.799999237060547,21.75,21.799999237060547,21050,0.0,0.0
2025-03-03 04:45:00+00:00,21.799999237060547,21.799999237060547,21.75,21.75,23000,0.0,0.0
2025-03-03 04:50:00+00:00,21.799999237060547,21.799999237060547,21.799999237060547,21.799999237060547,20000,0.0,0.0
2025-03-03 04:55:00+00:00,21.799999237060547,21.799999237060547,21.700000762939453,21.75,97000,0.0,0.0
2025-03-03 05:00:00+00:00,21.75,21.799999237060547,21.75,21.799999237060547,6000,0.0,0.0
2025-03-03 05:05:00+00:00,21.75,21.799999237060547,21.75,21.75,24072,0.0,0.0
2025-03-03 05:10:00+00:00,21.75,21.75,21.649999618530273,21.700000762939453,61643,0.0,0.0
2025-03-03 05:15:00+00:00,21.649999618530273,21.700000762939453,21.649999618530273,21.649999618530273,54000,0.0,0.0
2025-03-03 05:20:00+00:00,21.649999618530273,21.700000762939453,21.649999618530273,21.649999618530273,29345,0.0,0.0
2025-03-04 01:00:00+00:00,21.350000381469727,21.350000381469727,20.950000762939453,20.950000762939453,0,0.0,0.0
2025-03-04 01:05:00+00:00,20.950000762939453,21.149999618530273,20.899999618530273,21.100000381469727,56773,0.0,0.0
2025-03-04 01:10:00+00:00,21.149999618530273,21.25,21.049999237060547,21.149999618530273,23100,0.0,0.0
2025-03-04 01:15:00+00:00,21.100000381469727,21.149999618530273,21.049999237060547,21.049999237060547,48000,0.0,0.0
2025-03-04 01:20:00+00:00,21.100000381469727,21.149999618530273,21.100000381469727,21.100000381469727,27000,0.0,0.0
2025-03-04 01:25:00+00:00,21.100000381469727,21.200000762939453,21.100000381469727,21.100000381469727,39000,0.0,0.0
2025-03-04 01:30:00+00:00,21.149999618530273,21.149999618530273,21.149999618530273,21.149999618530273,8000,0.0,0.0
2025-03-04 01:35:00+00:00,21.100000381469727,21.200000762939453,21.100000381469727,21.200000762939453,28000,0.0,0.0
2025-03-04 01:40:00+00:00,21.25,21.299999237060547,21.25,21.299999237060547,25200,0.0,0.0
2025-03-04 01:45:00+00:00,21.299999237060547,21.299999237060547,21.299999237060547,21.299999237060547,2000,0.0,0.0
2025-03-04 01:50:00+00:00,21.25,21.399999618530273,21.25,21.399999618530273,128000,0.0,0.0
2025-03-04 01:55:00+00:00,21.399999618530273,21.549999237060547,21.299999237060547,21.350000381469727,78000,0.0,0.0
2025-03-04 02:00:00+00:00,21.399999618530273,21.399999618530273,21.399999618530273,21.399999618530273,7000,0.0,0.0
2025-03-04 02:05:00+00:00,21.399999618530273,21.450000762939453,21.399999618530273,21.399999618530273,17000,0.0,0.0
2025-03-04 02:10:00+00:00,21.450000762939453,21.5,21.450000762939453,21.450000762939453,17004,0.0,0.0
2025-03-04 02:15:00+00:00,21.450000762939453,21.450000762939453,21.450000762939453,21.450000762939453,8000,0.0,0.0
2025-03-04 02:20:00+00:00,21.450000762939453,21.450000762939453,21.399999618530273,21.399999618530273,6000,0.0,0.0
2025-03-04 02:25:00+00:00,21.399999618530273,21.450000762939453,21.399999618530273,21.399999618530273,8000,0.0,0.0
2025-03-04 02:30:00+00:00,21.399999618530273,21.450000762939453,21.350000381469727,21.450000762939453,34000,0.0,0.0
2025-03-04 02:35:00+00:00,21.450000762939453,21.5,21.350000381469727,21.5,18000,0.0,0.0
2025-03-04 02:40:00+00:00,21.5,21.600000381469727,21.5,21.549999237060547,83000,0.0,0.0
2025-03-04 02:45:00+00:00,21.549999237060547,21.549999237060547,21.549999237060547,21.549999237060547,6000,0.0,0.0
2025-03-04 02:50:00+00:00,21.549999237060547,21.600000381469727,21.5,21.600000381469727,28000,0.0,0.0
2025-03-04 02:55:00+00:00,21.600000381469727,21.600000381469727,21.600000381469727,21.600000381469727,7000,0.0,0.0
2025-03-04 03:00:00+00:00,21.549999237060547,21.600000381469727,21.549999237060547,21.600000381469727,15000,0.0,0.0
2025-03-04 03:05:00+00:00,21.600000381469727,21.600000381469727,21.600000381469727,21.600000381469727,8000,0.0,0.0
2025-03-04 03:10:00+00:00,21.649999618530273,21.700000762939453,21.649999618530273,21.700000762939453,47002,0.0,0.0
2025-03-04 03:15:00+00:00,21.700000762939453,21.700000762939453,21.600000381469727,21.600000381469727,26000,0.0,0.0
2025-03-04 03:20:00+00:00,21.600000381469727,21.600000381469727,21.5,21.600000381469727,25000,0.0,0.0
2025-03-04 03:25:00+00:00,21.5,21.5,21.5,21.5,1003,0.0,0.0
2025-03-04 03:30:00+00:00,21.549999237060547,21.549999237060547,21.5,21.5,24000,0.0,0.0
2025-03-04 03:40:00+00:00,21.5,21.600000381469727,21.5,21.600000381469727,15000,0.0,0.0
2025-03-04 03:45:00+00:00,21.600000381469727,21.700000762939453,21.600000381469727,21.700000762939453,21017,0.0,0.0
2025-03-04 03:50:00+00:00,21.649999618530273,21.75,21.649999618530273,21.75,11000,0.0,0.0
2025-03-04 03:55:00+00:00,21.75,21.75,21.75,21.75,23100,0.0,0.0
2025-03-04 04:00:00+00:00,21.799999237060547,21.850000381469727,21.799999237060547,21.850000381469727,20000,0.0,0.0
2025-03-04 04:05:00+00:00,21.850000381469727,21.850000381469727,21.799999237060547,21.799999237060547,30019,0.0,0.0
2025-03-04 04:10:00+00:00,21.799999237060547,21.799999237060547,21.75,21.799999237060547,3000,0.0,0.0
2025-03-04 04:15:00+00:00,21.850000381469727,21.850000381469727,21.799999237060547,21.799999237060547,22195,0.0,0.0
2025-03-04 04:20:00+00:00,21.799999237060547,21.799999237060547,21.799999237060547,21.799999237060547,7101,0.0,0.0
2025-03-04 04:25:00+00:00,21.799999237060547,21.850000381469727,21.799999237060547,21.850000381469727,47000,0.0,0.0
2025-03-04 04:30:00+00:00,21.850000381469727,21.850000381469727,21.850000381469727,21.850000381469727,2000,0.0,0.0
2025-03-04 04:35:00+00:00,21.850000381469727,21.850000381469727,21.850000381469727,21.850000381469727,13000,0.0,0.0
2025-03-04 04:40:00+00:00,21.850000381469727,21.850000381469727,21.850000381469727,21.850000381469727,12000,0.0,0.0
2025-03-04 04:45:00+00:00,21.850000381469727,21.850000381469727,21.850000381469727,21.850000381469727,10001,0.0,0.0
2025-03-04 04:50:00+00:00,21.850000381469727,21.850000381469727,21.850000381469727,21.850000381469727,7000,0.0,0.0
2025-03-04 04:55:00+00:00,21.850000381469727,21.850000381469727,21.850000381469727,21.850000381469727,6225,0.0,0.0
2025-03-04 05:00:00+00:00,21.850000381469727,21.850000381469727,21.850000381469727,21.850000381469727,17001,0.0,0.0
2025-03-04 05:05:00+00:00,21.850000381469727,21.850000381469727,21.850000381469727,21.850000381469727,7000,0.0,0.0
2025-03-04 05:10:00+00:00,21.850000381469727,21.850000381469727,21.850000381469727,21.850000381469727,11100,0.0,0.0
2025-03-04 05:15:00+00:00,21.899999618530273,21.899999618530273,21.850000381469727,21.850000381469727,19556,0.0,0.0
2025-03-04 05:20:00+00:00,21.799999237060547,21.899999618530273,21.799999237060547,21.850000381469727,20000,0.0,0.0
2025-03-05 01:00:00+00:00,22.200000762939453,22.299999237060547,22.049999237060547,22.100000381469727,0,0.0,0.0
2025-03-05 01:05:00+00:00,22.149999618530273,22.5,22.149999618530273,22.350000381469727,425000,0.0,0.0
2025-03-05 01:10:00+00:00,22.350000381469727,22.399999618530273,22.350000381469727,22.350000381469727,166670,0.0,0.0
2025-03-05 01:15:00+00:00,22.350000381469727,22.350000381469727,22.299999237060547,22.350000381469727,86877,0.0,0.0
2025-03-05 01:20:00+00:00,22.350000381469727,22.399999618530273,22.350000381469727,22.350000381469727,81000,0.0,0.0
2025-03-05 01:25:00+00:00,22.299999237060547,22.299999237060547,22.25,22.25,33050,0.0,0.0
2025-03-05 01:30:00+00:00,22.200000762939453,22.200000762939453,22.049999237060547,22.149999618530273,159601,0.0,0.0
2025-03-05 01:35:00+00:00,22.149999618530273,22.200000762939453,22.149999618530273,22.200000762939453,5000,0.0,0.0
2025-03-05 01:40:00+00:00,22.200000762939453,22.200000762939453,22.149999618530273,22.149999618530273,39205,0.0,0.0
2025-03-05 01:45:00+00:00,22.149999618530273,22.149999618530273,22.149999618530273,22.149999618530273,16000,0.0,0.0
2025-03-05 01:50:00+00:00,22.100000381469727,22.200000762939453,22.100000381469727,22.200000762939453,18000,0.0,0.0
2025-03-05 01:55:00+00:00,22.149999618530273,22.149999618530273,22.149999618530273,22.149999618530273,19000,0.0,0.0
2025-03-05 02:00:00+00:00,22.149999618530273,22.149999618530273,22.149999618530273,22.149999618530273,19100,0.0,0.0
2025-03-05 02:05:00+00:00,22.149999618530273,22.149999618530273,22.149999618530273,22.149999618530273,7000,0.0,0.0
2025-03-05 02:10:00+00:00,22.149999618530273,22.149999618530273,22.100000381469727,22.149999618530273,22010,0.0,0.0
2025-03-05 02:15:00+00:00,22.149999618530273,22.149999618530273,22.149999618530273,22.149999618530273,15100,0.0,0.0
2025-03-05 02:20:00+00:00,22.149999618530273,22.200000762939453,22.149999618530273,22.200000762939453,11011,0.0,0.0
2025-03-05 02:30:00+00:00,22.149999618530273,22.149999618530273,22.149999618530273,22.149999618530273,17400,0.0,0.0
2025-03-05 02:35:00+00:00,22.149999618530273,22.149999618530273,22.149999618530273,22.149999618530273,4100,0.0,0.0
2025-03-05 02:40:00+00:00,22.149999618530273,22.149999618530273,22.149999618530273,22.149999618530273,11000,0.0,0.0
2025-03-05 02:45:00+00:00,22.200000762939453,22.200000762939453,22.149999618530273,22.149999618530273,6360,0.0,0.0
2025-03-05 02:50:00+00:00,22.200000762939453,22.299999237060547,22.200000762939453,22.299999237060547,30113,0.0,0.0
2025-03-05 02:55:00+00:00,22.25,22.25,22.25,22.25,5000,0.0,0.0
2025-03-05 03:00:00+00:00,22.25,22.25,22.25,22.25,7000,0.0,0.0
2025-03-05 03:05:00+00:00,22.25,22.25,22.25,22.25,13000,0.0,0.0
2025-03-05 03:10:00+00:00,22.200000762939453,22.200000762939453,22.200000762939453,22.200000762939453,33000,0.0,0.0
2025-03-05 03:15:00+00:00,22.200000762939453,22.25,22.200000762939453,22.25,6000,0.0,0.0
2025-03-05 03:20:00+00:00,22.200000762939453,22.200000762939453,22.200000762939453,22.200000762939453,6000,0.0,0.0
2025-03-05 03:25:00+00:00,22.200000762939453,22.200000762939453,22.200000762939453,22.200000762939453,1000,0.0,0.0
2025-03-05 03:30:00+00:00,22.200000762939453,22.200000762939453,22.200000762939453,22.200000762939453,1220,0.0,0.0
2025-03-05 03:35:00+00:00,22.200000762939453,22.200000762939453,22.200000762939453,22.200000762939453,1000,0.0,0.0
2025-03-05 03:40:00+00:00,22.200000762939453,22.25,22.200000762939453,22.200000762939453,9000,0.0,0.0
2025-03-05 03:45:00+00:00,22.200000762939453,22.700000762939453,22.200000762939453,22.700000762939453,463813,0.0,0.0
2025-03-05 03:50:00+00:00,22.700000762939453,22.850000381469727,22.600000381469727,22.799999237060547,482011,0.0,0.0
2025-03-05 03:55:00+00:00,22.75,22.799999237060547,22.600000381469727,22.600000381469727,105100,0.0,0.0
2025-03-05 04:00:00+00:00,22.549999237060547,22.649999618530273,22.549999237060547,22.600000381469727,57500,0.0,0.0
2025-03-05 04:05:00+00:00,22.600000381469727,22.899999618530273,22.600000381469727,22.899999618530273,257224,0.0,0.0
2025-03-05 04:10:00+00:00,22.899999618530273,22.950000762939453,22.799999237060547,22.850000381469727,259244,0.0,0.0
2025-03-05 04:15:00+00:00,22.799999237060547,22.850000381469727,22.799999237060547,22.799999237060547,74000,0.0,0.0
2025-03-05 04:20:00+00:00,22.799999237060547,22.850000381469727,22.75,22.799999237060547,86540,0.0,0.0
2025-03-05 04:25:00+00:00,22.799999237060547,22.799999237060547,22.700000762939453,22.75,38001,0.0,0.0
2025-03-05 04:30:00+00:00,22.75,22.799999237060547,22.700000762939453,22.75,31020,0.0,0.0
2025-03-05 04:35:00+00:00,22.700000762939453,22.700000762939453,22.700000762939453,22.700000762939453,50104,0.0,0.0
2025-03-05 04:40:00+00:00,22.700000762939453,22.700000762939453,22.700000762939453,22.700000762939453,2000,0.0,0.0
2025-03-05 04:45:00+00:00,22.649999618530273,22.700000762939453,22.649999618530273,22.649999618530273,17071,0.0,0.0
2025-03-05 04:50:00+00:00,22.700000762939453,22.75,22.700000762939453,22.75,57499,0.0,0.0
2025-03-05 04:55:00+00:00,22.75,22.75,22.700000762939453,22.700000762939453,45000,0.0,0.0
2025-03-05 05:00:00+00:00,22.75,22.799999237060547,22.700000762939453,22.799999237060547,66050,0.0,0.0
2025-03-05 05:05:00+00:00,22.799999237060547,22.799999237060547,22.700000762939453,22.75,22000,0.0,0.0
2025-03-05 05:10:00+00:00,22.75,22.75,22.700000762939453,22.700000762939453,10010,0.0,0.0
2025-03-05 05:15:00+00:00,22.700000762939453,22.75,22.700000762939453,22.700000762939453,38010,0.0,0.0
2025-03-05 05:20:00+00:00,22.700000762939453,22.75,22.649999618530273,22.700000762939453,119138,0.0,0.0
2025-03-06 01:00:00+00:00,22.600000381469727,22.75,22.450000762939453,22.5,0,0.0,0.0
2025-03-06 01:05:00+00:00,22.450000762939453,22.549999237060547,22.450000762939453,22.549999237060547,182203,0.0,0.0
2025-03-06 01:10:00+00:00,22.549999237060547,22.549999237060547,22.450000762939453,22.450000762939453,66000,0.0,0.0
2025-03-06 01:15:00+00:00,22.450000762939453,22.450000762939453,22.350000381469727,22.350000381469727,99250,0.0,0.0
2025-03-06 01:20:00+00:00,22.350000381469727,22.399999618530273,22.25,22.299999237060547,118302,0.0,0.0
2025-03-06 01:25:00+00:00,22.299999237060547,22.350000381469727,22.299999237060547,22.350000381469727,26080,0.0,0.0
2025-03-06 01:30:00+00:00,22.299999237060547,22.350000381469727,22.299999237060547,22.299999237060547,21300,0.0,0.0
2025-03-06 01:35:00+00:00,22.299999237060547,22.299999237060547,22.25,22.299999237060547,37200,0.0,0.0
2025-03-06 01:40:00+00:00,22.299999237060547,22.299999237060547,22.299999237060547,22.299999237060547,28120,0.0,0.0
2025-03-06 01:45:00+00:00,22.299999237060547,22.299999237060547,22.25,22.25,12000,0.0,0.0
2025-03-06 01:50:00+00:00,22.299999237060547,22.299999237060547,22.25,22.25,12000,0.0,0.0
2025-03-06 01:55:00+00:00,22.299999237060547,22.299999237060547,22.25,22.25,16007,0.0,0.0
2025-03-06 02:00:00+00:00,22.25,22.299999237060547,22.100000381469727,22.149999618530273,165623,0.0,0.0
2025-03-06 02:05:00+00:00,22.149999618530273,22.149999618530273,22.149999618530273,22.149999618530273,2269,0.0,0.0
2025-03-06 02:10:00+00:00,22.149999618530273,22.149999618530273,22.149999618530273,22.149999618530273,2160,0.0,0.0
2025-03-06 02:15:00+00:00,22.149999618530273,22.149999618530273,22.100000381469727,22.149999618530273,40001,0.0,0.0
2025-03-06 02:20:00+00:00,22.149999618530273,22.149999618530273,22.100000381469727,22.149999618530273,10000,0.0,0.0
2025-03-06 02:25:00+00:00,22.100000381469727,22.149999618530273,22.100000381469727,22.100000381469727,12100,0.0,0.0
2025-03-06 02:30:00+00:00,22.100000381469727,22.149999618530273,22.100000381469727,22.149999618530273,53198,0.0,0.0
2025-03-06 02:35:00+00:00,22.149999618530273,22.149999618530273,22.149999618530273,22.149999618530273,23000,0.0,0.0
2025-03-06 02:40:00+00:00,22.149999618530273,22.149999618530273,22.149999618530273,22.149999618530273,1000,0.0,0.0
2025-03-06 02:50:00+00:00,22.149999618530273,22.149999618530273,22.100000381469727,22.149999618530273,34400,0.0,0.0
2025-03-06 02:55:00+00:00,22.149999618530273,22.149999618530273,22.149999618530273,22.149999618530273,21250,0.0,0.0
2025-03-06 03:00:00+00:00,22.100000381469727,22.149999618530273,22.100000381469727,22.149999618530273,73417,0.0,0.0
2025-03-06 03:10:00+00:00,22.100000381469727,22.100000381469727,22.0,22.049999237060547,112292,0.0,0.0
2025-03-06 03:15:00+00:00,22.049999237060547,22.049999237060547,22.0,22.049999237060547,38100,0.0,0.0
2025-03-06 03:20:00+00:00,22.100000381469727,22.100000381469727,22.100000381469727,22.100000381469727,2002,0.0,0.0
2025-03-06 03:25:00+00:00,22.100000381469727,22.100000381469727,22.049999237060547,22.049999237060547,4090,0.0,0.0
2025-03-06 03:35:00+00:00,22.049999237060547,22.049999237060547,22.049999237060547,22.049999237060547,12000,0.0,0.0
2025-03-06 03:40:00+00:00,22.049999237060547,22.049999237060547,22.0,22.049999237060547,29000,0.0,0.0
2025-03-06 03:45:00+00:00,22.049999237060547,22.049999237060547,22.049999237060547,22.049999237060547,22010,0.0,0.0
2025-03-06 03:50:00+00:00,22.100000381469727,22.100000381469727,22.049999237060547,22.049999237060547,30000,0.0,0.0
2025-03-06 03:55:00+00:00,22.049999237060547,22.049999237060547,22.0,22.049999237060547,8010,0.0,0.0
2025-03-06 04:00:00+00:00,22.049999237060547,22.049999237060547,22.049999237060547,22.049999237060547,5001,0.0,0.0
2025-03-06 04:05:00+00:00,22.049999237060547,22.049999237060547,22.049999237060547,22.049999237060547,15046,0.0,0.0
2025-03-06 04:10:00+00:00,22.0,22.0,21.950000762939453,21.950000762939453,158107,0.0,0.0
2025-03-06 04:15:00+00:00,21.950000762939453,21.950000762939453,21.899999618530273,21.899999618530273,58596,0.0,0.0
2025-03-06 04:20:00+00:00,21.899999618530273,21.899999618530273,21.899999618530273,21.899999618530273,51499,0.0,0.0
2025-03-06 04:25:00+00:00,21.899999618530273,21.899999618530273,21.850000381469727,21.850000381469727,39328,0.0,0.0
2025-03-06 04:30:00+00:00,21.899999618530273,21.899999618530273,21.850000381469727,21.850000381469727,66497,0.0,0.0
2025-03-06 04:35:00+00:00,21.850000381469727,21.850000381469727,21.850000381469727,21.850000381469727,3000,0.0,0.0
2025-03-06 04:40:00+00:00,21.899999618530273,21.899999618530273,21.850000381469727,21.899999618530273,5000,0.0,0.0
2025-03-06 04:45:00+00:00,21.899999618530273,21.899999618530273,21.850000381469727,21.899999618530273,38010,0.0,0.0
2025-03-06 04:50:00+00:00,21.899999618530273,21.899999618530273,21.899999618530273,21.899999618530273,15015,0.0,0.0
2025-03-06 04:55:00+00:00,21.899999618530273,21.899999618530273,21.899999618530273,21.899999618530273,13030,0.0,0.0
2025-03-06 05:00:00+00:00,21.850000381469727,21.850000381469727,21.799999237060547,21.799999237060547,90778,0.0,0.0
2025-03-06 05:05:00+00:00,21.799999237060547,21.899999618530273,21.799999237060547,21.899999618530273,51400,0.0,0.0
2025-03-06 05:10:00+00:00,21.850000381469727,21.899999618530273,21.799999237060547,21.899999618530273,46001,0.0,0.0
2025-03-06 05:15:00+00:00,21.850000381469727,21.899999618530273,21.799999237060547,21.799999237060547,42000,0.0,0.0
2025-03-06 05:20:00+00:00,21.850000381469727,21.850000381469727,21.799999237060547,21.799999237060547,48000,0.0,0.0
2025-03-07 01:00:00+00:00,21.75,21.850000381469727,21.75,21.799999237060547,0,0.0,0.0
2025-03-07 01:05:00+00:00,21.799999237060547,21.899999618530273,21.799999237060547,21.899999618530273,35147,0.0,0.0
2025-03-07 01:10:00+00:00,21.899999618530273,21.899999618530273,21.899999618530273,21.899999618530273,7000,0.0,0.0
2025-03-07 01:15:00+00:00,21.899999618530273,21.899999618530273,21.899999618530273,21.899999618530273,5066,0.0,0.0
2025-03-07 01:20:00+00:00,21.899999618530273,21.899999618530273,21.899999618530273,21.899999618530273,6000,0.0,0.0
2025-03-07 01:25:00+00:00,21.899999618530273,21.899999618530273,21.850000381469727,21.850000381469727,20002,0.0,0.0
2025-03-07 01:30:00+00:00,21.850000381469727,21.850000381469727,21.850000381469727,21.850000381469727,23000,0.0,0.0
2025-03-07 01:35:00+00:00,21.850000381469727,21.850000381469727,21.850000381469727,21.850000381469727,3000,0.0,0.0
2025-03-07 01:40:00+00:00,21.850000381469727,21.850000381469727,21.850000381469727,21.850000381469727,26000,0.0,0.0
2025-03-07 01:45:00+00:00,21.850000381469727,21.850000381469727,21.799999237060547,21.799999237060547,22001,0.0,0.0
2025-03-07 01:50:00+00:00,21.75,21.75,21.75,21.75,9082,0.0,0.0
2025-03-07 01:55:00+00:00,21.75,21.75,21.700000762939453,21.700000762939453,26161,0.0,0.0
2025-03-07 02:00:00+00:00,21.75,21.75,21.700000762939453,21.700000762939453,4000,0.0,0.0
2025-03-07 02:05:00+00:00,21.700000762939453,21.700000762939453,21.700000762939453,21.700000762939453,1001,0.0,0.0
2025-03-07 02:10:00+00:00,21.700000762939453,21.700000762939453,21.649999618530273,21.700000762939453,84145,0.0,0.0
2025-03-07 02:15:00+00:00,21.700000762939453,21.700000762939453,21.700000762939453,21.700000762939453,16000,0.0,0.0
2025-03-07 02:20:00+00:00,21.700000762939453,21.700000762939453,21.700000762939453,21.700000762939453,1000,0.0,0.0
2025-03-07 02:25:00+00:00,21.700000762939453,21.700000762939453,21.649999618530273,21.649999618530273,26000,0.0,0.0
2025-03-07 02:30:00+00:00,21.600000381469727,21.600000381469727,21.600000381469727,21.600000381469727,3258,0.0,0.0
2025-03-07 02:35:00+00:00,21.600000381469727,21.700000762939453,21.600000381469727,21.700000762939453,9000,0.0,0.0
2025-03-07 02:40:00+00:00,21.700000762939453,21.700000762939453,21.700000762939453,21.700000762939453,4000,0.0,0.0
2025-03-07 02:45:00+00:00,21.700000762939453,21.700000762939453,21.700000762939453,21.700000762939453,6001,0.0,0.0
2025-03-07 02:50:00+00:00,21.700000762939453,21.700000762939453,21.649999618530273,21.649999618530273,2000,0.0,0.0
2025-03-07 02:55:00+00:00,21.649999618530273,21.649999618530273,21.649999618530273,21.649999618530273,5000,0.0,0.0
2025-03-07 03:00:00+00:00,21.649999618530273,21.700000762939453,21.649999618530273,21.649999618530273,3000,0.0,0.0
2025-03-07 03:05:00+00:00,21.649999618530273,21.649999618530273,21.649999618530273,21.649999618530273,37000,0.0,0.0
2025-03-07 03:10:00+00:00,21.700000762939453,21.700000762939453,21.700000762939453,21.700000762939453,2000,0.0,0.0
2025-03-07 03:15:00+00:00,21.700000762939453,21.75,21.700000762939453,21.75,10000,0.0,0.0
2025-03-07 03:20:00+00:00,21.700000762939453,21.75,21.700000762939453,21.700000762939453,8018,0.0,0.0
2025-03-07 03:25:00+00:00,21.649999618530273,21.649999618530273,21.649999618530273,21.649999618530273,3000,0.0,0.0
2025-03-07 03:30:00+00:00,21.649999618530273,21.649999618530273,21.600000381469727,21.600000381469727,7000,0.0,0.0
2025-03-07 03:35:00+00:00,21.600000381469727,21.600000381469727,21.600000381469727,21.600000381469727,2000,0.0,0.0
2025-03-07 03:40:00+00:00,21.600000381469727,21.600000381469727,21.600000381469727,21.600000381469727,2000,0.0,0.0
2025-03-07 03:45:00+00:00,21.600000381469727,21.600000381469727,21.600000381469727,21.600000381469727,2000,0.0,0.0
2025-03-07 03:50:00+00:00,21.600000381469727,21.600000381469727,21.600000381469727,21.600000381469727,33000,0.0,0.0
2025-03-07 03:55:00+00:00,21.600000381469727,21.600000381469727,21.600000381469727,21.600000381469727,2000,0.0,0.0
2025-03-07 04:00:00+00:00,21.600000381469727,21.649999618530273,21.600000381469727,21.649999618530273,5000,0.0,0.0
2025-03-07 04:05:00+00:00,21.649999618530273,21.649999618530273,21.649999618530273,21.649999618530273,8000,0.0,0.0
2025-03-07 04:10:00+00:00,21.649999618530273,21.700000762939453,21.649999618530273,21.700000762939453,9000,0.0,0.0
2025-03-07 04:15:00+00:00,21.700000762939453,21.700000762939453,21.700000762939453,21.700000762939453,4000,0.0,0.0
2025-03-07 04:20:00+00:00,21.700000762939453,21.75,21.700000762939453,21.75,27000,0.0,0.0
2025-03-07 04:25:00+00:00,21.700000762939453,21.700000762939453,21.649999618530273,21.649999618530273,6000,0.0,0.0
2025-03-07 04:30:00+00:00,21.649999618530273,21.649999618530273,21.649999618530273,21.649999618530273,5000,0.0,0.0
2025-03-07 04:35:00+00:00,21.649999618530273,21.700000762939453,21.649999618530273,21.649999618530273,9250,0.0,0.0
2025-03-07 04:40:00+00:00,21.649999618530273,21.700000762939453,21.600000381469727,21.649999618530273,33009,0.0,0.0
2025-03-07 04:45:00+00:00,21.649999618530273,21.649999618530273,21.649999618530273,21.649999618530273,28050,0.0,0.0
2025-03-07 04:50:00+00:00,21.649999618530273,21.700000762939453,21.649999618530273,21.649999618530273,24050,0.0,0.0
2025-03-07 04:55:00+00:00,21.600000381469727,21.649999618530273,21.600000381469727,21.649999618530273,15420,0.0,0.0
2025-03-07 05:00:00+00:00,21.649999618530273,21.649999618530273,21.600000381469727,21.600000381469727,5000,0.0,0.0
2025-03-07 05:05:00+00:00,21.600000381469727,21.600000381469727,21.600000381469727,21.600000381469727,31000,0.0,0.0
2025-03-07 05:10:00+00:00,21.649999618530273,21.649999618530273,21.600000381469727,21.600000381469727,14000,0.0,0.0
2025-03-07 05:15:00+00:00,21.600000381469727,21.600000381469727,21.600000381469727,21.600000381469727,19001,0.0,0.0
2025-03-07 05:20:00+00:00,21.600000381469727,21.649999618530273,21.600000381469727,21.600000381469727,45001,0.0,0.0
2025-03-10 01:00:00+00:00,21.549999237060547,21.549999237060547,21.350000381469727,21.350000381469727,0,0.0,0.0
2025-03-10 01:05:00+00:00,21.399999618530273,21.5,21.399999618530273,21.399999618530273,21071,0.0,0.0
2025-03-10 01:10:00+00:00,21.450000762939453,21.450000762939453,21.299999237060547,21.350000381469727,53149,0.0,0.0
2025-03-10 01:15:00+00:00,21.399999618530273,21.399999618530273,21.350000381469727,21.350000381469727,22003,0.0,0.0
2025-03-10 01:20:00+00:00,21.399999618530273,21.450000762939453,21.350000381469727,21.399999618530273,37022,0.0,0.0
2025-03-10 01:25:00+00:00,21.450000762939453,21.450000762939453,21.299999237060547,21.299999237060547,38200,0.0,0.0
2025-03-10 01:30:00+00:00,21.299999237060547,21.350000381469727,21.25,21.25,63760,0.0,0.0
2025-03-10 01:35:00+00:00,21.25,21.299999237060547,21.25,21.299999237060547,43210,0.0,0.0
2025-03-10 01:40:00+00:00,21.25,21.299999237060547,21.25,21.25,34000,0.0,0.0
2025-03-10 01:45:00+00:00,21.25,21.25,21.200000762939453,21.200000762939453,58495,0.0,0.0
2025-03-10 01:50:00+00:00,21.200000762939453,21.25,21.200000762939453,21.200000762939453,13000,0.0,0.0
2025-03-10 01:55:00+00:00,21.299999237060547,21.299999237060547,21.25,21.25,5100,0.0,0.0
2025-03-10 02:00:00+00:00,21.25,21.299999237060547,21.25,21.299999237060547,12000,0.0,0.0
2025-03-10 02:05:00+00:00,21.350000381469727,21.399999618530273,21.350000381469727,21.350000381469727,12000,0.0,0.0
2025-03-10 02:10:00+00:00,21.299999237060547,21.299999237060547,21.299999237060547,21.299999237060547,7048,0.0,0.0
2025-03-10 02:20:00+00:00,21.299999237060547,21.350000381469727,21.299999237060547,21.350000381469727,8000,0.0,0.0
2025-03-10 02:25:00+00:00,21.350000381469727,21.350000381469727,21.299999237060547,21.299999237060547,25050,0.0,0.0
2025-03-10 02:30:00+00:00,21.299999237060547,21.299999237060547,21.299999237060547,21.299999237060547,10000,0.0,0.0
2025-03-10 02:35:00+00:00,21.299999237060547,21.299999237060547,21.299999237060547,21.299999237060547,2000,0.0,0.0
2025-03-10 02:40:00+00:00,21.350000381469727,21.350000381469727,21.299999237060547,21.350000381469727,15026,0.0,0.0
2025-03-10 02:45:00+00:00,21.399999618530273,21.399999618530273,21.399999618530273,21.399999618530273,11000,0.0,0.0
2025-03-10 02:50:00+00:00,21.399999618530273,21.399999618530273,21.350000381469727,21.350000381469727,16000,0.0,0.0
2025-03-10 02:55:00+00:00,21.350000381469727,21.350000381469727,21.350000381469727,21.350000381469727,1000,0.0,0.0
2025-03-10 03:00:00+00:00,21.350000381469727,21.350000381469727,21.350000381469727,21.350000381469727,16020,0.0,0.0
2025-03-10 03:05:00+00:00,21.350000381469727,21.350000381469727,21.350000381469727,21.350000381469727,4001,0.0,0.0
2025-03-10 03:10:00+00:00,21.299999237060547,21.350000381469727,21.299999237060547,21.350000381469727,46131,0.0,0.0
2025-03-10 03:15:00+00:00,21.350000381469727,21.350000381469727,21.299999237060547,21.299999237060547,12016,0.0,0.0
2025-03-10 03:25:00+00:00,21.350000381469727,21.350000381469727,21.350000381469727,21.350000381469727,9000,0.0,0.0
2025-03-10 03:30:00+00:00,21.350000381469727,21.350000381469727,21.299999237060547,21.299999237060547,7098,0.0,0.0
2025-03-10 03:35:00+00:00,21.25,21.25,21.25,21.25,26000,0.0,0.0
2025-03-10 03:40:00+00:00,21.25,21.25,21.25,21.25,10101,0.0,0.0
2025-03-10 03:45:00+00:00,21.299999237060547,21.299999237060547,21.25,21.25,6000,0.0,0.0
2025-03-10 03:50:00+00:00,21.25,21.25,21.25,21.25,2000,0.0,0.0
2025-03-10 03:55:00+00:00,21.25,21.299999237060547,21.25,21.25,28000,0.0,0.0
2025-03-10 04:00:00+00:00,21.25,21.299999237060547,21.25,21.25,3064,0.0,0.0
2025-03-10 04:05:00+00:00,21.299999237060547,21.299999237060547,21.25,21.25,14100,0.0,0.0
2025-03-10 04:10:00+00:00,21.25,21.25,21.25,21.25,2000,0.0,0.0
2025-03-10 04:15:00+00:00,21.25,21.299999237060547,21.25,21.299999237060547,10000,0.0,0.0
2025-03-10 04:20:00+00:00,21.299999237060547,21.299999237060547,21.25,21.299999237060547,3033,0.0,0.0
2025-03-10 04:25:00+00:00,21.25,21.299999237060547,21.25,21.299999237060547,10305,0.0,0.0
2025-03-10 04:30:00+00:00,21.299999237060547,21.299999237060547,21.25,21.25,39000,0.0,0.0
2025-03-10 04:35:00+00:00,21.200000762939453,21.25,21.200000762939453,21.200000762939453,24000,0.0,0.0
2025-03-10 04:40:00+00:00,21.25,21.25,21.200000762939453,21.200000762939453,4893,0.0,0.0
2025-03-10 04:45:00+00:00,21.25,21.25,21.200000762939453,21.200000762939453,2000,0.0,0.0
2025-03-10 04:50:00+00:00,21.25,21.25,21.200000762939453,21.200000762939453,31100,0.0,0.0
2025-03-10 04:55:00+00:00,21.200000762939453,21.200000762939453,21.200000762939453,21.200000762939453,4000,0.0,0.0
2025-03-10 05:00:00+00:00,21.25,21.25,21.200000762939453,21.200000762939453,18000,0.0,0.0
2025-03-10 05:05:00+00:00,21.25,21.25,21.200000762939453,21.200000762939453,21750,0.0,0.0
2025-03-10 05:10:00+00:00,21.25,21.25,21.200000762939453,21.200000762939453,19200,0.0,0.0
2025-03-10 05:15:00+00:00,21.200000762939453,21.25,21.200000762939453,21.25,21300,0.0,0.0
2025-03-10 05:20:00+00:00,21.200000762939453,21.200000762939453,21.200000762939453,21.200000762939453,39251,0.0,0.0
2025-03-11 01:00:00+00:00,20.600000381469727,20.600000381469727,20.25,20.299999237060547,0,0.0,0.0
2025-03-11 01:05:00+00:00,20.25,20.25,20.049999237060547,20.100000381469727,298000,0.0,0.0
2025-03-11 01:10:00+00:00,20.049999237060547,20.149999618530273,20.0,20.0,152831,0.0,0.0
2025-03-11 01:15:00+00:00,20.0,20.25,20.0,20.049999237060547,336481,0.0,0.0
2025-03-11 01:20:00+00:00,20.100000381469727,20.200000762939453,20.0,20.149999618530273,282000,0.0,0.0
2025-03-11 01:25:00+00:00,20.149999618530273,20.149999618530273,20.100000381469727,20.100000381469727,29000,0.0,0.0
2025-03-11 01:30:00+00:00,20.100000381469727,20.149999618530273,20.0,20.049999237060547,202174,0.0,0.0
2025-03-11 01:35:00+00:00,20.100000381469727,20.100000381469727,19.950000762939453,20.049999237060547,301069,0.0,0.0
2025-03-11 01:40:00+00:00,20.049999237060547,20.149999618530273,20.049999237060547,20.149999618530273,23000,0.0,0.0
2025-03-11 01:45:00+00:00,20.149999618530273,20.200000762939453,20.149999618530273,20.200000762939453,52202,0.0,0.0
2025-03-11 01:50:00+00:00,20.149999618530273,20.200000762939453,20.149999618530273,20.200000762939453,41152,0.0,0.0
2025-03-11 01:55:00+00:00,20.149999618530273,20.200000762939453,20.149999618530273,20.200000762939453,5012,0.0,0.0
2025-03-11 02:00:00+00:00,20.200000762939453,20.200000762939453,20.200000762939453,20.200000762939453,42100,0.0,0.0
2025-03-11 02:05:00+00:00,20.200000762939453,20.25,20.200000762939453,20.25,45050,0.0,0.0
2025-03-11 02:10:00+00:00,20.25,20.25,20.200000762939453,20.25,18000,0.0,0.0
2025-03-11 02:15:00+00:00,20.25,20.25,20.25,20.25,10080,0.0,0.0
2025-03-11 02:20:00+00:00,20.25,20.299999237060547,20.25,20.299999237060547,40150,0.0,0.0
2025-03-11 02:25:00+00:00,20.25,20.299999237060547,20.25,20.25,16001,0.0,0.0
2025-03-11 02:30:00+00:00,20.25,20.25,20.25,20.25,20000,0.0,0.0
2025-03-11 02:35:00+00:00,20.25,20.25,20.25,20.25,6001,0.0,0.0
2025-03-11 02:40:00+00:00,20.200000762939453,20.25,20.200000762939453,20.200000762939453,3049,0.0,0.0
2025-03-11 02:45:00+00:00,20.200000762939453,20.25,20.200000762939453,20.200000762939453,22000,0.0,0.0
2025-03-11 02:50:00+00:00,20.200000762939453,20.25,20.200000762939453,20.200000762939453,20100,0.0,0.0
2025-03-11 02:55:00+00:00,20.200000762939453,20.200000762939453,20.149999618530273,20.200000762939453,72568,0.0,0.0
2025-03-11 03:00:00+00:00,20.200000762939453,20.299999237060547,20.200000762939453,20.299999237060547,94000,0.0,0.0
2025-03-11 03:05:00+00:00,20.299999237060547,20.350000381469727,20.299999237060547,20.299999237060547,58000,0.0,0.0
2025-03-11 03:10:00+00:00,20.299999237060547,20.350000381469727,20.299999237060547,20.350000381469727,84000,0.0,0.0
2025-03-11 03:15:00+00:00,20.350000381469727,20.350000381469727,20.299999237060547,20.350000381469727,8000,0.0,0.0
2025-03-11 03:20:00+00:00,20.350000381469727,20.350000381469727,20.299999237060547,20.299999237060547,19000,0.0,0.0
2025-03-11 03:25:00+00:00,20.299999237060547,20.299999237060547,20.299999237060547,20.299999237060547,20000,0.0,0.0
2025-03-11 03:30:00+00:00,20.299999237060547,20.299999237060547,20.25,20.25,5000,0.0,0.0
2025-03-11 03:35:00+00:00,20.299999237060547,20.299999237060547,20.200000762939453,20.25,26000,0.0,0.0
2025-03-11 03:40:00+00:00,20.200000762939453,20.25,20.200000762939453,20.25,38532,0.0,0.0
2025-03-11 03:45:00+00:00,20.200000762939453,20.25,20.200000762939453,20.25,11046,0.0,0.0
2025-03-11 03:50:00+00:00,20.25,20.25,20.200000762939453,20.25,8000,0.0,0.0
2025-03-11 03:55:00+00:00,20.25,20.299999237060547,20.25,20.299999237060547,4000,0.0,0.0
2025-03-11 04:00:00+00:00,20.299999237060547,20.299999237060547,20.25,20.299999237060547,10050,0.0,0.0
2025-03-11 04:05:00+00:00,20.25,20.25,20.25,20.25,2100,0.0,0.0
2025-03-11 04:10:00+00:00,20.25,20.25,20.25,20.25,3000,0.0,0.0
2025-03-11 04:15:00+00:00,20.25,20.350000381469727,20.25,20.350000381469727,68028,0.0,0.0
2025-03-11 04:20:00+00:00,20.350000381469727,20.350000381469727,20.350000381469727,20.350000381469727,20047,0.0,0.0
2025-03-11 04:25:00+00:00,20.399999618530273,20.450000762939453,20.399999618530273,20.399999618530273,60001,0.0,0.0
2025-03-11 04:30:00+00:00,20.399999618530273,20.399999618530273,20.399999618530273,20.399999618530273,20070,0.0,0.0
2025-03-11 04:35:00+00:00,20.399999618530273,20.399999618530273,20.399999618530273,20.399999618530273,44000,0.0,0.0
2025-03-11 04:40:00+00:00,20.399999618530273,20.399999618530273,20.399999618530273,20.399999618530273,31000,0.0,0.0
2025-03-11 04:45:00+00:00,20.399999618530273,20.450000762939453,20.399999618530273,20.399999618530273,4000,0.0,0.0
2025-03-11 04:50:00+00:00,20.399999618530273,20.399999618530273,20.399999618530273,20.399999618530273,2000,0.0,0.0
2025-03-11 04:55:00+00:00,20.399999618530273,20.450000762939453,20.399999618530273,20.399999618530273,32030,0.0,0.0
2025-03-11 05:00:00+00:00,20.350000381469727,20.399999618530273,20.350000381469727,20.399999618530273,23000,0.0,0.0
2025-03-11 05:05:00+00:00,20.399999618530273,20.450000762939453,20.399999618530273,20.399999618530273,14051,0.0,0.0
2025-03-11 05:10:00+00:00,20.350000381469727,20.5,20.350000381469727,20.5,96000,0.0,0.0
2025-03-11 05:15:00+00:00,20.450000762939453,20.5,20.450000762939453,20.450000762939453,33603,0.0,0.0
2025-03-11 05:20:00+00:00,20.450000762939453,20.5,20.399999618530273,20.399999618530273,26301,0.0,0.0
2025-03-12 01:00:00+00:00,20.399999618530273,20.5,20.299999237060547,20.299999237060547,0,0.0,0.0
2025-03-12 01:05:00+00:00,20.350000381469727,20.399999618530273,20.25,20.399999618530273,96017,0.0,0.0
2025-03-12 01:10:00+00:00,20.350000381469727,20.350000381469727,20.200000762939453,20.200000762939453,123148,0.0,0.0
2025-03-12 01:15:00+00:00,20.200000762939453,20.299999237060547,20.200000762939453,20.25,45157,0.0,0.0
2025-03-12 01:20:00+00:00,20.25,20.25,20.200000762939453,20.25,8750,0.0,0.0
2025-03-12 01:25:00+00:00,20.25,20.350000381469727,20.25,20.299999237060547,21000,0.0,0.0
2025-03-12 01:30:00+00:00,20.299999237060547,20.350000381469727,20.299999237060547,20.299999237060547,6002,0.0,0.0
2025-03-12 01:35:00+00:00,20.299999237060547,20.350000381469727,20.299999237060547,20.350000381469727,4000,0.0,0.0
2025-03-12 01:40:00+00:00,20.350000381469727,20.350000381469727,20.350000381469727,20.350000381469727,10151,0.0,0.0
2025-03-12 01:45:00+00:00,20.399999618530273,20.399999618530273,20.350000381469727,20.350000381469727,13101,0.0,0.0
2025-03-12 01:50:00+00:00,20.399999618530273,20.399999618530273,20.399999618530273,20.399999618530273,4000,0.0,0.0
2025-03-12 02:00:00+00:00,20.399999618530273,20.399999618530273,20.399999618530273,20.399999618530273,5075,0.0,0.0
2025-03-12 02:05:00+00:00,20.399999618530273,20.399999618530273,20.399999618530273,20.399999618530273,2000,0.0,0.0
2025-03-12 02:10:00+00:00,20.350000381469727,20.399999618530273,20.350000381469727,20.350000381469727,5001,0.0,0.0
2025-03-12 02:15:00+00:00,20.350000381469727,20.350000381469727,20.299999237060547,20.299999237060547,33150,0.0,0.0
2025-03-12 02:20:00+00:00,20.350000381469727,20.350000381469727,20.350000381469727,20.350000381469727,8000,0.0,0.0
2025-03-12 02:25:00+00:00,20.350000381469727,20.350000381469727,20.350000381469727,20.350000381469727,2000,0.0,0.0
2025-03-12 02:30:00+00:00,20.399999618530273,20.399999618530273,20.299999237060547,20.399999618530273,44000,0.0,0.0
2025-03-12 02:35:00+00:00,20.399999618530273,20.399999618530273,20.399999618530273,20.399999618530273,7000,0.0,0.0
2025-03-12 02:40:00+00:00,20.350000381469727,20.350000381469727,20.350000381469727,20.350000381469727,18100,0.0,0.0
2025-03-12 02:45:00+00:00,20.350000381469727,20.350000381469727,20.350000381469727,20.350000381469727,3020,0.0,0.0
2025-03-12 02:50:00+00:00,20.399999618530273,20.450000762939453,20.399999618530273,20.450000762939453,69180,0.0,0.0
2025-03-12 02:55:00+00:00,20.450000762939453,20.450000762939453,20.450000762939453,20.450000762939453,12000,0.0,0.0
2025-03-12 03:00:00+00:00,20.399999618530273,20.399999618530273,20.399999618530273,20.399999618530273,2100,0.0,0.0
2025-03-12 03:10:00+00:00,20.450000762939453,20.450000762939453,20.399999618530273,20.399999618530273,3000,0.0,0.0
2025-03-12 03:15:00+00:00,20.399999618530273,20.450000762939453,20.399999618530273,20.450000762939453,31000,0.0,0.0
2025-03-12 03:20:00+00:00,20.399999618530273,20.399999618530273,20.399999618530273,20.399999618530273,1000,0.0,0.0
2025-03-12 03:25:00+00:00,20.450000762939453,20.5,20.450000762939453,20.450000762939453,63000,0.0,0.0
2025-03-12 03:30:00+00:00,20.450000762939453,20.5,20.450000762939453,20.450000762939453,7000,0.0,0.0
2025-03-12 03:35:00+00:00,20.450000762939453,20.450000762939453,20.399999618530273,20.450000762939453,3201,0.0,0.0
2025-03-12 03:40:00+00:00,20.450000762939453,20.450000762939453,20.399999618530273,20.450000762939453,5000,0.0,0.0
2025-03-12 03:45:00+00:00,20.450000762939453,20.5,20.450000762939453,20.5,44000,0.0,0.0
2025-03-12 03:50:00+00:00,20.5,20.5,20.399999618530273,20.450000762939453,18000,0.0,0.0
2025-03-12 03:55:00+00:00,20.450000762939453,20.450000762939453,20.450000762939453,20.450000762939453,6000,0.0,0.0
2025-03-12 04:00:00+00:00,20.450000762939453,20.450000762939453,20.450000762939453,20.450000762939453,3000,0.0,0.0
2025-03-12 04:05:00+00:00,20.450000762939453,20.450000762939453,20.450000762939453,20.450000762939453,12359,0.0,0.0
2025-03-12 04:10:00+00:00,20.450000762939453,20.450000762939453,20.450000762939453,20.450000762939453,14631,0.0,0.0
2025-03-12 04:15:00+00:00,20.450000762939453,20.450000762939453,20.399999618530273,20.399999618530273,19000,0.0,0.0
2025-03-12 04:20:00+00:00,20.450000762939453,20.450000762939453,20.399999618530273,20.399999618530273,25000,0.0,0.0
2025-03-12 04:25:00+00:00,20.450000762939453,20.450000762939453,20.450000762939453,20.450000762939453,5200,0.0,0.0
2025-03-12 04:35:00+00:00,20.450000762939453,20.450000762939453,20.399999618530273,20.399999618530273,11195,0.0,0.0
2025-03-12 04:40:00+00:00,20.399999618530273,20.399999618530273,20.350000381469727,20.350000381469727,181126,0.0,0.0
2025-03-12 04:45:00+00:00,20.350000381469727,20.350000381469727,20.350000381469727,20.350000381469727,29771,0.0,0.0
2025-03-12 04:50:00+00:00,20.299999237060547,20.350000381469727,20.299999237060547,20.299999237060547,21000,0.0,0.0
2025-03-12 04:55:00+00:00,20.350000381469727,20.350000381469727,20.299999237060547,20.299999237060547,20000,0.0,0.0
2025-03-12 05:00:00+00:00,20.299999237060547,20.350000381469727,20.299999237060547,20.350000381469727,32001,0.0,0.0
2025-03-12 05:05:00+00:00,20.350000381469727,20.350000381469727,20.299999237060547,20.350000381469727,16000,0.0,0.0
2025-03-12 05:10:00+00:00,20.350000381469727,20.350000381469727,20.299999237060547,20.350000381469727,9100,0.0,0.0
2025-03-12 05:15:00+00:00,20.350000381469727,20.350000381469727,20.299999237060547,20.299999237060547,31000,0.0,0.0
2025-03-12 05:20:00+00:00,20.350000381469727,20.350000381469727,20.25,20.25,68035,0.0,0.0
2025-03-13 01:00:00+00:00,20.450000762939453,20.600000381469727,20.450000762939453,20.549999237060547,0,0.0,0.0
2025-03-13 01:05:00+00:00,20.5,20.549999237060547,20.450000762939453,20.5,20000,0.0,0.0
2025-03-13 01:10:00+00:00,20.450000762939453,20.700000762939453,20.450000762939453,20.649999618530273,130001,0.0,0.0
2025-03-13 01:15:00+00:00,20.600000381469727,20.600000381469727,20.600000381469727,20.600000381469727,28000,0.0,0.0
2025-03-13 01:20:00+00:00,20.549999237060547,20.600000381469727,20.5,20.5,36000,0.0,0.0
2025-03-13 01:25:00+00:00,20.5,20.5,20.450000762939453,20.5,8000,0.0,0.0
2025-03-13 01:30:00+00:00,20.450000762939453,20.5,20.450000762939453,20.5,14000,0.0,0.0
2025-03-13 01:35:00+00:00,20.450000762939453,20.5,20.450000762939453,20.5,3000,0.0,0.0
2025-03-13 01:40:00+00:00,20.5,20.549999237060547,20.5,20.5,13000,0.0,0.0
2025-03-13 01:45:00+00:00,20.450000762939453,20.450000762939453,20.450000762939453,20.450000762939453,11000,0.0,0.0
2025-03-13 01:50:00+00:00,20.450000762939453,20.5,20.399999618530273,20.5,42000,0.0,0.0
2025-03-13 01:55:00+00:00,20.450000762939453,20.5,20.450000762939453,20.5,15000,0.0,0.0
2025-03-13 02:00:00+00:00,20.450000762939453,20.450000762939453,20.450000762939453,20.450000762939453,10000,0.0,0.0
2025-03-13 02:05:00+00:00,20.450000762939453,20.450000762939453,20.450000762939453,20.450000762939453,13000,0.0,0.0
2025-03-13 02:10:00+00:00,20.399999618530273,20.450000762939453,20.399999618530273,20.450000762939453,4000,0.0,0.0
2025-03-13 02:15:00+00:00,20.450000762939453,20.450000762939453,20.399999618530273,20.399999618530273,13456,0.0,0.0
2025-03-13 02:20:00+00:00,20.399999618530273,20.399999618530273,20.399999618530273,20.399999618530273,7294,0.0,0.0
2025-03-13 02:25:00+00:00,20.399999618530273,20.399999618530273,20.399999618530273,20.399999618530273,3000,0.0,0.0
2025-03-13 02:30:00+00:00,20.399999618530273,20.399999618530273,20.350000381469727,20.350000381469727,32000,0.0,0.0
2025-03-13 02:35:00+00:00,20.350000381469727,20.399999618530273,20.350000381469727,20.399999618530273,30100,0.0,0.0
2025-03-13 02:40:00+00:00,20.399999618530273,20.399999618530273,20.399999618530273,20.399999618530273,10000,0.0,0.0
2025-03-13 02:45:00+00:00,20.350000381469727,20.350000381469727,20.350000381469727,20.350000381469727,10000,0.0,0.0
2025-03-13 02:50:00+00:00,20.399999618530273,20.399999618530273,20.299999237060547,20.299999237060547,14046,0.0,0.0
2025-03-13 02:55:00+00:00,20.299999237060547,20.299999237060547,20.25,20.299999237060547,40251,0.0,0.0
2025-03-13 03:00:00+00:00,20.299999237060547,20.299999237060547,20.25,20.25,7110,0.0,0.0
2025-03-13 03:05:00+00:00,20.25,20.25,20.25,20.25,6000,0.0,0.0
2025-03-13 03:10:00+00:00,20.25,20.299999237060547,20.25,20.25,23001,0.0,0.0
2025-03-13 03:15:00+00:00,20.25,20.25,20.25,20.25,8001,0.0,0.0
2025-03-13 03:20:00+00:00,20.200000762939453,20.25,20.200000762939453,20.200000762939453,14001,0.0,0.0
2025-03-13 03:30:00+00:00,20.25,20.25,20.25,20.25,2000,0.0,0.0
2025-03-13 03:35:00+00:00,20.25,20.25,20.149999618530273,20.200000762939453,82398,0.0,0.0
2025-03-13 03:40:00+00:00,20.100000381469727,20.200000762939453,20.100000381469727,20.149999618530273,6050,0.0,0.0
2025-03-13 03:45:00+00:00,20.100000381469727,20.149999618530273,20.100000381469727,20.149999618530273,11001,0.0,0.0
2025-03-13 03:50:00+00:00,20.149999618530273,20.149999618530273,20.100000381469727,20.149999618530273,17000,0.0,0.0
2025-03-13 03:55:00+00:00,20.149999618530273,20.149999618530273,20.100000381469727,20.100000381469727,26000,0.0,0.0
2025-03-13 04:00:00+00:00,20.149999618530273,20.200000762939453,20.149999618530273,20.200000762939453,20000,0.0,0.0
2025-03-13 04:05:00+00:00,20.200000762939453,20.200000762939453,20.200000762939453,20.200000762939453,1035,0.0,0.0
2025-03-13 04:10:00+00:00,20.200000762939453,20.200000762939453,20.200000762939453,20.200000762939453,1000,0.0,0.0
2025-03-13 04:15:00+00:00,20.200000762939453,20.200000762939453,20.200000762939453,20.200000762939453,2000,0.0,0.0
2025-03-13 04:20:00+00:00,20.200000762939453,20.200000762939453,20.149999618530273,20.149999618530273,29000,0.0,0.0
2025-03-13 04:25:00+00:00,20.149999618530273,20.149999618530273,20.149999618530273,20.149999618530273,52000,0.0,0.0
2025-03-13 04:30:00+00:00,20.149999618530273,20.149999618530273,20.100000381469727,20.149999618530273,45021,0.0,0.0
2025-03-13 04:35:00+00:00,20.149999618530273,20.149999618530273,20.100000381469727,20.100000381469727,48000,0.0,0.0
2025-03-13 04:40:00+00:00,20.100000381469727,20.100000381469727,20.049999237060547,20.049999237060547,136210,0.0,0.0
2025-03-13 04:45:00+00:00,20.049999237060547,20.100000381469727,20.049999237060547,20.100000381469727,59000,0.0,0.0
2025-03-13 04:50:00+00:00,20.049999237060547,20.100000381469727,20.049999237060547,20.049999237060547,19000,0.0,0.0
2025-03-13 04:55:00+00:00,20.049999237060547,20.049999237060547,20.049999237060547,20.049999237060547,19000,0.0,0.0
2025-03-13 05:00:00+00:00,20.049999237060547,20.049999237060547,20.0,20.049999237060547,29730,0.0,0.0
2025-03-13 05:05:00+00:00,20.049999237060547,20.049999237060547,20.0,20.0,116027,0.0,0.0
2025-03-13 05:10:00+00:00,20.049999237060547,20.049999237060547,19.899999618530273,19.950000762939453,296304,0.0,0.0
2025-03-13 05:15:00+00:00,19.899999618530273,20.0,19.899999618530273,19.950000762939453,21200,0.0,0.0
2025-03-13 05:20:00+00:00,19.950000762939453,19.950000762939453,19.899999618530273,19.899999618530273,81080,0.0,0.0
2025-03-14 01:00:00+00:00,20.0,20.149999618530273,20.0,20.049999237060547,0,0.0,0.0
2025-03-14 01:05:00+00:00,20.049999237060547,20.149999618530273,20.049999237060547,20.149999618530273,122147,0.0,0.0
2025-03-14 01:10:00+00:00,20.149999618530273,20.149999618530273,20.049999237060547,20.049999237060547,47000,0.0,0.0
2025-03-14 01:15:00+00:00,20.100000381469727,20.100000381469727,20.049999237060547,20.049999237060547,38000,0.0,0.0
2025-03-14 01:20:00+00:00,20.049999237060547,20.049999237060547,20.049999237060547,20.049999237060547,14031,0.0,0.0
2025-03-14 01:25:00+00:00,20.049999237060547,20.049999237060547,20.049999237060547,20.049999237060547,20000,0.0,0.0
2025-03-14 01:30:00+00:00,20.049999237060547,20.049999237060547,20.0,20.0,62277,0.0,0.0
2025-03-14 01:35:00+00:00,20.0,20.0,19.950000762939453,19.950000762939453,31060,0.0,0.0
2025-03-14 01:40:00+00:00,19.950000762939453,20.0,19.899999618530273,20.0,68002,0.0,0.0
2025-03-14 01:45:00+00:00,20.0,20.0,20.0,20.0,32005,0.0,0.0
2025-03-14 01:50:00+00:00,20.0,20.0,20.0,20.0,2000,0.0,0.0
2025-03-14 01:55:00+00:00,20.0,20.0,19.899999618530273,19.899999618530273,23040,0.0,0.0
2025-03-14 02:00:00+00:00,19.950000762939453,20.049999237060547,19.950000762939453,20.049999237060547,75748,0.0,0.0
2025-03-14 02:05:00+00:00,19.950000762939453,19.950000762939453,19.950000762939453,19.950000762939453,3100,0.0,0.0
2025-03-14 02:10:00+00:00,19.950000762939453,19.950000762939453,19.899999618530273,19.899999618530273,43000,0.0,0.0
2025-03-14 02:15:00+00:00,19.899999618530273,19.950000762939453,19.899999618530273,19.950000762939453,46000,0.0,0.0
2025-03-14 02:20:00+00:00,19.950000762939453,19.950000762939453,19.950000762939453,19.950000762939453,3000,0.0,0.0
2025-03-14 02:25:00+00:00,19.950000762939453,20.149999618530273,19.950000762939453,20.149999618530273,47000,0.0,0.0
2025-03-14 02:30:00+00:00,20.100000381469727,20.100000381469727,20.100000381469727,20.100000381469727,4000,0.0,0.0
2025-03-14 02:35:00+00:00,20.049999237060547,20.100000381469727,20.049999237060547,20.100000381469727,2000,0.0,0.0
2025-03-14 02:40:00+00:00,20.100000381469727,20.100000381469727,20.100000381469727,20.100000381469727,1000,0.0,0.0
2025-03-14 02:45:00+00:00,20.100000381469727,20.100000381469727,20.049999237060547,20.100000381469727,38000,0.0,0.0
2025-03-14 02:50:00+00:00,20.100000381469727,20.100000381469727,20.100000381469727,20.100000381469727,15001,0.0,0.0
2025-03-14 03:00:00+00:00,20.149999618530273,20.200000762939453,20.149999618530273,20.200000762939453,40000,0.0,0.0
2025-03-14 03:05:00+00:00,20.200000762939453,20.200000762939453,20.149999618530273,20.149999618530273,5000,0.0,0.0
2025-03-14 03:10:00+00:00,20.149999618530273,20.149999618530273,20.149999618530273,20.149999618530273,9000,0.0,0.0
2025-03-14 03:15:00+00:00,20.149999618530273,20.149999618530273,20.149999618530273,20.149999618530273,8000,0.0,0.0
2025-03-14 03:20:00+00:00,20.149999618530273,20.25,20.149999618530273,20.200000762939453,78120,0.0,0.0
2025-03-14 03:30:00+00:00,20.25,20.299999237060547,20.25,20.299999237060547,12002,0.0,0.0
2025-03-14 03:35:00+00:00,20.299999237060547,20.299999237060547,20.299999237060547,20.299999237060547,2000,0.0,0.0
2025-03-14 03:40:00+00:00,20.25,20.299999237060547,20.25,20.25,4000,0.0,0.0
2025-03-14 03:45:00+00:00,20.25,20.25,20.200000762939453,20.200000762939453,16000,0.0,0.0
2025-03-14 03:50:00+00:00,20.200000762939453,20.25,20.200000762939453,20.25,7000,0.0,0.0
2025-03-14 03:55:00+00:00,20.200000762939453,20.200000762939453,20.200000762939453,20.200000762939453,3000,0.0,0.0
2025-03-14 04:00:00+00:00,20.149999618530273,20.149999618530273,20.149999618530273,20.149999618530273,2000,0.0,0.0
2025-03-14 04:05:00+00:00,20.149999618530273,20.149999618530273,20.149999618530273,20.149999618530273,11000,0.0,0.0
2025-03-14 04:10:00+00:00,20.149999618530273,20.149999618530273,20.149999618530273,20.149999618530273,5000,0.0,0.0
2025-03-14 04:15:00+00:00,20.149999618530273,20.149999618530273,20.149999618530273,20.149999618530273,1000,0.0,0.0
2025-03-14 04:20:00+00:00,20.149999618530273,20.200000762939453,20.149999618530273,20.200000762939453,37000,0.0,0.0
2025-03-14 04:25:00+00:00,20.200000762939453,20.200000762939453,20.200000762939453,20.200000762939453,12000,0.0,0.0
2025-03-14 04:30:00+00:00,20.200000762939453,20.200000762939453,20.200000762939453,20.200000762939453,1000,0.0,0.0
2025-03-14 04:35:00+00:00,20.200000762939453,20.299999237060547,20.200000762939453,20.25,163000,0.0,0.0
2025-03-14 04:40:00+00:00,20.25,20.25,20.25,20.25,9040,0.0,0.0
2025-03-14 04:45:00+00:00,20.25,20.25,20.25,20.25,5200,0.0,0.0
2025-03-14 04:50:00+00:00,20.25,20.25,20.25,20.25,8000,0.0,0.0
2025-03-14 04:55:00+00:00,20.25,20.25,20.200000762939453,20.25,5000,0.0,0.0
2025-03-14 05:00:00+00:00,20.25,20.25,20.25,20.25,2000,0.0,0.0
2025-03-14 05:05:00+00:00,20.25,20.299999237060547,20.25,20.299999237060547,6050,0.0,0.0
2025-03-14 05:10:00+00:00,20.25,20.25,20.25,20.25,9001,0.0,0.0
2025-03-14 05:15:00+00:00,20.200000762939453,20.25,20.200000762939453,20.200000762939453,19000,0.0,0.0
2025-03-14 05:20:00+00:00,20.200000762939453,20.25,20.149999618530273,20.149999618530273,18141,0.0,0.0
2025-03-17 01:00:00+00:00,20.350000381469727,20.549999237060547,20.350000381469727,20.450000762939453,0,0.0,0.0
2025-03-17 01:05:00+00:00,20.399999618530273,20.549999237060547,20.399999618530273,20.450000762939453,111249,0.0,0.0
2025-03-17 01:10:00+00:00,20.450000762939453,20.450000762939453,20.399999618530273,20.450000762939453,27028,0.0,0.0
2025-03-17 01:15:00+00:00,20.450000762939453,20.5,20.450000762939453,20.5,10000,0.0,0.0
2025-03-17 01:20:00+00:00,20.450000762939453,20.5,20.399999618530273,20.5,30000,0.0,0.0
2025-03-17 01:25:00+00:00,20.5,20.5,20.399999618530273,20.399999618530273,3001,0.0,0.0
2025-03-17 01:30:00+00:00,20.450000762939453,20.5,20.350000381469727,20.350000381469727,36000,0.0,0.0
2025-03-17 01:35:00+00:00,20.350000381469727,20.350000381469727,20.350000381469727,20.350000381469727,1001,0.0,0.0
2025-03-17 01:40:00+00:00,20.350000381469727,20.5,20.350000381469727,20.5,36000,0.0,0.0
2025-03-17 01:45:00+00:00,20.5,20.549999237060547,20.450000762939453,20.5,20000,0.0,0.0
2025-03-17 01:50:00+00:00,20.5,20.5,20.450000762939453,20.5,5196,0.0,0.0
2025-03-17 01:55:00+00:00,20.5,20.5,20.450000762939453,20.450000762939453,13100,0.0,0.0
2025-03-17 02:00:00+00:00,20.450000762939453,20.5,20.450000762939453,20.450000762939453,5000,0.0,0.0
2025-03-17 02:05:00+00:00,20.450000762939453,20.450000762939453,20.399999618530273,20.399999618530273,9000,0.0,0.0
2025-03-17 02:10:00+00:00,20.399999618530273,20.399999618530273,20.399999618530273,20.399999618530273,13100,0.0,0.0
2025-03-17 02:20:00+00:00,20.399999618530273,20.399999618530273,20.399999618530273,20.399999618530273,2052,0.0,0.0
2025-03-17 02:30:00+00:00,20.450000762939453,20.450000762939453,20.450000762939453,20.450000762939453,13000,0.0,0.0
2025-03-17 02:35:00+00:00,20.5,20.5,20.450000762939453,20.450000762939453,16000,0.0,0.0
2025-03-17 02:40:00+00:00,20.450000762939453,20.450000762939453,20.450000762939453,20.450000762939453,3118,0.0,0.0
2025-03-17 02:45:00+00:00,20.450000762939453,20.450000762939453,20.399999618530273,20.399999618530273,5000,0.0,0.0
2025-03-17 02:50:00+00:00,20.450000762939453,20.450000762939453,20.450000762939453,20.450000762939453,3000,0.0,0.0
2025-03-17 02:55:00+00:00,20.450000762939453,20.450000762939453,20.399999618530273,20.399999618530273,33098,0.0,0.0
2025-03-17 03:00:00+00:00,20.399999618530273,20.399999618530273,20.399999618530273,20.399999618530273,8040,0.0,0.0
2025-03-17 03:05:00+00:00,20.399999618530273,20.399999618530273,20.399999618530273,20.399999618530273,1000,0.0,0.0
2025-03-17 03:15:00+00:00,20.399999618530273,20.399999618530273,20.350000381469727,20.350000381469727,13000,0.0,0.0
2025-03-17 03:20:00+00:00,20.350000381469727,20.350000381469727,20.350000381469727,20.350000381469727,6005,0.0,0.0
2025-03-17 03:25:00+00:00,20.299999237060547,20.350000381469727,20.299999237060547,20.350000381469727,17000,0.0,0.0
2025-03-17 03:35:00+00:00,20.350000381469727,20.350000381469727,20.350000381469727,20.350000381469727,14001,0.0,0.0
2025-03-17 03:45:00+00:00,20.350000381469727,20.399999618530273,20.350000381469727,20.399999618530273,3000,0.0,0.0
2025-03-17 03:50:00+00:00,20.350000381469727,20.350000381469727,20.299999237060547,20.299999237060547,3000,0.0,0.0
2025-03-17 03:55:00+00:00,20.299999237060547,20.350000381469727,20.299999237060547,20.350000381469727,7000,0.0,0.0
2025-03-17 04:05:00+00:00,20.299999237060547,20.299999237060547,20.299999237060547,20.299999237060547,3007,0.0,0.0
2025-03-17 04:10:00+00:00,20.350000381469727,20.350000381469727,20.350000381469727,20.350000381469727,3000,0.0,0.0
2025-03-17 04:15:00+00:00,20.299999237060547,20.350000381469727,20.299999237060547,20.299999237060547,27094,0.0,0.0
2025-03-17 04:20:00+00:00,20.299999237060547,20.299999237060547,20.299999237060547,20.299999237060547,8000,0.0,0.0
2025-03-17 04:25:00+00:00,20.299999237060547,20.299999237060547,20.25,20.25,5000,0.0,0.0
2025-03-17 04:30:00+00:00,20.299999237060547,20.299999237060547,20.25,20.299999237060547,20000,0.0,0.0
2025-03-17 04:35:00+00:00,20.25,20.25,20.25,20.25,1068,0.0,0.0
2025-03-17 04:40:00+00:00,20.350000381469727,20.350000381469727,20.299999237060547,20.299999237060547,16117,0.0,0.0
2025-03-17 04:45:00+00:00,20.350000381469727,20.350000381469727,20.350000381469727,20.350000381469727,5000,0.0,0.0
2025-03-17 04:50:00+00:00,20.350000381469727,20.350000381469727,20.350000381469727,20.350000381469727,2065,0.0,0.0
2025-03-17 04:55:00+00:00,20.350000381469727,20.350000381469727,20.299999237060547,20.350000381469727,7000,0.0,0.0
2025-03-17 05:00:00+00:00,20.350000381469727,20.350000381469727,20.299999237060547,20.299999237060547,4000,0.0,0.0
2025-03-17 05:05:00+00:00,20.25,20.299999237060547,20.200000762939453,20.25,59600,0.0,0.0
2025-03-17 05:10:00+00:00,20.25,20.299999237060547,20.25,20.299999237060547,6925,0.0,0.0
2025-03-17 05:15:00+00:00,20.299999237060547,20.299999237060547,20.299999237060547,20.299999237060547,4000,0.0,0.0
2025-03-17 05:20:00+00:00,20.25,20.350000381469727,20.25,20.25,28015,0.0,0.0
2025-03-18 01:00:00+00:00,20.299999237060547,20.350000381469727,20.25,20.25,0,0.0,0.0
2025-03-18 01:05:00+00:00,20.25,20.350000381469727,20.25,20.299999237060547,18020,0.0,0.0
2025-03-18 01:10:00+00:00,20.350000381469727,20.350000381469727,20.25,20.25,27000,0.0,0.0
2025-03-18 01:15:00+00:00,20.25,20.350000381469727,20.25,20.350000381469727,13150,0.0,0.0
2025-03-18 01:20:00+00:00,20.350000381469727,20.350000381469727,20.350000381469727,20.350000381469727,1000,0.0,0.0
2025-03-18 01:25:00+00:00,20.350000381469727,20.350000381469727,20.299999237060547,20.299999237060547,14001,0.0,0.0
2025-03-18 01:30:00+00:00,20.299999237060547,20.299999237060547,20.299999237060547,20.299999237060547,26090,0.0,0.0
2025-03-18 01:35:00+00:00,20.299999237060547,20.299999237060547,20.25,20.299999237060547,45000,0.0,0.0
2025-03-18 01:40:00+00:00,20.25,20.25,20.25,20.25,17000,0.0,0.0
2025-03-18 01:45:00+00:00,20.299999237060547,20.299999237060547,20.299999237060547,20.299999237060547,4410,0.0,0.0
2025-03-18 01:50:00+00:00,20.25,20.25,20.25,20.25,2000,0.0,0.0
2025-03-18 01:55:00+00:00,20.25,20.25,20.200000762939453,20.200000762939453,11994,0.0,0.0
2025-03-18 02:00:00+00:00,20.200000762939453,20.299999237060547,20.200000762939453,20.299999237060547,35000,0.0,0.0
2025-03-18 02:05:00+00:00,20.25,20.25,20.25,20.25,7200,0.0,0.0
2025-03-18 02:10:00+00:00,20.25,20.299999237060547,20.25,20.299999237060547,6001,0.0,0.0
2025-03-18 02:15:00+00:00,20.299999237060547,20.299999237060547,20.299999237060547,20.299999237060547,1000,0.0,0.0
2025-03-18 02:20:00+00:00,20.299999237060547,20.299999237060547,20.299999237060547,20.299999237060547,8000,0.0,0.0
2025-03-18 02:25:00+00:00,20.25,20.25,20.25,20.25,7000,0.0,0.0
2025-03-18 02:30:00+00:00,20.25,20.25,20.25,20.25,1000,0.0,0.0
2025-03-18 02:35:00+00:00,20.25,20.25,20.25,20.25,2000,0.0,0.0
2025-03-18 02:45:00+00:00,20.25,20.25,20.200000762939453,20.200000762939453,15080,0.0,0.0
2025-03-18 02:50:00+00:00,20.25,20.25,20.200000762939453,20.25,5100,0.0,0.0
2025-03-18 02:55:00+00:00,20.200000762939453,20.25,20.200000762939453,20.25,16000,0.0,0.0
2025-03-18 03:00:00+00:00,20.25,20.25,20.200000762939453,20.200000762939453,7000,0.0,0.0
2025-03-18 03:05:00+00:00,20.200000762939453,20.25,20.200000762939453,20.25,47000,0.0,0.0
2025-03-18 03:10:00+00:00,20.25,20.25,20.200000762939453,20.200000762939453,35000,0.0,0.0
2025-03-18 03:15:00+00:00,20.200000762939453,20.200000762939453,20.200000762939453,20.200000762939453,23000,0.0,0.0
2025-03-18 03:20:00+00:00,20.200000762939453,20.200000762939453,20.200000762939453,20.200000762939453,24021,0.0,0.0
2025-03-18 03:25:00+00:00,20.200000762939453,20.200000762939453,20.149999618530273,20.149999618530273,4012,0.0,0.0
2025-03-18 03:30:00+00:00,20.149999618530273,20.200000762939453,20.149999618530273,20.200000762939453,19001,0.0,0.0
2025-03-18 03:40:00+00:00,20.149999618530273,20.200000762939453,20.149999618530273,20.200000762939453,28000,0.0,0.0
2025-03-18 03:45:00+00:00,20.149999618530273,20.200000762939453,20.149999618530273,20.200000762939453,11001,0.0,0.0
2025-03-18 03:50:00+00:00,20.200000762939453,20.200000762939453,20.200000762939453,20.200000762939453,1000,0.0,0.0
2025-03-18 03:55:00+00:00,20.149999618530273,20.200000762939453,20.149999618530273,20.200000762939453,12000,0.0,0.0
2025-03-18 04:00:00+00:00,20.200000762939453,20.25,20.200000762939453,20.25,23023,0.0,0.0
2025-03-18 04:05:00+00:00,20.200000762939453,20.200000762939453,20.200000762939453,20.200000762939453,7043,0.0,0.0
2025-03-18 04:10:00+00:00,20.200000762939453,20.200000762939453,20.149999618530273,20.149999618530273,14010,0.0,0.0
2025-03-18 04:15:00+00:00,20.149999618530273,20.149999618530273,20.149999618530273,20.149999618530273,7016,0.0,0.0
2025-03-18 04:20:00+00:00,20.149999618530273,20.149999618530273,20.149999618530273,20.149999618530273,16001,0.0,0.0
2025-03-18 04:25:00+00:00,20.149999618530273,20.25,20.149999618530273,20.25,26000,0.0,0.0
2025-03-18 04:30:00+00:00,20.25,20.25,20.200000762939453,20.200000762939453,6000,0.0,0.0
2025-03-18 04:35:00+00:00,20.149999618530273,20.149999618530273,20.149999618530273,20.149999618530273,19001,0.0,0.0
2025-03-18 04:40:00+00:00,20.149999618530273,20.149999618530273,20.149999618530273,20.149999618530273,12000,0.0,0.0
2025-03-18 04:45:00+00:00,20.149999618530273,20.149999618530273,20.149999618530273,20.149999618530273,5000,0.0,0.0
2025-03-18 04:50:00+00:00,20.149999618530273,20.200000762939453,20.100000381469727,20.149999618530273,16000,0.0,0.0
2025-03-18 04:55:00+00:00,20.149999618530273,20.149999618530273,20.100000381469727,20.149999618530273,27000,0.0,0.0
2025-03-18 05:00:00+00:00,20.149999618530273,20.299999237060547,20.149999618530273,20.299999237060547,74029,0.0,0.0
2025-03-18 05:05:00+00:00,20.25,20.25,20.149999618530273,20.149999618530273,11006,0.0,0.0
2025-03-18 05:10:00+00:00,20.149999618530273,20.149999618530273,20.100000381469727,20.100000381469727,21000,0.0,0.0
2025-03-18 05:15:00+00:00,20.100000381469727,20.149999618530273,20.100000381469727,20.100000381469727,37000,0.0,0.0
2025-03-18 05:20:00+00:00,20.149999618530273,20.200000762939453,20.100000381469727,20.200000762939453,18000,0.0,0.0
2025-03-19 01:00:00+00:00,20.25,20.299999237060547,20.200000762939453,20.200000762939453,0,0.0,0.0
2025-03-19 01:05:00+00:00,20.200000762939453,20.200000762939453,20.149999618530273,20.200000762939453,24234,0.0,0.0
2025-03-19 01:10:00+00:00,20.149999618530273,20.149999618530273,20.149999618530273,20.149999618530273,4000,0.0,0.0
2025-03-19 01:15:00+00:00,20.200000762939453,20.25,20.200000762939453,20.200000762939453,8000,0.0,0.0
2025-03-19 01:20:00+00:00,20.200000762939453,20.25,20.149999618530273,20.149999618530273,18010,0.0,0.0
2025-03-19 01:25:00+00:00,20.200000762939453,20.200000762939453,20.200000762939453,20.200000762939453,9007,0.0,0.0
2025-03-19 01:30:00+00:00,20.200000762939453,20.200000762939453,20.200000762939453,20.200000762939453,5000,0.0,0.0
2025-03-19 01:35:00+00:00,20.200000762939453,20.200000762939453,20.200000762939453,20.200000762939453,9000,0.0,0.0
2025-03-19 01:40:00+00:00,20.149999618530273,20.200000762939453,20.100000381469727,20.100000381469727,42051,0.0,0.0
2025-03-19 01:45:00+00:00,20.100000381469727,20.100000381469727,20.100000381469727,20.100000381469727,1000,0.0,0.0
2025-03-19 01:50:00+00:00,20.149999618530273,20.149999618530273,20.100000381469727,20.100000381469727,18000,0.0,0.0
2025-03-19 01:55:00+00:00,20.149999618530273,20.149999618530273,20.149999618530273,20.149999618530273,9000,0.0,0.0
2025-03-19 02:00:00+00:00,20.100000381469727,20.100000381469727,20.100000381469727,20.100000381469727,31242,0.0,0.0
2025-03-19 02:05:00+00:00,20.049999237060547,20.100000381469727,20.049999237060547,20.100000381469727,16000,0.0,0.0
2025-03-19 02:10:00+00:00,20.100000381469727,20.100000381469727,20.049999237060547,20.100000381469727,75000,0.0,0.0
2025-03-19 02:15:00+00:00,20.049999237060547,20.049999237060547,20.0,20.049999237060547,35243,0.0,0.0
2025-03-19 02:20:00+00:00,20.100000381469727,20.100000381469727,20.0,20.0,28000,0.0,0.0
2025-03-19 02:25:00+00:00,20.0,20.049999237060547,20.0,20.049999237060547,6049,0.0,0.0
2025-03-19 02:30:00+00:00,20.049999237060547,20.049999237060547,20.0,20.0,29000,0.0,0.0
2025-03-19 02:35:00+00:00,20.0,20.0,20.0,20.0,98378,0.0,0.0
2025-03-19 02:40:00+00:00,20.0,20.0,19.950000762939453,20.0,31125,0.0,0.0
2025-03-19 02:45:00+00:00,20.0,20.0,20.0,20.0,44062,0.0,0.0
2025-03-19 02:50:00+00:00,20.049999237060547,20.049999237060547,20.049999237060547,20.049999237060547,3050,0.0,0.0
2025-03-19 02:55:00+00:00,20.0,20.049999237060547,20.0,20.049999237060547,24000,0.0,0.0
2025-03-19 03:00:00+00:00,20.049999237060547,20.049999237060547,20.049999237060547,20.049999237060547,7000,0.0,0.0
2025-03-19 03:05:00+00:00,20.100000381469727,20.100000381469727,20.100000381469727,20.100000381469727,19000,0.0,0.0
2025-03-19 03:10:00+00:00,20.100000381469727,20.100000381469727,20.049999237060547,20.049999237060547,6200,0.0,0.0
2025-03-19 03:20:00+00:00,20.100000381469727,20.100000381469727,20.100000381469727,20.100000381469727,1000,0.0,0.0
2025-03-19 03:25:00+00:00,20.049999237060547,20.049999237060547,20.049999237060547,20.049999237060547,27000,0.0,0.0
2025-03-19 03:30:00+00:00,20.049999237060547,20.049999237060547,20.0,20.0,7000,0.0,0.0
2025-03-19 03:35:00+00:00,20.049999237060547,20.049999237060547,20.049999237060547,20.049999237060547,1069,0.0,0.0
2025-03-19 03:40:00+00:00,20.049999237060547,20.049999237060547,20.049999237060547,20.049999237060547,20000,0.0,0.0
2025-03-19 03:45:00+00:00,20.049999237060547,20.049999237060547,20.049999237060547,20.049999237060547,2069,0.0,0.0
2025-03-19 03:50:00+00:00,20.0,20.0,19.950000762939453,20.0,89000,0.0,0.0
2025-03-19 03:55:00+00:00,20.0,20.0,20.0,20.0,7025,0.0,0.0
2025-03-19 04:05:00+00:00,20.0,20.0,20.0,20.0,1100,0.0,0.0
2025-03-19 04:10:00+00:00,20.049999237060547,20.049999237060547,20.0,20.049999237060547,10000,0.0,0.0
2025-03-19 04:15:00+00:00,20.049999237060547,20.049999237060547,20.049999237060547,20.049999237060547,4070,0.0,0.0
2025-03-19 04:20:00+00:00,20.049999237060547,20.049999237060547,20.0,20.049999237060547,5070,0.0,0.0
2025-03-19 04:25:00+00:00,20.0,20.0,20.0,20.0,3000,0.0,0.0
2025-03-19 04:30:00+00:00,20.0,20.0,19.950000762939453,19.950000762939453,61000,0.0,0.0
2025-03-19 04:35:00+00:00,19.950000762939453,20.0,19.950000762939453,19.950000762939453,6810,0.0,0.0
2025-03-19 04:40:00+00:00,20.0,20.0,19.950000762939453,20.0,25000,0.0,0.0
2025-03-19 04:45:00+00:00,19.950000762939453,20.0,19.950000762939453,20.0,12050,0.0,0.0
2025-03-19 04:50:00+00:00,20.0,20.0,20.0,20.0,7001,0.0,0.0
2025-03-19 04:55:00+00:00,19.950000762939453,20.0,19.950000762939453,19.950000762939453,117342,0.0,0.0
2025-03-19 05:00:00+00:00,19.950000762939453,20.0,19.899999618530273,19.950000762939453,47050,0.0,0.0
2025-03-19 05:05:00+00:00,19.950000762939453,19.950000762939453,19.950000762939453,19.950000762939453,18001,0.0,0.0
2025-03-19 05:10:00+00:00,19.950000762939453,20.0,19.950000762939453,20.0,62020,0.0,0.0
2025-03-19 05:15:00+00:00,19.950000762939453,20.0,19.950000762939453,20.0,51020,0.0,0.0
2025-03-19 05:20:00+00:00,20.0,20.049999237060547,19.950000762939453,20.049999237060547,55121,0.0,0.0
2025-03-20 01:00:00+00:00,20.100000381469727,20.200000762939453,20.100000381469727,20.200000762939453,0,0.0,0.0
2025-03-20 01:05:00+00:00,20.200000762939453,20.200000762939453,20.149999618530273,20.149999618530273,13534,0.0,0.0
2025-03-20 01:10:00+00:00,20.149999618530273,20.200000762939453,20.149999618530273,20.200000762939453,59000,0.0,0.0
2025-03-20 01:15:00+00:00,20.149999618530273,20.149999618530273,20.149999618530273,20.149999618530273,28004,0.0,0.0
2025-03-20 01:20:00+00:00,20.149999618530273,20.25,20.149999618530273,20.25,48000,0.0,0.0
2025-03-20 01:25:00+00:00,20.200000762939453,20.200000762939453,20.149999618530273,20.149999618530273,20000,0.0,0.0
2025-03-20 01:30:00+00:00,20.149999618530273,20.149999618530273,20.149999618530273,20.149999618530273,15020,0.0,0.0
2025-03-20 01:35:00+00:00,20.149999618530273,20.149999618530273,20.149999618530273,20.149999618530273,9000,0.0,0.0
2025-03-20 01:40:00+00:00,20.100000381469727,20.100000381469727,20.100000381469727,20.100000381469727,6000,0.0,0.0
2025-03-20 01:45:00+00:00,20.149999618530273,20.149999618530273,20.100000381469727,20.100000381469727,10000,0.0,0.0
2025-03-20 01:50:00+00:00,20.100000381469727,20.100000381469727,20.100000381469727,20.100000381469727,13133,0.0,0.0
2025-03-20 01:55:00+00:00,20.100000381469727,20.149999618530273,20.100000381469727,20.100000381469727,14205,0.0,0.0
2025-03-20 02:00:00+00:00,20.100000381469727,20.100000381469727,20.100000381469727,20.100000381469727,8211,0.0,0.0
2025-03-20 02:05:00+00:00,20.100000381469727,20.100000381469727,20.100000381469727,20.100000381469727,4100,0.0,0.0
2025-03-20 02:10:00+00:00,20.100000381469727,20.100000381469727,20.100000381469727,20.100000381469727,4000,0.0,0.0
2025-03-20 02:15:00+00:00,20.100000381469727,20.149999618530273,20.100000381469727,20.149999618530273,35053,0.0,0.0
2025-03-20 02:20:00+00:00,20.149999618530273,20.149999618530273,20.149999618530273,20.149999618530273,10321,0.0,0.0
2025-03-20 02:25:00+00:00,20.149999618530273,20.200000762939453,20.149999618530273,20.200000762939453,10438,0.0,0.0
2025-03-20 02:30:00+00:00,20.149999618530273,20.149999618530273,20.149999618530273,20.149999618530273,3000,0.0,0.0
2025-03-20 02:35:00+00:00,20.149999618530273,20.149999618530273,20.149999618530273,20.149999618530273,14000,0.0,0.0
2025-03-20 02:40:00+00:00,20.149999618530273,20.149999618530273,20.149999618530273,20.149999618530273,7000,0.0,0.0
2025-03-20 02:45:00+00:00,20.200000762939453,20.25,20.149999618530273,20.149999618530273,52057,0.0,0.0
2025-03-20 02:50:00+00:00,20.149999618530273,20.149999618530273,20.149999618530273,20.149999618530273,6000,0.0,0.0
2025-03-20 02:55:00+00:00,20.149999618530273,20.200000762939453,20.149999618530273,20.200000762939453,8000,0.0,0.0
2025-03-20 03:00:00+00:00,20.149999618530273,20.200000762939453,20.149999618530273,20.149999618530273,8000,0.0,0.0
2025-03-20 03:05:00+00:00,20.200000762939453,20.200000762939453,20.149999618530273,20.200000762939453,13000,0.0,0.0
2025-03-20 03:10:00+00:00,20.200000762939453,20.200000762939453,20.200000762939453,20.200000762939453,34000,0.0,0.0
2025-03-20 03:15:00+00:00,20.25,20.299999237060547,20.25,20.299999237060547,82001,0.0,0.0
2025-03-20 03:20:00+00:00,20.25,20.299999237060547,20.25,20.299999237060547,40000,0.0,0.0
2025-03-20 03:25:00+00:00,20.25,20.25,20.200000762939453,20.200000762939453,21011,0.0,0.0
2025-03-20 03:35:00+00:00,20.200000762939453,20.25,20.200000762939453,20.25,10000,0.0,0.0
2025-03-20 03:40:00+00:00,20.200000762939453,20.25,20.200000762939453,20.25,6000,0.0,0.0
2025-03-20 03:45:00+00:00,20.200000762939453,20.25,20.200000762939453,20.200000762939453,40000,0.0,0.0
2025-03-20 03:50:00+00:00,20.200000762939453,20.200000762939453,20.200000762939453,20.200000762939453,2000,0.0,0.0
2025-03-20 03:55:00+00:00,20.200000762939453,20.200000762939453,20.149999618530273,20.149999618530273,13000,0.0,0.0
2025-03-20 04:00:00+00:00,20.149999618530273,20.149999618530273,20.149999618530273,20.149999618530273,3000,0.0,0.0
2025-03-20 04:05:00+00:00,20.149999618530273,20.149999618530273,20.149999618530273,20.149999618530273,3000,0.0,0.0
2025-03-20 04:10:00+00:00,20.149999618530273,20.149999618530273,20.149999618530273,20.149999618530273,9000,0.0,0.0
2025-03-20 04:15:00+00:00,20.200000762939453,20.200000762939453,20.149999618530273,20.149999618530273,7000,0.0,0.0
2025-03-20 04:20:00+00:00,20.149999618530273,20.200000762939453,20.149999618530273,20.200000762939453,13120,0.0,0.0
2025-03-20 04:25:00+00:00,20.149999618530273,20.149999618530273,20.149999618530273,20.149999618530273,6000,0.0,0.0
2025-03-20 04:30:00+00:00,20.149999618530273,20.149999618530273,20.149999618530273,20.149999618530273,3001,0.0,0.0
2025-03-20 04:35:00+00:00,20.149999618530273,20.149999618530273,20.149999618530273,20.149999618530273,5250,0.0,0.0
2025-03-20 04:40:00+00:00,20.149999618530273,20.149999618530273,20.149999618530273,20.149999618530273,15000,0.0,0.0
2025-03-20 04:45:00+00:00,20.149999618530273,20.149999618530273,20.100000381469727,20.100000381469727,18000,0.0,0.0
2025-03-20 04:50:00+00:00,20.100000381469727,20.100000381469727,20.100000381469727,20.100000381469727,4000,0.0,0.0
2025-03-20 04:55:00+00:00,20.100000381469727,20.149999618530273,20.100000381469727,20.149999618530273,48265,0.0,0.0
2025-03-20 05:00:00+00:00,20.100000381469727,20.100000381469727,20.100000381469727,20.100000381469727,4000,0.0,0.0
2025-03-20 05:05:00+00:00,20.149999618530273,20.200000762939453,20.100000381469727,20.149999618530273,34070,0.0,0.0
2025-03-20 05:10:00+00:00,20.149999618530273,20.149999618530273,20.100000381469727,20.149999618530273,15000,0.0,0.0
2025-03-20 05:15:00+00:00,20.149999618530273,20.149999618530273,20.100000381469727,20.100000381469727,20000,0.0,0.0
2025-03-20 05:20:00+00:00,20.100000381469727,20.149999618530273,20.100000381469727,20.100000381469727,61050,0.0,0.0
